#
# Object file
# Created by SpaceClaim
#

mtllib Vánoční vykrajovátka - stromek.mtl

# Vánoční vykrajovátka\Těleso
v 595.807465046795 -86.4781829268056 13.3969999864742
v 594.456890805386 -85.6203081000139 14.9969999864741
v 594.274652365605 -85.8936268928212 14.9969999864741
v 594.08047650445 -86.1585981108435 14.9969999864741
v 593.874745016805 -86.414700759067 14.9969999864741
v 593.657862418603 -86.6614312801476 14.9969999864741
v 593.430255151452 -86.8983045445221 14.9969999864741
v 593.192370744152 -87.1248548042854 14.9969999864741
v 592.944676932749 -87.3406366089595 14.9969999864741
v 592.687660740861 -87.5452256813527 14.9969999864741
v 592.421827522069 -87.7382197517863 14.9969999864741
v 592.147699966283 -87.9192393490517 14.9969999864741
v 591.865817072004 -88.0879285465379 14.9969999864741
v 591.576733086534 -88.2439556620667 14.9969999864741
v 591.281016416193 -88.3870139100564 14.9969999864741
v 590.979248508702 -88.516822004734 14.9969999864741
v 590.67202270992 -88.633124713208 14.9969999864741
v 590.517920452783 -88.6856889619976 14.9969999864741
v 591.426175611912 -88.8773831794459 14.490314885478
v 592.330259794722 -89.0232393615077 13.9541667244634
v 593.223237827364 -89.1282646367818 13.3969999864741
v 593.726826162902 -88.7645170427074 13.3969999864741
v 594.204147819173 -88.3669273542853 13.3969999864741
v 594.652932875691 -87.9373863237298 13.3969999864741
v 595.071047118809 -87.4779366490243 13.3969999864741
v 595.456502191045 -86.9907632597964 13.3969999864741
v 595.807465046795 -86.4781829268056 13.3969999864742
v 596.88180123245 -84.7868280418676 13.3969999864742
v 594.843651832222 -85.0114203414363 14.9969999864741
v 594.800678384796 -85.0790745368338 14.9969999864741
v 594.456890805386 -85.6203081000139 14.9969999864741
v 601.826626661677 -97.7316534710948 13.3969999864742
v 593.223237827364 -89.1282646367818 13.3969999864741
v 592.330259794722 -89.0232393615077 13.9541667244634
v 591.426175611912 -88.8773831794459 14.490314885478
v 590.517920452783 -88.6856889619976 14.9969999864741
v 599.769322310179 -97.9370908193935 14.9969999864742
v 599.823788986744 -97.9915574959582 14.9969999864742
v 599.474942657981 -98.5906388707153 14.9969999864742
v 600.85760908178 -99.3957684009762 13.3969999864742
v 601.826626661677 -97.7316534710948 13.3969999864742
v 599.823788986744 -97.9915574959582 14.9969999864742
v 599.474942657981 -98.5906388707153 14.9969999864742
v 599.272858564387 -98.9168456726394 14.9969999864742
v 599.053256235542 -99.2315259479512 14.9969999864742
v 598.816791499878 -99.5337399239558 14.9969999864742
v 598.564170544341 -99.8225850577703 14.9969999864741
v 598.296147805401 -100.097198731712 14.9969999864741
v 598.013523715978 -100.356760829451 14.9969999864741
v 597.717142315001 -100.600496185236 14.9969999864741
v 597.407888726735 -100.827676898876 14.9969999864741
v 597.086686517421 -101.03762450957 14.9969999864741
v 596.754494937095 -101.229712022089 14.9969999864741
v 596.412306054855 -101.40336577925 14.9969999864741
v 596.061141796107 -101.558067175117 14.9969999864741
v 595.702050890651 -101.693354203776 14.9969999864741
v 595.336105740713 -101.808822839092 14.9969999864741
v 594.964399218288 -101.904128241306 14.9969999864741
v 594.776421585644 -101.944190094859 14.9969999864741
v 595.74117032172 -102.205177936261 14.4993658855163
v 596.703670756432 -102.40825346786 13.9623713867235
v 597.654891005992 -102.55991781541 13.3969999864741
v 598.140733187406 -102.263241837566 13.3969999864741
v 598.605938790369 -101.935151898614 13.3969999864741
v 599.048479795597 -101.577078275231 13.3969999864741
v 599.466426987946 -101.190581955095 13.3969999864742
v 599.857958366645 -100.777347831911 13.3969999864742
v 600.221367088136 -100.339177360274 13.3969999864742
v 600.555068906891 -99.8779807024043 13.3969999864742
v 600.85760908178 -99.3957684009762 13.3969999864742
v 606.492019162769 -111.397045972186 13.3969999864742
v 597.654891005992 -102.55991781541 13.3969999864741
v 596.703670756432 -102.40825346786 13.9623713867235
v 595.74117032172 -102.205177936261 14.4993658855163
v 594.776421585644 -101.944190094859 14.9969999864741
v 603.982247910528 -111.150016419743 14.9969999864742
v 604.063330287136 -111.231098796351 14.9969999864742
v 603.241111163184 -111.854798005292 14.9969999864742
v 604.20807715179 -113.1295437748 13.3969999864742
v 606.492019162769 -111.397045972186 13.3969999864742
v 604.063330287136 -111.231098796351 14.9969999864742
v 603.241111163184 -111.854798005292 14.9969999864742
v 601.494378124484 -113.086589202501 14.9969999864741
v 599.666323645241 -114.19411016525 14.9969999864741
v 597.765773612866 -115.172013757863 14.9969999864741
v 595.801903924901 -116.015578640194 14.9969999864741
v 593.784196187585 -116.720732062353 14.996999986474
v 591.722391938448 -117.28406952804 14.996999986474
v 589.626445613953 -117.702871231527 14.996999986474
v 587.597192794593 -117.966521283932 14.996999986474
v 589.197192794593 -119.3869975122 13.396999986474
v 591.221170103378 -119.033921261003 13.396999986474
v 593.218663192105 -118.553121566615 13.396999986474
v 595.18162052182 -117.946536446988 13.3969999864741
v 597.102129761065 -117.216610938727 13.3969999864741
v 598.972449679076 -116.366287241581 13.3969999864741
v 599.229362705969 -116.238073102453 13.3969999864741
v 600.785041349304 -115.398992858958 13.3969999864741
v 602.53259853749 -114.318626782272 13.3969999864742
v 604.20807715179 -113.1295437748 13.3969999864742
v 589.197192794593 -126.637753509944 13.3969999864739
v 589.197192794593 -119.3869975122 13.396999986474
v 587.597192794593 -117.966521283932 14.996999986474
v 587.597192794593 -124.937753509944 14.9969999864739
v 587.597192794593 -125.037753509944 14.9969999864739
v 568.197192794594 -126.637753509944 13.3969999864737
v 589.197192794593 -126.637753509944 13.3969999864739
v 587.597192794593 -125.037753509944 14.9969999864739
v 569.797192794594 -125.037753509944 14.9969999864737
v 568.197192794594 -119.3869975122 13.3969999864737
v 568.197192794594 -126.637753509944 13.3969999864737
v 569.797192794594 -125.037753509944 14.9969999864737
v 569.797192794594 -124.937753509944 14.9969999864737
v 569.797192794594 -117.966521283932 14.9969999864737
v 553.186308437397 -113.1295437748 13.3969999864735
v 554.153274426003 -111.854798005292 14.9969999864735
v 553.42241298249 -111.300398708455 14.9969999864735
v 553.33105530205 -111.231098796351 14.9969999864735
v 550.902366426418 -111.397045972186 13.3969999864735
v 553.186308437397 -113.1295437748 13.3969999864735
v 554.861787051697 -114.318626782272 13.3969999864735
v 556.609344239883 -115.398992858958 13.3969999864736
v 558.421935910112 -116.366287241581 13.3969999864736
v 560.292255828122 -117.216610938727 13.3969999864736
v 562.212765067367 -117.946536446988 13.3969999864736
v 564.175722397082 -118.553121566615 13.3969999864737
v 566.173215485809 -119.033921261003 13.3969999864737
v 568.197192794594 -119.3869975122 13.3969999864737
v 569.797192794594 -117.966521283932 14.9969999864737
v 567.767939975234 -117.702871231527 14.9969999864737
v 565.671993650739 -117.28406952804 14.9969999864737
v 563.610189401602 -116.720732062352 14.9969999864737
v 561.592481664285 -116.015578640193 14.9969999864736
v 559.628611976321 -115.172013757863 14.9969999864736
v 557.728061943946 -114.19411016525 14.9969999864736
v 555.900007464703 -113.086589202501 14.9969999864736
v 554.153274426003 -111.854798005292 14.9969999864735
v 559.739494583195 -102.55991781541 13.3969999864736
v 550.902366426418 -111.397045972186 13.3969999864735
v 553.33105530205 -111.231098796351 14.9969999864735
v 562.617964003543 -101.944190094859 14.9969999864737
v 561.653215267467 -102.20517793626 14.4993658855158
v 560.690714832755 -102.40825346786 13.9623713867229
v 556.536776507407 -99.3957684009762 13.3969999864736
v 557.919442931206 -98.5906388707153 14.9969999864736
v 557.609357305639 -98.0581220931531 14.9969999864736
v 557.570596602443 -97.9915574959578 14.9969999864736
v 555.56775892751 -97.7316534710947 13.3969999864736
v 556.536776507407 -99.3957684009762 13.3969999864736
v 556.839316682296 -99.8779807024043 13.3969999864736
v 557.173018501051 -100.339177360274 13.3969999864736
v 557.536427222542 -100.777347831911 13.3969999864736
v 557.927958601241 -101.190581955095 13.3969999864736
v 558.34590579359 -101.577078275231 13.3969999864736
v 558.788446798817 -101.935151898614 13.3969999864736
v 559.253652401781 -102.263241837566 13.3969999864736
v 559.739494583195 -102.55991781541 13.3969999864736
v 560.690714832755 -102.40825346786 13.9623713867229
v 561.653215267467 -102.20517793626 14.4993658855158
v 562.617964003543 -101.944190094859 14.9969999864737
v 562.429986370899 -101.904128241306 14.9969999864737
v 562.058279848473 -101.808822839092 14.9969999864737
v 561.692334698535 -101.693354203776 14.9969999864737
v 561.333243793079 -101.558067175117 14.9969999864737
v 560.982079534331 -101.40336577925 14.9969999864737
v 560.639890652092 -101.229712022088 14.9969999864737
v 560.307699071766 -101.03762450957 14.9969999864737
v 559.986496862451 -100.827676898876 14.9969999864737
v 559.677243274186 -100.600496185236 14.9969999864736
v 559.380861873209 -100.356760829451 14.9969999864736
v 559.098237783786 -100.097198731712 14.9969999864736
v 558.830215044846 -99.8225850577702 14.9969999864736
v 558.577594089309 -99.5337399239557 14.9969999864736
v 558.341129353645 -99.2315259479511 14.9969999864736
v 558.1215270248 -98.9168456726393 14.9969999864736
v 557.919442931206 -98.5906388707153 14.9969999864736
v 564.171147761823 -89.1282646367818 13.3969999864737
v 555.56775892751 -97.7316534710947 13.3969999864736
v 557.570596602443 -97.9915574959578 14.9969999864736
v 566.876465136404 -88.6856889619975 14.9969999864738
v 566.195153643255 -88.8339525318621 14.6200781852223
v 565.515213065464 -88.9557280793626 14.2253959072823
v 561.586920542392 -86.4781829268054 13.3969999864737
v 562.937494783801 -85.6203081000138 14.9969999864737
v 562.593707204391 -85.0790745368336 14.9969999864737
v 562.550733756965 -85.0114203414361 14.9969999864737
v 560.512584356737 -84.7868280418674 13.3969999864737
v 561.586920542392 -86.4781829268054 13.3969999864737
v 561.937883398141 -86.9907632597963 13.3969999864737
v 562.323338470378 -87.4779366490243 13.3969999864737
v 562.741452713495 -87.9373863237297 13.3969999864737
v 563.190237770014 -88.3669273542853 13.3969999864737
v 563.667559426285 -88.7645170427074 13.3969999864737
v 564.171147761823 -89.1282646367818 13.3969999864737
v 565.515213065464 -88.9557280793626 14.2253959072823
v 566.195153643255 -88.8339525318621 14.6200781852223
v 566.876465136404 -88.6856889619975 14.9969999864738
v 566.576445267485 -88.5798278905712 14.9969999864738
v 566.281247164447 -88.4611831766046 14.9969999864738
v 565.991415242734 -88.3299736291415 14.9969999864738
v 565.707484021277 -88.1864412297643 14.9969999864738
v 565.429977136712 -88.0308506863222 14.9969999864738
v 565.159406377674 -87.8634889447472 14.9969999864738
v 564.896270740933 -87.6846646598577 14.9969999864738
v 564.641055511127 -87.4947076261257 14.9969999864737
v 564.394231365781 -87.293968169457 14.9969999864737
v 564.156253507267 -87.0828165011078 14.9969999864737
v 563.927560823303 -86.8616420349261 14.9969999864737
v 563.708575077538 -86.6308526691812 14.9969999864737
v 563.49970013172 -86.3908740343013 14.9969999864737
v 563.30132120088 -86.1421487079108 14.9969999864737
v 563.113804142903 -85.8851353986111 14.9969999864737
v 562.937494783801 -85.6203081000138 14.9969999864737
v 578.697192794593 -66.6022196040109 13.396999986474
v 560.512584356737 -84.7868280418674 13.3969999864737
v 562.550733756965 -85.0114203414361 14.9969999864737
v 578.626482116475 -68.9356719819265 14.996999986474
v 578.697192794593 -68.8649613038079 14.996999986474
v 596.88180123245 -84.7868280418676 13.3969999864742
v 578.697192794593 -66.6022196040109 13.396999986474
v 578.697192794593 -68.8649613038079 14.996999986474
v 594.843651832222 -85.0114203414363 14.9969999864741
v 589.197192794593 -119.3869975122 13.396999986474
v 589.197192794593 -126.637753509944 13.3969999864739
v 589.197192794593 -126.637753509944 9.99699998647466
v 589.197192794593 -119.3869975122 9.99699998647059
v 589.197192794593 -126.637753509944 13.3969999864739
v 568.197192794594 -126.637753509944 13.3969999864737
v 568.197192794594 -126.637753509944 9.99699998647436
v 589.197192794593 -126.637753509944 9.99699998647466
v 568.197192794594 -126.637753509944 13.3969999864737
v 568.197192794594 -119.3869975122 13.3969999864737
v 568.197192794594 -119.3869975122 9.99699998647052
v 568.197192794594 -126.637753509944 9.99699998647436
v 568.197192794594 -119.3869975122 13.3969999864737
v 566.173215485809 -119.033921261003 13.3969999864737
v 564.175722397082 -118.553121566615 13.3969999864737
v 562.212765067367 -117.946536446988 13.3969999864736
v 560.292255828122 -117.216610938727 13.3969999864736
v 558.421935910112 -116.366287241581 13.3969999864736
v 556.609344239883 -115.398992858958 13.3969999864736
v 554.861787051697 -114.318626782272 13.3969999864735
v 553.186308437397 -113.1295437748 13.3969999864735
v 553.186308437397 -113.1295437748 9.99699998646993
v 554.861787051697 -114.318626782272 9.99699998646993
v 556.609344239883 -115.398992858958 9.99699998646993
v 558.421935910112 -116.366287241581 9.99699998646993
v 560.292255828122 -117.216610938727 9.99699998646993
v 562.212765067367 -117.946536446988 9.99699998646993
v 564.175722397082 -118.553121566615 9.99699998646993
v 566.173215485809 -119.033921261003 9.99699998646993
v 568.197192794594 -119.3869975122 9.99699998647052
v 553.186308437397 -113.1295437748 13.3969999864735
v 550.902366426418 -111.397045972186 13.3969999864735
v 550.902366426418 -111.397045972186 9.99699998646991
v 553.186308437397 -113.1295437748 9.99699998646993
v 550.902366426418 -111.397045972186 13.3969999864735
v 559.739494583195 -102.55991781541 13.3969999864736
v 559.739494583195 -102.55991781541 9.99699998646992
v 550.902366426418 -111.397045972186 9.99699998646991
v 559.739494583195 -102.55991781541 13.3969999864736
v 559.253652401781 -102.263241837566 13.3969999864736
v 558.788446798817 -101.935151898614 13.3969999864736
v 558.34590579359 -101.577078275231 13.3969999864736
v 557.927958601241 -101.190581955095 13.3969999864736
v 557.536427222542 -100.777347831911 13.3969999864736
v 557.173018501051 -100.339177360274 13.3969999864736
v 556.839316682296 -99.8779807024043 13.3969999864736
v 556.536776507407 -99.3957684009762 13.3969999864736
v 556.536776507407 -99.3957684009762 9.99699998646993
v 556.839316682296 -99.8779807024042 9.99699998646993
v 557.173018501051 -100.339177360274 9.99699998646993
v 557.536427222542 -100.777347831911 9.99699998646993
v 557.927958601241 -101.190581955095 9.99699998646993
v 558.34590579359 -101.577078275231 9.99699998646993
v 558.788446798817 -101.935151898614 9.99699998646993
v 559.253652401781 -102.263241837566 9.99699998646993
v 559.739494583195 -102.55991781541 9.99699998646992
v 556.536776507407 -99.3957684009762 13.3969999864736
v 555.56775892751 -97.7316534710947 13.3969999864736
v 555.56775892751 -97.7316534710947 9.99699998646991
v 556.536776507407 -99.3957684009762 9.99699998646993
v 555.56775892751 -97.7316534710947 13.3969999864736
v 564.171147761823 -89.1282646367818 13.3969999864737
v 564.171147761823 -89.1282646367818 9.99699998646992
v 555.56775892751 -97.7316534710947 9.99699998646991
v 564.171147761823 -89.1282646367818 13.3969999864737
v 563.667559426285 -88.7645170427074 13.3969999864737
v 563.190237770014 -88.3669273542853 13.3969999864737
v 562.741452713495 -87.9373863237297 13.3969999864737
v 562.323338470378 -87.4779366490243 13.3969999864737
v 561.937883398141 -86.9907632597963 13.3969999864737
v 561.586920542392 -86.4781829268054 13.3969999864737
v 561.586920542392 -86.4781829268054 9.99699998646993
v 561.937883398141 -86.9907632597963 9.99699998646993
v 562.323338470378 -87.4779366490243 9.99699998646993
v 562.741452713496 -87.9373863237298 9.99699998646993
v 563.190237770014 -88.3669273542853 9.99699998646993
v 563.667559426285 -88.7645170427074 9.99699998646993
v 564.171147761823 -89.1282646367818 9.99699998646992
v 561.586920542392 -86.4781829268054 13.3969999864737
v 560.512584356737 -84.7868280418674 13.3969999864737
v 560.512584356737 -84.7868280418674 9.99699998646972
v 561.586920542392 -86.4781829268054 9.99699998646993
v 562.678118094479 -85.0254573601592 14.9969999864737
v 578.697192794593 -69.006382660045 14.996999986474
v 594.716267494707 -85.0254573601593 14.9969999864741
v 594.372479915298 -85.5666909233395 14.9969999864741
v 594.192701381465 -85.8363203818599 14.9969999864741
v 594.001146560945 -86.0977149435184 14.9969999864741
v 593.798192095046 -86.3503606458388 14.9969999864741
v 593.584237039432 -86.5937607286364 14.9969999864741
v 593.359702079479 -86.827436610764 14.9969999864741
v 593.125028703118 -87.0509288311132 14.9969999864741
v 592.880678332764 -87.2637979520225 14.9969999864741
v 592.627131418049 -87.4656254233134 14.9969999864741
v 592.364886491151 -87.6560144052572 14.9969999864741
v 592.094459186563 -87.8345905488547 14.9969999864741
v 591.816381227232 -88.0010027318931 14.9969999864741
v 591.531199379074 -88.1549237493338 14.9969999864741
v 591.239474375898 -88.2960509566735 14.9969999864741
v 590.941779816882 -88.4241068650141 14.9969999864741
v 590.638701038733 -88.5388396866698 14.9969999864741
v 590.330833964789 -88.6400238302408 14.9969999864741
v 590.447209774664 -88.7563996401162 14.9969999864699
v 599.69861163206 -98.007801497512 14.9969999864742
v 599.388526006493 -98.5403182750741 14.9969999864742
v 599.18931986004 -98.8618794568698 14.9969999864742
v 598.97284496138 -99.1720782651726 14.9969999864742
v 598.739747799076 -99.4699883109044 14.9969999864741
v 598.490724503026 -99.7547199045976 14.9969999864741
v 598.22651876552 -100.025422713396 14.9969999864741
v 597.947919620246 -100.281288300521 14.9969999864741
v 597.65575908589 -100.521552539615 14.9969999864741
v 597.350909681369 -100.745497896757 14.9969999864741
v 597.034281820107 -100.952455573336 14.9969999864741
v 596.706821091139 -101.141807503366 14.9969999864741
v 596.369505435177 -101.312988199314 14.9969999864741
v 596.023342224044 -101.46548644088 14.9969999864741
v 595.669365252229 -101.598846801733 14.9969999864741
v 595.308631649519 -101.712671009609 14.9969999864741
v 594.942218723954 -101.806619135726 14.9969999864741
v 594.571220744508 -101.88041060996 14.9969999864741
v 594.705710907526 -102.014900772977 14.99699998647
v 603.911537232409 -111.220727097861 14.9969999864742
v 603.180675788896 -111.775126394698 14.9969999864742
v 601.439621199721 -113.002913165367 14.9969999864741
v 599.617509537645 -114.106833691332 14.9969999864741
v 597.723137998027 -115.081558219905 14.9969999864741
v 595.765652648509 -115.922380759531 14.9969999864741
v 593.754504271603 -116.625241800413 14.996999986474
v 591.699402736103 -117.186747913917 14.996999986474
v 589.610270117621 -117.604188136124 14.996999986474
v 587.497192794593 -117.875547056418 14.996999986474
v 587.497192794593 -117.966521283932 14.9969999864654
v 587.497192794593 -124.937753509944 14.9969999864739
v 569.897192794593 -124.937753509944 14.9969999864737
v 569.897192794593 -117.966521283932 14.9969999864656
v 569.897192794593 -117.875547056418 14.9969999864737
v 567.784115471565 -117.604188136124 14.9969999864737
v 565.694982853084 -117.186747913917 14.9969999864737
v 563.639881317583 -116.625241800413 14.9969999864737
v 561.628732940678 -115.922380759531 14.9969999864736
v 559.67124759116 -115.081558219906 14.9969999864736
v 557.776876051542 -114.106833691332 14.9969999864736
v 555.954764389466 -113.002913165367 14.9969999864736
v 554.213709800291 -111.775126394698 14.9969999864735
v 553.482848356777 -111.220727097861 14.9969999864735
v 562.688674681661 -102.014900772977 14.9969999864699
v 562.823164844679 -101.88041060996 14.9969999864737
v 562.452166865233 -101.806619135726 14.9969999864737
v 562.085753939667 -101.712671009609 14.9969999864737
v 561.725020336958 -101.598846801733 14.9969999864737
v 561.371043365143 -101.46548644088 14.9969999864737
v 561.02488015401 -101.312988199314 14.9969999864737
v 560.687564498047 -101.141807503366 14.9969999864737
v 560.36010376908 -100.952455573336 14.9969999864737
v 560.043475907817 -100.745497896757 14.9969999864737
v 559.738626503297 -100.521552539615 14.9969999864736
v 559.446465968941 -100.281288300521 14.9969999864736
v 559.167866823666 -100.025422713396 14.9969999864736
v 558.90366108616 -99.7547199045976 14.9969999864736
v 558.654637790111 -99.4699883109044 14.9969999864736
v 558.421540627807 -99.1720782651726 14.9969999864736
v 558.205065729146 -98.8618794568698 14.9969999864736
v 558.005859582694 -98.5403182750741 14.9969999864736
v 557.695773957126 -98.007801497512 14.9969999864736
v 567.063551624398 -88.6400238302408 14.9969999864738
v 566.907706691785 -88.5906944083782 14.9969999864738
v 566.611736575823 -88.4862622796032 14.9969999864738
v 566.320523140182 -88.3692190655067 14.9969999864738
v 566.034603451636 -88.2397806215863 14.9969999864738
v 565.754504814025 -88.0981856630884 14.9969999864738
v 565.480743795793 -87.944695324761 14.9969999864738
v 565.213825277306 -87.779592679259 14.9969999864738
v 564.954241519734 -87.6031822150906 14.9969999864738
v 564.702471257206 -87.415789275069 14.9969999864738
v 564.45897881391 -87.2177594563019 14.9969999864737
v 564.224213247767 -87.0094579728292 14.9969999864737
v 563.998607522264 -86.7912689820811 14.9969999864737
v 563.782577707966 -86.5635948764005 14.9969999864737
v 563.57652221518 -86.326855540936 14.9969999864737
v 563.380821059197 -86.081487579274 14.9969999864737
v 563.195835159449 -85.8279435082379 14.9969999864737
v 563.021905673889 -85.5666909233394 14.9969999864737
v 562.550733756965 -85.0114203414361 14.9969999864737
v 562.593707204391 -85.0790745368336 14.9969999864737
v 562.937494783801 -85.6203081000138 14.9969999864737
v 563.113804142903 -85.8851353986111 14.9969999864737
v 563.30132120088 -86.1421487079108 14.9969999864737
v 563.49970013172 -86.3908740343013 14.9969999864737
v 563.708575077538 -86.6308526691812 14.9969999864737
v 563.927560823303 -86.8616420349261 14.9969999864737
v 564.156253507267 -87.0828165011078 14.9969999864737
v 564.394231365781 -87.293968169457 14.9969999864737
v 564.641055511127 -87.4947076261257 14.9969999864737
v 564.896270740933 -87.6846646598577 14.9969999864738
v 565.159406377674 -87.8634889447472 14.9969999864738
v 565.429977136712 -88.0308506863222 14.9969999864738
v 565.707484021277 -88.1864412297643 14.9969999864738
v 565.991415242734 -88.3299736291415 14.9969999864738
v 566.281247164447 -88.4611831766046 14.9969999864738
v 566.576445267485 -88.5798278905712 14.9969999864738
v 566.876465136404 -88.6856889619975 14.9969999864738
v 557.570596602443 -97.9915574959578 14.9969999864736
v 557.609357305639 -98.0581220931531 14.9969999864736
v 557.919442931206 -98.5906388707153 14.9969999864736
v 558.1215270248 -98.9168456726393 14.9969999864736
v 558.341129353645 -99.2315259479511 14.9969999864736
v 558.577594089309 -99.5337399239557 14.9969999864736
v 558.830215044846 -99.8225850577702 14.9969999864736
v 559.098237783786 -100.097198731712 14.9969999864736
v 559.380861873209 -100.356760829451 14.9969999864736
v 559.677243274186 -100.600496185236 14.9969999864736
v 559.986496862451 -100.827676898876 14.9969999864737
v 560.307699071766 -101.03762450957 14.9969999864737
v 560.639890652092 -101.229712022088 14.9969999864737
v 560.982079534331 -101.40336577925 14.9969999864737
v 561.333243793079 -101.558067175117 14.9969999864737
v 561.692334698535 -101.693354203776 14.9969999864737
v 562.058279848473 -101.808822839092 14.9969999864737
v 562.429986370899 -101.904128241306 14.9969999864737
v 562.617964003543 -101.944190094859 14.9969999864737
v 553.33105530205 -111.231098796351 14.9969999864735
v 553.42241298249 -111.300398708455 14.9969999864735
v 554.153274426003 -111.854798005292 14.9969999864735
v 555.900007464703 -113.086589202501 14.9969999864736
v 557.728061943946 -114.19411016525 14.9969999864736
v 559.628611976321 -115.172013757863 14.9969999864736
v 561.592481664285 -116.015578640193 14.9969999864736
v 563.610189401602 -116.720732062352 14.9969999864737
v 565.671993650739 -117.28406952804 14.9969999864737
v 567.767939975234 -117.702871231527 14.9969999864737
v 569.797192794594 -117.966521283932 14.9969999864737
v 569.797192794594 -124.937753509944 14.9969999864737
v 569.797192794594 -125.037753509944 14.9969999864737
v 587.597192794593 -125.037753509944 14.9969999864739
v 587.597192794593 -124.937753509944 14.9969999864739
v 587.597192794593 -117.966521283932 14.996999986474
v 589.626445613953 -117.702871231527 14.996999986474
v 591.722391938448 -117.28406952804 14.996999986474
v 593.784196187585 -116.720732062353 14.996999986474
v 595.801903924901 -116.015578640194 14.9969999864741
v 597.765773612866 -115.172013757863 14.9969999864741
v 599.666323645241 -114.19411016525 14.9969999864741
v 601.494378124484 -113.086589202501 14.9969999864741
v 603.241111163184 -111.854798005292 14.9969999864742
v 604.063330287136 -111.231098796351 14.9969999864742
v 603.982247910528 -111.150016419743 14.9969999864742
v 594.776421585644 -101.944190094859 14.9969999864741
v 594.964399218288 -101.904128241306 14.9969999864741
v 595.336105740713 -101.808822839092 14.9969999864741
v 595.702050890651 -101.693354203776 14.9969999864741
v 596.061141796107 -101.558067175117 14.9969999864741
v 596.412306054855 -101.40336577925 14.9969999864741
v 596.754494937095 -101.229712022089 14.9969999864741
v 597.086686517421 -101.03762450957 14.9969999864741
v 597.407888726735 -100.827676898876 14.9969999864741
v 597.717142315001 -100.600496185236 14.9969999864741
v 598.013523715978 -100.356760829451 14.9969999864741
v 598.296147805401 -100.097198731712 14.9969999864741
v 598.564170544341 -99.8225850577703 14.9969999864741
v 598.816791499878 -99.5337399239558 14.9969999864742
v 599.053256235542 -99.2315259479512 14.9969999864742
v 599.272858564387 -98.9168456726394 14.9969999864742
v 599.474942657981 -98.5906388707153 14.9969999864742
v 599.823788986744 -97.9915574959582 14.9969999864742
v 599.769322310179 -97.9370908193935 14.9969999864742
v 590.517920452783 -88.6856889619976 14.9969999864741
v 590.67202270992 -88.633124713208 14.9969999864741
v 590.979248508702 -88.516822004734 14.9969999864741
v 591.281016416193 -88.3870139100564 14.9969999864741
v 591.576733086534 -88.2439556620667 14.9969999864741
v 591.865817072004 -88.0879285465379 14.9969999864741
v 592.147699966283 -87.9192393490517 14.9969999864741
v 592.421827522069 -87.7382197517863 14.9969999864741
v 592.687660740861 -87.5452256813527 14.9969999864741
v 592.944676932749 -87.3406366089595 14.9969999864741
v 593.192370744152 -87.1248548042854 14.9969999864741
v 593.430255151452 -86.8983045445221 14.9969999864741
v 593.657862418603 -86.6614312801476 14.9969999864741
v 593.874745016805 -86.414700759067 14.9969999864741
v 594.08047650445 -86.1585981108435 14.9969999864741
v 594.274652365605 -85.8936268928212 14.9969999864741
v 594.456890805386 -85.6203081000139 14.9969999864741
v 594.800678384796 -85.0790745368338 14.9969999864741
v 594.843651832222 -85.0114203414363 14.9969999864741
v 578.697192794593 -68.8649613038079 14.996999986474
v 578.626482116475 -68.9356719819265 14.996999986474
v 596.88180123245 -84.7868280418676 13.3969999864742
v 595.807465046795 -86.4781829268056 13.3969999864742
v 595.807465046795 -86.4781829268056 9.99699998646993
v 596.88180123245 -84.7868280418676 9.99699998646976
v 595.807465046795 -86.4781829268056 13.3969999864742
v 595.456502191045 -86.9907632597964 13.3969999864741
v 595.071047118809 -87.4779366490243 13.3969999864741
v 594.652932875691 -87.9373863237298 13.3969999864741
v 594.204147819173 -88.3669273542853 13.3969999864741
v 593.726826162902 -88.7645170427074 13.3969999864741
v 593.223237827364 -89.1282646367818 13.3969999864741
v 593.223237827364 -89.1282646367818 9.99699998646994
v 593.726826162902 -88.7645170427074 9.99699998646993
v 594.204147819173 -88.3669273542853 9.99699998646993
v 594.652932875691 -87.9373863237298 9.99699998646993
v 595.071047118809 -87.4779366490243 9.99699998646993
v 595.456502191045 -86.9907632597963 9.99699998646993
v 595.807465046795 -86.4781829268056 9.99699998646993
v 593.223237827364 -89.1282646367818 13.3969999864741
v 601.826626661677 -97.7316534710948 13.3969999864742
v 601.826626661677 -97.7316534710948 9.99699998646995
v 593.223237827364 -89.1282646367818 9.99699998646994
v 601.826626661677 -97.7316534710948 13.3969999864742
v 600.85760908178 -99.3957684009762 13.3969999864742
v 600.85760908178 -99.3957684009762 9.99699998646993
v 601.826626661677 -97.7316534710948 9.99699998646995
v 600.85760908178 -99.3957684009762 13.3969999864742
v 600.555068906891 -99.8779807024043 13.3969999864742
v 600.221367088136 -100.339177360274 13.3969999864742
v 599.857958366645 -100.777347831911 13.3969999864742
v 599.466426987946 -101.190581955095 13.3969999864742
v 599.048479795597 -101.577078275231 13.3969999864741
v 598.605938790369 -101.935151898614 13.3969999864741
v 598.140733187406 -102.263241837566 13.3969999864741
v 597.654891005992 -102.55991781541 13.3969999864741
v 597.654891005992 -102.55991781541 9.99699998646994
v 598.140733187406 -102.263241837566 9.99699998646993
v 598.605938790369 -101.935151898614 9.99699998646993
v 599.048479795597 -101.577078275231 9.99699998646993
v 599.466426987945 -101.190581955095 9.99699998646993
v 599.857958366645 -100.777347831911 9.99699998646993
v 600.221367088136 -100.339177360274 9.99699998646993
v 600.555068906891 -99.8779807024042 9.99699998646993
v 600.85760908178 -99.3957684009762 9.99699998646993
v 597.654891005992 -102.55991781541 13.3969999864741
v 606.492019162769 -111.397045972186 13.3969999864742
v 606.492019162769 -111.397045972186 9.99699998646996
v 597.654891005992 -102.55991781541 9.99699998646994
v 606.492019162769 -111.397045972186 13.3969999864742
v 604.20807715179 -113.1295437748 13.3969999864742
v 604.20807715179 -113.1295437748 9.99699998646993
v 606.492019162769 -111.397045972186 9.99699998646996
v 604.20807715179 -113.1295437748 13.3969999864742
v 602.53259853749 -114.318626782272 13.3969999864742
v 600.785041349304 -115.398992858958 13.3969999864741
v 599.229362705969 -116.238073102453 13.3969999864741
v 598.972449679076 -116.366287241581 13.3969999864741
v 597.102129761065 -117.216610938727 13.3969999864741
v 595.18162052182 -117.946536446988 13.3969999864741
v 593.218663192105 -118.553121566615 13.396999986474
v 591.221170103378 -119.033921261003 13.396999986474
v 589.197192794593 -119.3869975122 13.396999986474
v 589.197192794593 -119.3869975122 9.99699998647059
v 591.221170103378 -119.033921261003 9.99699998646993
v 593.218663192105 -118.553121566615 9.99699998646993
v 595.18162052182 -117.946536446988 9.99699998646993
v 597.102129761065 -117.216610938727 9.99699998646993
v 598.972449679075 -116.366287241581 9.99699998646993
v 600.785041349304 -115.398992858958 9.99699998646993
v 602.53259853749 -114.318626782272 9.99699998646993
v 604.20807715179 -113.1295437748 9.99699998646993
v 560.512584356737 -84.7868280418674 13.3969999864737
v 578.697192794593 -66.6022196040109 13.396999986474
v 578.697192794593 -66.6022196040109 9.99699998647447
v 560.512584356737 -84.7868280418674 9.99699998646972
v 578.697192794593 -66.6022196040109 13.396999986474
v 596.88180123245 -84.7868280418676 13.3969999864742
v 596.88180123245 -84.7868280418676 9.99699998646976
v 578.697192794593 -66.6022196040109 9.99699998647447
v 569.897192794593 -124.937753509944 14.9969999864737
v 587.497192794593 -124.937753509944 14.9969999864739
v 587.497192794593 -124.937753509944 24.9969999864739
v 569.897192794593 -124.937753509944 24.9969999864737
v 587.497192794593 -124.937753509944 14.9969999864739
v 587.497192794593 -117.966521283932 14.9969999864654
v 587.497192794593 -117.875547056418 14.996999986474
v 587.497192794593 -117.875547056418 24.9969999864739
v 587.497192794593 -124.937753509944 24.9969999864739
v 587.497192794593 -117.875547056418 14.996999986474
v 589.610270117621 -117.604188136124 14.996999986474
v 591.699402736103 -117.186747913917 14.996999986474
v 593.754504271603 -116.625241800413 14.996999986474
v 595.765652648509 -115.922380759531 14.9969999864741
v 597.723137998027 -115.081558219905 14.9969999864741
v 599.617509537645 -114.106833691332 14.9969999864741
v 601.439621199721 -113.002913165367 14.9969999864741
v 603.180675788896 -111.775126394698 14.9969999864742
v 603.180675788896 -111.775126394698 24.9969999864742
v 601.43962119972 -113.002913165367 24.9969999864699
v 599.617509537645 -114.106833691332 24.9969999864699
v 597.723137998027 -115.081558219906 24.9969999864699
v 595.765652648509 -115.922380759531 24.9969999864699
v 593.754504271603 -116.625241800413 24.9969999864699
v 591.699402736103 -117.186747913917 24.9969999864699
v 589.610270117621 -117.604188136124 24.9969999864699
v 587.497192794593 -117.875547056418 24.9969999864739
v 603.180675788896 -111.775126394698 14.9969999864742
v 603.911537232409 -111.220727097861 14.9969999864742
v 603.911537232409 -111.220727097861 24.9969999864742
v 603.180675788896 -111.775126394698 24.9969999864742
v 603.911537232409 -111.220727097861 14.9969999864742
v 594.705710907526 -102.014900772977 14.99699998647
v 594.571220744508 -101.88041060996 14.9969999864741
v 594.571220744508 -101.88041060996 24.9969999864741
v 603.911537232409 -111.220727097861 24.9969999864742
v 594.571220744508 -101.88041060996 14.9969999864741
v 594.942218723954 -101.806619135726 14.9969999864741
v 595.308631649519 -101.712671009609 14.9969999864741
v 595.669365252229 -101.598846801733 14.9969999864741
v 596.023342224044 -101.46548644088 14.9969999864741
v 596.369505435177 -101.312988199314 14.9969999864741
v 596.706821091139 -101.141807503366 14.9969999864741
v 597.034281820107 -100.952455573336 14.9969999864741
v 597.350909681369 -100.745497896757 14.9969999864741
v 597.65575908589 -100.521552539615 14.9969999864741
v 597.947919620246 -100.281288300521 14.9969999864741
v 598.22651876552 -100.025422713396 14.9969999864741
v 598.490724503026 -99.7547199045976 14.9969999864741
v 598.739747799076 -99.4699883109044 14.9969999864741
v 598.97284496138 -99.1720782651726 14.9969999864742
v 599.18931986004 -98.8618794568698 14.9969999864742
v 599.388526006493 -98.5403182750741 14.9969999864742
v 599.388526006493 -98.5403182750741 24.9969999864742
v 599.140874120147 -98.9345065915609 24.9969999864699
v 598.867286135099 -99.3111569600757 24.9969999864699
v 598.568999559091 -99.6685656956137 24.9969999864699
v 598.247363617849 -100.005116147949 24.9969999864699
v 597.903833152192 -100.319286014152 24.9969999864699
v 597.539962037415 -100.609654224355 24.9969999864699
v 597.157396154722 -100.874907369605 24.9969999864699
v 596.757865946487 -101.11384564275 24.9969999864699
v 596.343178589026 -101.325388265468 24.9969999864699
v 595.915209818275 -101.508578376903 24.9969999864699
v 595.475895445371 -101.662587361788 24.9969999864699
v 595.02722260048 -101.786718598481 24.9969999864699
v 594.571220744508 -101.88041060996 24.9969999864741
v 599.388526006493 -98.5403182750741 14.9969999864742
v 599.69861163206 -98.007801497512 14.9969999864742
v 599.69861163206 -98.0078014975121 24.9969999864742
v 599.388526006493 -98.5403182750741 24.9969999864742
v 599.69861163206 -98.007801497512 14.9969999864742
v 590.447209774664 -88.7563996401162 14.9969999864699
v 590.330833964789 -88.6400238302408 14.9969999864741
v 590.330833964789 -88.6400238302408 24.9969999864741
v 599.69861163206 -98.0078014975121 24.9969999864742
v 590.330833964789 -88.6400238302408 14.9969999864741
v 590.638701038733 -88.5388396866698 14.9969999864741
v 590.941779816882 -88.4241068650141 14.9969999864741
v 591.239474375898 -88.2960509566735 14.9969999864741
v 591.531199379074 -88.1549237493338 14.9969999864741
v 591.816381227232 -88.0010027318931 14.9969999864741
v 592.094459186563 -87.8345905488547 14.9969999864741
v 592.364886491151 -87.6560144052572 14.9969999864741
v 592.627131418049 -87.4656254233134 14.9969999864741
v 592.880678332764 -87.2637979520225 14.9969999864741
v 593.125028703118 -87.0509288311132 14.9969999864741
v 593.359702079479 -86.827436610764 14.9969999864741
v 593.584237039432 -86.5937607286364 14.9969999864741
v 593.798192095046 -86.3503606458388 14.9969999864741
v 594.001146560945 -86.0977149435184 14.9969999864741
v 594.192701381465 -85.8363203818599 14.9969999864741
v 594.372479915298 -85.5666909233395 14.9969999864741
v 594.372479915298 -85.5666909233395 24.9969999864741
v 594.107068770145 -85.9561882261878 24.9969999864699
v 593.817103224725 -86.3277675681417 24.9969999864699
v 593.503789304415 -86.6798834755315 24.9969999864699
v 593.168430145204 -87.0110714270502 24.9969999864699
v 592.812420573695 -87.3199539449938 24.9969999864699
v 592.437241305731 -87.6052463244701 24.9969999864699
v 592.044452787802 -87.865761976746 24.9969999864699
v 591.635688706833 -88.10041736451 24.9969999864699
v 591.212649195346 -88.3082365085236 24.9969999864699
v 590.777093760269 -88.4883550469162 24.9969999864699
v 590.330833964789 -88.6400238302408 24.9969999864741
v 594.372479915298 -85.5666909233395 14.9969999864741
v 594.716267494707 -85.0254573601593 14.9969999864741
v 594.716267494707 -85.0254573601593 24.9969999864741
v 594.372479915298 -85.5666909233395 24.9969999864741
v 569.897192794593 -117.875547056418 14.9969999864737
v 569.897192794593 -117.966521283932 14.9969999864656
v 569.897192794593 -124.937753509944 14.9969999864737
v 569.897192794593 -124.937753509944 24.9969999864737
v 569.897192794593 -117.875547056418 24.9969999864737
v 554.213709800291 -111.775126394698 14.9969999864735
v 555.954764389466 -113.002913165367 14.9969999864736
v 557.776876051542 -114.106833691332 14.9969999864736
v 559.67124759116 -115.081558219906 14.9969999864736
v 561.628732940678 -115.922380759531 14.9969999864736
v 563.639881317583 -116.625241800413 14.9969999864737
v 565.694982853084 -117.186747913917 14.9969999864737
v 567.784115471565 -117.604188136124 14.9969999864737
v 569.897192794593 -117.875547056418 14.9969999864737
v 569.897192794593 -117.875547056418 24.9969999864737
v 567.784115471565 -117.604188136124 24.9969999864699
v 565.694982853084 -117.186747913917 24.9969999864699
v 563.639881317583 -116.625241800413 24.9969999864699
v 561.628732940678 -115.922380759531 24.9969999864699
v 559.67124759116 -115.081558219906 24.9969999864699
v 557.776876051542 -114.106833691332 24.9969999864699
v 555.954764389466 -113.002913165367 24.9969999864699
v 554.21370980029 -111.775126394698 24.9969999864735
v 553.482848356777 -111.220727097861 14.9969999864735
v 554.213709800291 -111.775126394698 14.9969999864735
v 554.21370980029 -111.775126394698 24.9969999864735
v 553.482848356777 -111.220727097861 24.9969999864735
v 562.823164844679 -101.88041060996 14.9969999864737
v 562.688674681661 -102.014900772977 14.9969999864699
v 553.482848356777 -111.220727097861 14.9969999864735
v 553.482848356777 -111.220727097861 24.9969999864735
v 562.823164844678 -101.88041060996 24.9969999864737
v 558.005859582694 -98.5403182750741 14.9969999864736
v 558.205065729146 -98.8618794568698 14.9969999864736
v 558.421540627807 -99.1720782651726 14.9969999864736
v 558.654637790111 -99.4699883109044 14.9969999864736
v 558.90366108616 -99.7547199045976 14.9969999864736
v 559.167866823666 -100.025422713396 14.9969999864736
v 559.446465968941 -100.281288300521 14.9969999864736
v 559.738626503297 -100.521552539615 14.9969999864736
v 560.043475907817 -100.745497896757 14.9969999864737
v 560.36010376908 -100.952455573336 14.9969999864737
v 560.687564498047 -101.141807503366 14.9969999864737
v 561.02488015401 -101.312988199314 14.9969999864737
v 561.371043365143 -101.46548644088 14.9969999864737
v 561.725020336958 -101.598846801733 14.9969999864737
v 562.085753939667 -101.712671009609 14.9969999864737
v 562.452166865233 -101.806619135726 14.9969999864737
v 562.823164844679 -101.88041060996 14.9969999864737
v 562.823164844678 -101.88041060996 24.9969999864737
v 562.367162988706 -101.786718598481 24.9969999864699
v 561.918490143815 -101.662587361788 24.9969999864699
v 561.479175770911 -101.508578376903 24.9969999864699
v 561.051207000161 -101.325388265468 24.9969999864699
v 560.636519642699 -101.113845642749 24.9969999864699
v 560.236989434465 -100.874907369605 24.9969999864699
v 559.854423551772 -100.609654224355 24.9969999864699
v 559.490552436995 -100.319286014152 24.9969999864699
v 559.147021971337 -100.005116147949 24.9969999864699
v 558.825386030096 -99.6685656956137 24.9969999864699
v 558.527099454088 -99.3111569600757 24.9969999864699
v 558.253511469039 -98.9345065915609 24.9969999864699
v 558.005859582694 -98.5403182750741 24.9969999864736
v 557.695773957126 -98.007801497512 14.9969999864736
v 558.005859582694 -98.5403182750741 14.9969999864736
v 558.005859582694 -98.5403182750741 24.9969999864736
v 557.695773957126 -98.007801497512 24.9969999864736
v 567.063551624398 -88.6400238302408 14.9969999864738
v 557.695773957126 -98.007801497512 14.9969999864736
v 557.695773957126 -98.007801497512 24.9969999864736
v 567.063551624398 -88.6400238302408 24.9969999864738
v 563.021905673889 -85.5666909233394 14.9969999864737
v 563.195835159449 -85.8279435082379 14.9969999864737
v 563.380821059197 -86.081487579274 14.9969999864737
v 563.57652221518 -86.326855540936 14.9969999864737
v 563.782577707966 -86.5635948764005 14.9969999864737
v 563.998607522264 -86.7912689820811 14.9969999864737
v 564.224213247767 -87.0094579728292 14.9969999864737
v 564.45897881391 -87.2177594563019 14.9969999864737
v 564.702471257206 -87.415789275069 14.9969999864738
v 564.954241519734 -87.6031822150906 14.9969999864738
v 565.213825277306 -87.779592679259 14.9969999864738
v 565.480743795793 -87.944695324761 14.9969999864738
v 565.754504814025 -88.0981856630884 14.9969999864738
v 566.034603451636 -88.2397806215863 14.9969999864738
v 566.320523140182 -88.3692190655067 14.9969999864738
v 566.611736575823 -88.4862622796032 14.9969999864738
v 566.907706691785 -88.5906944083782 14.9969999864738
v 567.063551624398 -88.6400238302408 14.9969999864738
v 567.063551624398 -88.6400238302408 24.9969999864738
v 566.617291828917 -88.4883550469162 24.9969999864699
v 566.181736393841 -88.3082365085236 24.9969999864699
v 565.758696882354 -88.10041736451 24.9969999864699
v 565.349932801385 -87.8657619767459 24.9969999864699
v 564.957144283456 -87.6052463244701 24.9969999864699
v 564.581965015491 -87.3199539449938 24.9969999864699
v 564.225955443982 -87.0110714270501 24.9969999864699
v 563.890596284772 -86.6798834755314 24.9969999864699
v 563.577282364461 -86.3277675681416 24.9969999864699
v 563.287316819041 -85.9561882261877 24.9969999864699
v 563.021905673889 -85.5666909233394 24.9969999864737
v 562.678118094479 -85.0254573601592 14.9969999864737
v 563.021905673889 -85.5666909233394 14.9969999864737
v 563.021905673889 -85.5666909233394 24.9969999864737
v 562.678118094479 -85.0254573601592 24.9969999864737
v 578.697192794593 -69.006382660045 14.996999986474
v 562.678118094479 -85.0254573601592 14.9969999864737
v 562.678118094479 -85.0254573601592 24.9969999864737
v 578.697192794593 -69.0063826600451 24.996999986474
v 594.716267494707 -85.0254573601593 14.9969999864741
v 578.697192794593 -69.006382660045 14.996999986474
v 578.697192794593 -69.0063826600451 24.996999986474
v 594.716267494707 -85.0254573601593 24.9969999864741
v 586.697192794593 -117.137753509944 24.9969999864739
v 588.612659234752 -116.943960769239 24.9969999864699
v 590.511656341086 -116.627137001412 24.9969999864699
v 592.386290150523 -116.188599214855 24.9969999864699
v 594.228767976063 -115.630170372371 24.9969999864699
v 596.031430800287 -114.954171813287 24.9969999864699
v 597.786785113218 -114.163413603844 24.9969999864699
v 599.487534062174 -113.261182856004 24.9969999864699
v 601.126607784147 -112.251230063216 24.9969999864699
v 602.697192794593 -111.137753509944 24.9969999864742
v 602.697192794593 -111.137753509944 9.99699998646993
v 601.126607784147 -112.251230063216 9.99699998646993
v 599.487534062174 -113.261182856004 9.99699998646993
v 597.786785113218 -114.163413603844 9.99699998646993
v 596.031430800288 -114.954171813287 9.99699998646993
v 594.228767976063 -115.630170372371 9.99699998646993
v 592.386290150523 -116.188599214855 9.99699998646993
v 590.511656341086 -116.627137001412 9.99699998646993
v 588.612659234752 -116.943960769239 9.99699998646993
v 586.697192794593 -117.137753509944 9.99699998646993
v 602.697192794593 -111.137753509944 24.9969999864742
v 592.697192794593 -101.137753509944 24.9969999864741
v 592.697192794593 -101.137753509944 9.99699998646993
v 602.697192794593 -111.137753509944 9.99699998646993
v 592.697192794593 -101.137753509944 24.9969999864741
v 593.113317321521 -101.171989259419 24.9969999864699
v 593.530807642699 -101.17778064747 24.9969999864699
v 593.947721698565 -101.155100734023 24.9969999864699
v 594.362120110198 -101.104055020308 24.9969999864699
v 594.772075200819 -101.024880958097 24.9969999864699
v 595.175679962855 -100.917946845137 24.9969999864699
v 595.571056928859 -100.783750111921 24.9969999864699
v 595.956366905015 -100.622915007769 24.9969999864699
v 596.3298175266 -100.436189696976 24.9969999864699
v 596.689671595615 -100.224442778543 24.9969999864699
v 597.034255161791 -99.9886592456687 24.9969999864699
v 597.36196530938 -99.7299359038161 24.9969999864699
v 597.671277613522 -99.4494762686461 24.9969999864699
v 597.960753231474 -99.1485849675686 24.9969999864699
v 598.229045595751 -98.8286616709439 24.9969999864699
v 598.474906678017 -98.4911945811708 24.9969999864699
v 598.697192794593 -98.1377535099437 24.9969999864742
v 598.697192794593 -98.1377535099437 9.99699998646993
v 598.474906678017 -98.4911945811707 9.99699998646993
v 598.229045595751 -98.8286616709439 9.99699998646993
v 597.960753231474 -99.1485849675685 9.99699998646993
v 597.671277613522 -99.4494762686461 9.99699998646993
v 597.361965309381 -99.729935903816 9.99699998646993
v 597.034255161791 -99.9886592456687 9.99699998646993
v 596.689671595615 -100.224442778543 9.99699998646993
v 596.329817526601 -100.436189696976 9.99699998646993
v 595.956366905015 -100.622915007769 9.99699998646993
v 595.57105692886 -100.783750111921 9.99699998646993
v 595.175679962855 -100.917946845137 9.99699998646993
v 594.772075200819 -101.024880958097 9.99699998646993
v 594.362120110198 -101.104055020308 9.99699998646993
v 593.947721698565 -101.155100734023 9.99699998646993
v 593.530807642699 -101.17778064747 9.99699998646993
v 593.113317321521 -101.171989259419 9.99699998646993
v 592.697192794593 -101.137753509944 9.99699998646993
v 598.697192794593 -98.1377535099437 24.9969999864742
v 588.697192794593 -88.1377535099437 24.9969999864741
v 588.697192794593 -88.1377535099436 9.99699998646993
v 598.697192794593 -98.1377535099437 9.99699998646993
v 588.697192794593 -88.1377535099437 24.9969999864741
v 589.1264040339 -88.0907332681923 24.9969999864699
v 589.55155301271 -88.0153572978909 24.9969999864699
v 589.970768520774 -87.9119573516608 24.9969999864699
v 590.382205462857 -87.7809885241832 24.9969999864699
v 590.784052979564 -87.6230272491894 24.9969999864699
v 591.174542417485 -87.4387687624 24.9969999864699
v 591.551955113575 -87.2290240415804 24.9969999864699
v 591.914629959517 -86.9947162371807 24.9969999864699
v 592.260970712765 -86.7368766092691 24.9969999864699
v 592.589453022092 -86.4566399886419 24.9969999864699
v 592.898631136729 -86.1552397820873 24.9969999864699
v 593.187144269551 -85.8340025437863 24.9969999864699
v 593.453722586315 -85.4943421367432 24.9969999864699
v 593.697192794593 -85.1377535099437 24.9969999864741
v 593.697192794593 -85.1377535099436 9.99699998646993
v 593.453722586316 -85.4943421367432 9.99699998646993
v 593.187144269551 -85.8340025437862 9.99699998646993
v 592.898631136729 -86.1552397820872 9.99699998646993
v 592.589453022093 -86.4566399886418 9.99699998646993
v 592.260970712765 -86.736876609269 9.99699998646993
v 591.914629959517 -86.9947162371807 9.99699998646993
v 591.551955113575 -87.2290240415804 9.99699998646993
v 591.174542417485 -87.4387687623999 9.99699998646993
v 590.784052979565 -87.6230272491894 9.99699998646993
v 590.382205462857 -87.7809885241831 9.99699998646993
v 589.970768520774 -87.9119573516607 9.99699998646993
v 589.55155301271 -88.0153572978909 9.99699998646993
v 589.1264040339 -88.0907332681923 9.99699998646993
v 588.697192794593 -88.1377535099436 9.99699998646993
v 593.697192794593 -85.1377535099437 24.9969999864741
v 578.697192794593 -70.1377535099436 24.996999986474
v 578.697192794593 -70.1377535099436 9.99699998647398
v 593.697192794593 -85.1377535099436 9.99699998646993
v 578.697192794593 -70.1377535099436 24.996999986474
v 563.697192794593 -85.1377535099436 24.9969999864737
v 563.697192794593 -85.1377535099435 9.99699998646993
v 578.697192794593 -70.1377535099436 9.99699998647398
v 563.697192794593 -85.1377535099436 24.9969999864737
v 563.940663002871 -85.4943421367431 24.9969999864699
v 564.207241319636 -85.8340025437862 24.9969999864699
v 564.495754452457 -86.1552397820872 24.9969999864699
v 564.804932567094 -86.4566399886418 24.9969999864699
v 565.133414876422 -86.736876609269 24.9969999864699
v 565.479755629669 -86.9947162371807 24.9969999864699
v 565.842430475611 -87.2290240415804 24.9969999864699
v 566.219843171701 -87.4387687623999 24.9969999864699
v 566.610332609622 -87.6230272491894 24.9969999864699
v 567.01218012633 -87.7809885241832 24.9969999864699
v 567.423617068413 -87.9119573516608 24.9969999864699
v 567.842832576477 -88.015357297891 24.9969999864699
v 568.267981555286 -88.0907332681923 24.9969999864699
v 568.697192794593 -88.1377535099437 24.9969999864738
v 568.697192794593 -88.1377535099436 9.99699998646993
v 568.267981555287 -88.0907332681923 9.99699998646993
v 567.842832576477 -88.0153572978909 9.99699998646993
v 567.423617068413 -87.9119573516607 9.99699998646993
v 567.01218012633 -87.7809885241831 9.99699998646993
v 566.610332609622 -87.6230272491893 9.99699998646993
v 566.219843171701 -87.4387687623999 9.99699998646993
v 565.842430475611 -87.2290240415803 9.99699998646993
v 565.479755629669 -86.9947162371806 9.99699998646993
v 565.133414876422 -86.736876609269 9.99699998646993
v 564.804932567094 -86.4566399886417 9.99699998646993
v 564.495754452457 -86.1552397820872 9.99699998646993
v 564.207241319636 -85.8340025437861 9.99699998646993
v 563.940663002871 -85.4943421367431 9.99699998646993
v 563.697192794593 -85.1377535099435 9.99699998646993
v 568.697192794593 -88.1377535099437 24.9969999864738
v 558.697192794593 -98.1377535099437 24.9969999864736
v 558.697192794593 -98.1377535099436 9.99699998646993
v 568.697192794593 -88.1377535099436 9.99699998646993
v 558.697192794593 -98.1377535099437 24.9969999864736
v 558.91947891117 -98.4911945811707 24.9969999864699
v 559.165339993435 -98.8286616709439 24.9969999864699
v 559.433632357713 -99.1485849675685 24.9969999864699
v 559.723107975665 -99.4494762686461 24.9969999864699
v 560.032420279806 -99.729935903816 24.9969999864699
v 560.360130427396 -99.9886592456687 24.9969999864699
v 560.704713993571 -100.224442778543 24.9969999864699
v 561.064568062586 -100.436189696976 24.9969999864699
v 561.438018684171 -100.622915007769 24.9969999864699
v 561.823328660327 -100.783750111921 24.9969999864699
v 562.218705626332 -100.917946845137 24.9969999864699
v 562.622310388368 -101.024880958097 24.9969999864699
v 563.032265478988 -101.104055020308 24.9969999864699
v 563.446663890622 -101.155100734023 24.9969999864699
v 563.863577946488 -101.17778064747 24.9969999864699
v 564.281068267666 -101.171989259419 24.9969999864699
v 564.697192794593 -101.137753509944 24.9969999864737
v 564.697192794594 -101.137753509944 9.99699998646993
v 564.281068267666 -101.171989259419 9.99699998646993
v 563.863577946488 -101.17778064747 9.99699998646993
v 563.446663890622 -101.155100734023 9.99699998646993
v 563.032265478989 -101.104055020308 9.99699998646993
v 562.622310388368 -101.024880958097 9.99699998646993
v 562.218705626332 -100.917946845137 9.99699998646993
v 561.823328660327 -100.783750111921 9.99699998646993
v 561.438018684172 -100.622915007769 9.99699998646993
v 561.064568062586 -100.436189696976 9.99699998646993
v 560.704713993571 -100.224442778543 9.99699998646993
v 560.360130427396 -99.9886592456687 9.99699998646993
v 560.032420279806 -99.729935903816 9.99699998646993
v 559.723107975665 -99.4494762686461 9.99699998646993
v 559.433632357713 -99.1485849675685 9.99699998646993
v 559.165339993436 -98.8286616709438 9.99699998646993
v 558.91947891117 -98.4911945811707 9.99699998646993
v 558.697192794593 -98.1377535099436 9.99699998646993
v 564.697192794593 -101.137753509944 24.9969999864737
v 554.697192794593 -111.137753509944 24.9969999864736
v 554.697192794594 -111.137753509944 9.99699998646993
v 564.697192794594 -101.137753509944 9.99699998646993
v 554.697192794593 -111.137753509944 24.9969999864736
v 556.267777805039 -112.251230063216 24.9969999864699
v 557.906851527012 -113.261182856004 24.9969999864699
v 559.607600475969 -114.163413603844 24.9969999864699
v 561.362954788899 -114.954171813287 24.9969999864699
v 563.165617613123 -115.630170372371 24.9969999864699
v 565.008095438664 -116.188599214855 24.9969999864699
v 566.882729248101 -116.627137001412 24.9969999864699
v 568.781726354434 -116.943960769239 24.9969999864699
v 570.697192794593 -117.137753509944 24.9969999864737
v 570.697192794594 -117.137753509944 9.99699998646993
v 568.781726354435 -116.943960769239 9.99699998646993
v 566.882729248101 -116.627137001412 9.99699998646993
v 565.008095438664 -116.188599214855 9.99699998646993
v 563.165617613124 -115.630170372371 9.99699998646993
v 561.362954788899 -114.954171813287 9.99699998646993
v 559.607600475969 -114.163413603844 9.99699998646993
v 557.906851527013 -113.261182856004 9.99699998646993
v 556.267777805039 -112.251230063216 9.99699998646993
v 554.697192794594 -111.137753509944 9.99699998646993
v 570.697192794593 -117.137753509944 24.9969999864737
v 570.697192794593 -124.137753509944 24.9969999864737
v 570.697192794594 -124.137753509944 9.99699998647372
v 570.697192794594 -117.137753509944 9.99699998646993
v 570.697192794593 -124.137753509944 24.9969999864737
v 586.697192794593 -124.137753509944 24.9969999864739
v 586.697192794593 -124.137753509944 9.99699998647392
v 570.697192794594 -124.137753509944 9.99699998647372
v 586.697192794593 -124.137753509944 24.9969999864739
v 586.697192794593 -117.137753509944 24.9969999864739
v 586.697192794593 -117.137753509944 9.99699998646993
v 586.697192794593 -124.137753509944 9.99699998647392
v 602.697192794593 -111.137753509944 24.9969999864742
v 601.126607784147 -112.251230063216 24.9969999864699
v 599.487534062174 -113.261182856004 24.9969999864699
v 597.786785113218 -114.163413603844 24.9969999864699
v 596.031430800287 -114.954171813287 24.9969999864699
v 594.228767976063 -115.630170372371 24.9969999864699
v 592.386290150523 -116.188599214855 24.9969999864699
v 590.511656341086 -116.627137001412 24.9969999864699
v 588.612659234752 -116.943960769239 24.9969999864699
v 586.697192794593 -117.137753509944 24.9969999864739
v 586.697192794593 -124.137753509944 24.9969999864739
v 570.697192794593 -124.137753509944 24.9969999864737
v 570.697192794593 -117.137753509944 24.9969999864737
v 568.781726354434 -116.943960769239 24.9969999864699
v 566.882729248101 -116.627137001412 24.9969999864699
v 565.008095438664 -116.188599214855 24.9969999864699
v 563.165617613123 -115.630170372371 24.9969999864699
v 561.362954788899 -114.954171813287 24.9969999864699
v 559.607600475969 -114.163413603844 24.9969999864699
v 557.906851527012 -113.261182856004 24.9969999864699
v 556.267777805039 -112.251230063216 24.9969999864699
v 554.697192794593 -111.137753509944 24.9969999864736
v 564.697192794593 -101.137753509944 24.9969999864737
v 564.281068267666 -101.171989259419 24.9969999864699
v 563.863577946488 -101.17778064747 24.9969999864699
v 563.446663890622 -101.155100734023 24.9969999864699
v 563.032265478988 -101.104055020308 24.9969999864699
v 562.622310388368 -101.024880958097 24.9969999864699
v 562.218705626332 -100.917946845137 24.9969999864699
v 561.823328660327 -100.783750111921 24.9969999864699
v 561.438018684171 -100.622915007769 24.9969999864699
v 561.064568062586 -100.436189696976 24.9969999864699
v 560.704713993571 -100.224442778543 24.9969999864699
v 560.360130427396 -99.9886592456687 24.9969999864699
v 560.032420279806 -99.729935903816 24.9969999864699
v 559.723107975665 -99.4494762686461 24.9969999864699
v 559.433632357713 -99.1485849675685 24.9969999864699
v 559.165339993435 -98.8286616709439 24.9969999864699
v 558.91947891117 -98.4911945811707 24.9969999864699
v 558.697192794593 -98.1377535099437 24.9969999864736
v 568.697192794593 -88.1377535099437 24.9969999864738
v 568.267981555286 -88.0907332681923 24.9969999864699
v 567.842832576477 -88.015357297891 24.9969999864699
v 567.423617068413 -87.9119573516608 24.9969999864699
v 567.01218012633 -87.7809885241832 24.9969999864699
v 566.610332609622 -87.6230272491894 24.9969999864699
v 566.219843171701 -87.4387687623999 24.9969999864699
v 565.842430475611 -87.2290240415804 24.9969999864699
v 565.479755629669 -86.9947162371807 24.9969999864699
v 565.133414876422 -86.736876609269 24.9969999864699
v 564.804932567094 -86.4566399886418 24.9969999864699
v 564.495754452457 -86.1552397820872 24.9969999864699
v 564.207241319636 -85.8340025437862 24.9969999864699
v 563.940663002871 -85.4943421367431 24.9969999864699
v 563.697192794593 -85.1377535099436 24.9969999864737
v 578.697192794593 -70.1377535099436 24.996999986474
v 593.697192794593 -85.1377535099437 24.9969999864741
v 593.453722586315 -85.4943421367432 24.9969999864699
v 593.187144269551 -85.8340025437863 24.9969999864699
v 592.898631136729 -86.1552397820873 24.9969999864699
v 592.589453022092 -86.4566399886419 24.9969999864699
v 592.260970712765 -86.7368766092691 24.9969999864699
v 591.914629959517 -86.9947162371807 24.9969999864699
v 591.551955113575 -87.2290240415804 24.9969999864699
v 591.174542417485 -87.4387687624 24.9969999864699
v 590.784052979564 -87.6230272491894 24.9969999864699
v 590.382205462857 -87.7809885241832 24.9969999864699
v 589.970768520774 -87.9119573516608 24.9969999864699
v 589.55155301271 -88.0153572978909 24.9969999864699
v 589.1264040339 -88.0907332681923 24.9969999864699
v 588.697192794593 -88.1377535099437 24.9969999864741
v 598.697192794593 -98.1377535099437 24.9969999864742
v 598.474906678017 -98.4911945811708 24.9969999864699
v 598.229045595751 -98.8286616709439 24.9969999864699
v 597.960753231474 -99.1485849675686 24.9969999864699
v 597.671277613522 -99.4494762686461 24.9969999864699
v 597.36196530938 -99.7299359038161 24.9969999864699
v 597.034255161791 -99.9886592456687 24.9969999864699
v 596.689671595615 -100.224442778543 24.9969999864699
v 596.3298175266 -100.436189696976 24.9969999864699
v 595.956366905015 -100.622915007769 24.9969999864699
v 595.571056928859 -100.783750111921 24.9969999864699
v 595.175679962855 -100.917946845137 24.9969999864699
v 594.772075200819 -101.024880958097 24.9969999864699
v 594.362120110198 -101.104055020308 24.9969999864699
v 593.947721698565 -101.155100734023 24.9969999864699
v 593.530807642699 -101.17778064747 24.9969999864699
v 593.113317321521 -101.171989259419 24.9969999864699
v 592.697192794593 -101.137753509944 24.9969999864741
v 594.372479915298 -85.5666909233395 24.9969999864741
v 594.716267494707 -85.0254573601593 24.9969999864741
v 578.697192794593 -69.0063826600451 24.996999986474
v 562.678118094479 -85.0254573601592 24.9969999864737
v 563.021905673889 -85.5666909233394 24.9969999864737
v 563.287316819041 -85.9561882261877 24.9969999864699
v 563.577282364461 -86.3277675681416 24.9969999864699
v 563.890596284772 -86.6798834755314 24.9969999864699
v 564.225955443982 -87.0110714270501 24.9969999864699
v 564.581965015491 -87.3199539449938 24.9969999864699
v 564.957144283456 -87.6052463244701 24.9969999864699
v 565.349932801385 -87.8657619767459 24.9969999864699
v 565.758696882354 -88.10041736451 24.9969999864699
v 566.181736393841 -88.3082365085236 24.9969999864699
v 566.617291828917 -88.4883550469162 24.9969999864699
v 567.063551624398 -88.6400238302408 24.9969999864738
v 557.695773957126 -98.007801497512 24.9969999864736
v 558.005859582694 -98.5403182750741 24.9969999864736
v 558.253511469039 -98.9345065915609 24.9969999864699
v 558.527099454088 -99.3111569600757 24.9969999864699
v 558.825386030096 -99.6685656956137 24.9969999864699
v 559.147021971337 -100.005116147949 24.9969999864699
v 559.490552436995 -100.319286014152 24.9969999864699
v 559.854423551772 -100.609654224355 24.9969999864699
v 560.236989434465 -100.874907369605 24.9969999864699
v 560.636519642699 -101.113845642749 24.9969999864699
v 561.051207000161 -101.325388265468 24.9969999864699
v 561.479175770911 -101.508578376903 24.9969999864699
v 561.918490143815 -101.662587361788 24.9969999864699
v 562.367162988706 -101.786718598481 24.9969999864699
v 562.823164844678 -101.88041060996 24.9969999864737
v 553.482848356777 -111.220727097861 24.9969999864735
v 554.21370980029 -111.775126394698 24.9969999864735
v 555.954764389466 -113.002913165367 24.9969999864699
v 557.776876051542 -114.106833691332 24.9969999864699
v 559.67124759116 -115.081558219906 24.9969999864699
v 561.628732940678 -115.922380759531 24.9969999864699
v 563.639881317583 -116.625241800413 24.9969999864699
v 565.694982853084 -117.186747913917 24.9969999864699
v 567.784115471565 -117.604188136124 24.9969999864699
v 569.897192794593 -117.875547056418 24.9969999864737
v 569.897192794593 -124.937753509944 24.9969999864737
v 587.497192794593 -124.937753509944 24.9969999864739
v 587.497192794593 -117.875547056418 24.9969999864739
v 589.610270117621 -117.604188136124 24.9969999864699
v 591.699402736103 -117.186747913917 24.9969999864699
v 593.754504271603 -116.625241800413 24.9969999864699
v 595.765652648509 -115.922380759531 24.9969999864699
v 597.723137998027 -115.081558219906 24.9969999864699
v 599.617509537645 -114.106833691332 24.9969999864699
v 601.43962119972 -113.002913165367 24.9969999864699
v 603.180675788896 -111.775126394698 24.9969999864742
v 603.911537232409 -111.220727097861 24.9969999864742
v 594.571220744508 -101.88041060996 24.9969999864741
v 595.02722260048 -101.786718598481 24.9969999864699
v 595.475895445371 -101.662587361788 24.9969999864699
v 595.915209818275 -101.508578376903 24.9969999864699
v 596.343178589026 -101.325388265468 24.9969999864699
v 596.757865946487 -101.11384564275 24.9969999864699
v 597.157396154722 -100.874907369605 24.9969999864699
v 597.539962037415 -100.609654224355 24.9969999864699
v 597.903833152192 -100.319286014152 24.9969999864699
v 598.247363617849 -100.005116147949 24.9969999864699
v 598.568999559091 -99.6685656956137 24.9969999864699
v 598.867286135099 -99.3111569600757 24.9969999864699
v 599.140874120147 -98.9345065915609 24.9969999864699
v 599.388526006493 -98.5403182750741 24.9969999864742
v 599.69861163206 -98.0078014975121 24.9969999864742
v 590.330833964789 -88.6400238302408 24.9969999864741
v 590.777093760269 -88.4883550469162 24.9969999864699
v 591.212649195346 -88.3082365085236 24.9969999864699
v 591.635688706833 -88.10041736451 24.9969999864699
v 592.044452787802 -87.865761976746 24.9969999864699
v 592.437241305731 -87.6052463244701 24.9969999864699
v 592.812420573695 -87.3199539449938 24.9969999864699
v 593.168430145204 -87.0110714270502 24.9969999864699
v 593.503789304415 -86.6798834755315 24.9969999864699
v 593.817103224725 -86.3277675681417 24.9969999864699
v 594.107068770145 -85.9561882261878 24.9969999864699
v 578.697192794593 -66.6022196040109 9.99699998647447
v 596.88180123245 -84.7868280418676 9.99699998646976
v 595.807465046795 -86.4781829268056 9.99699998646993
v 595.456502191045 -86.9907632597963 9.99699998646993
v 595.071047118809 -87.4779366490243 9.99699998646993
v 594.652932875691 -87.9373863237298 9.99699998646993
v 594.204147819173 -88.3669273542853 9.99699998646993
v 593.726826162902 -88.7645170427074 9.99699998646993
v 593.223237827364 -89.1282646367818 9.99699998646994
v 601.826626661677 -97.7316534710948 9.99699998646995
v 600.85760908178 -99.3957684009762 9.99699998646993
v 600.555068906891 -99.8779807024042 9.99699998646993
v 600.221367088136 -100.339177360274 9.99699998646993
v 599.857958366645 -100.777347831911 9.99699998646993
v 599.466426987945 -101.190581955095 9.99699998646993
v 599.048479795597 -101.577078275231 9.99699998646993
v 598.605938790369 -101.935151898614 9.99699998646993
v 598.140733187406 -102.263241837566 9.99699998646993
v 597.654891005992 -102.55991781541 9.99699998646994
v 606.492019162769 -111.397045972186 9.99699998646996
v 604.20807715179 -113.1295437748 9.99699998646993
v 602.53259853749 -114.318626782272 9.99699998646993
v 600.785041349304 -115.398992858958 9.99699998646993
v 598.972449679075 -116.366287241581 9.99699998646993
v 597.102129761065 -117.216610938727 9.99699998646993
v 595.18162052182 -117.946536446988 9.99699998646993
v 593.218663192105 -118.553121566615 9.99699998646993
v 591.221170103378 -119.033921261003 9.99699998646993
v 589.197192794593 -119.3869975122 9.99699998647059
v 589.197192794593 -126.637753509944 9.99699998647466
v 568.197192794594 -126.637753509944 9.99699998647436
v 568.197192794594 -119.3869975122 9.99699998647052
v 566.173215485809 -119.033921261003 9.99699998646993
v 564.175722397082 -118.553121566615 9.99699998646993
v 562.212765067367 -117.946536446988 9.99699998646993
v 560.292255828122 -117.216610938727 9.99699998646993
v 558.421935910112 -116.366287241581 9.99699998646993
v 556.609344239883 -115.398992858958 9.99699998646993
v 554.861787051697 -114.318626782272 9.99699998646993
v 553.186308437397 -113.1295437748 9.99699998646993
v 550.902366426418 -111.397045972186 9.99699998646991
v 559.739494583195 -102.55991781541 9.99699998646992
v 559.253652401781 -102.263241837566 9.99699998646993
v 558.788446798817 -101.935151898614 9.99699998646993
v 558.34590579359 -101.577078275231 9.99699998646993
v 557.927958601241 -101.190581955095 9.99699998646993
v 557.536427222542 -100.777347831911 9.99699998646993
v 557.173018501051 -100.339177360274 9.99699998646993
v 556.839316682296 -99.8779807024042 9.99699998646993
v 556.536776507407 -99.3957684009762 9.99699998646993
v 555.56775892751 -97.7316534710947 9.99699998646991
v 564.171147761823 -89.1282646367818 9.99699998646992
v 563.667559426285 -88.7645170427074 9.99699998646993
v 563.190237770014 -88.3669273542853 9.99699998646993
v 562.741452713496 -87.9373863237298 9.99699998646993
v 562.323338470378 -87.4779366490243 9.99699998646993
v 561.937883398141 -86.9907632597963 9.99699998646993
v 561.586920542392 -86.4781829268054 9.99699998646993
v 560.512584356737 -84.7868280418674 9.99699998646972
v 586.697192794593 -124.137753509944 9.99699998647392
v 586.697192794593 -117.137753509944 9.99699998646993
v 588.612659234752 -116.943960769239 9.99699998646993
v 590.511656341086 -116.627137001412 9.99699998646993
v 592.386290150523 -116.188599214855 9.99699998646993
v 594.228767976063 -115.630170372371 9.99699998646993
v 596.031430800288 -114.954171813287 9.99699998646993
v 597.786785113218 -114.163413603844 9.99699998646993
v 599.487534062174 -113.261182856004 9.99699998646993
v 601.126607784147 -112.251230063216 9.99699998646993
v 602.697192794593 -111.137753509944 9.99699998646993
v 592.697192794593 -101.137753509944 9.99699998646993
v 593.113317321521 -101.171989259419 9.99699998646993
v 593.530807642699 -101.17778064747 9.99699998646993
v 593.947721698565 -101.155100734023 9.99699998646993
v 594.362120110198 -101.104055020308 9.99699998646993
v 594.772075200819 -101.024880958097 9.99699998646993
v 595.175679962855 -100.917946845137 9.99699998646993
v 595.57105692886 -100.783750111921 9.99699998646993
v 595.956366905015 -100.622915007769 9.99699998646993
v 596.329817526601 -100.436189696976 9.99699998646993
v 596.689671595615 -100.224442778543 9.99699998646993
v 597.034255161791 -99.9886592456687 9.99699998646993
v 597.361965309381 -99.729935903816 9.99699998646993
v 597.671277613522 -99.4494762686461 9.99699998646993
v 597.960753231474 -99.1485849675685 9.99699998646993
v 598.229045595751 -98.8286616709439 9.99699998646993
v 598.474906678017 -98.4911945811707 9.99699998646993
v 598.697192794593 -98.1377535099437 9.99699998646993
v 588.697192794593 -88.1377535099436 9.99699998646993
v 589.1264040339 -88.0907332681923 9.99699998646993
v 589.55155301271 -88.0153572978909 9.99699998646993
v 589.970768520774 -87.9119573516607 9.99699998646993
v 590.382205462857 -87.7809885241831 9.99699998646993
v 590.784052979565 -87.6230272491894 9.99699998646993
v 591.174542417485 -87.4387687623999 9.99699998646993
v 591.551955113575 -87.2290240415804 9.99699998646993
v 591.914629959517 -86.9947162371807 9.99699998646993
v 592.260970712765 -86.736876609269 9.99699998646993
v 592.589453022093 -86.4566399886418 9.99699998646993
v 592.898631136729 -86.1552397820872 9.99699998646993
v 593.187144269551 -85.8340025437862 9.99699998646993
v 593.453722586316 -85.4943421367432 9.99699998646993
v 593.697192794593 -85.1377535099436 9.99699998646993
v 578.697192794593 -70.1377535099436 9.99699998647398
v 563.697192794593 -85.1377535099435 9.99699998646993
v 563.940663002871 -85.4943421367431 9.99699998646993
v 564.207241319636 -85.8340025437861 9.99699998646993
v 564.495754452457 -86.1552397820872 9.99699998646993
v 564.804932567094 -86.4566399886417 9.99699998646993
v 565.133414876422 -86.736876609269 9.99699998646993
v 565.479755629669 -86.9947162371806 9.99699998646993
v 565.842430475611 -87.2290240415803 9.99699998646993
v 566.219843171701 -87.4387687623999 9.99699998646993
v 566.610332609622 -87.6230272491893 9.99699998646993
v 567.01218012633 -87.7809885241831 9.99699998646993
v 567.423617068413 -87.9119573516607 9.99699998646993
v 567.842832576477 -88.0153572978909 9.99699998646993
v 568.267981555287 -88.0907332681923 9.99699998646993
v 568.697192794593 -88.1377535099436 9.99699998646993
v 558.697192794593 -98.1377535099436 9.99699998646993
v 558.91947891117 -98.4911945811707 9.99699998646993
v 559.165339993436 -98.8286616709438 9.99699998646993
v 559.433632357713 -99.1485849675685 9.99699998646993
v 559.723107975665 -99.4494762686461 9.99699998646993
v 560.032420279806 -99.729935903816 9.99699998646993
v 560.360130427396 -99.9886592456687 9.99699998646993
v 560.704713993571 -100.224442778543 9.99699998646993
v 561.064568062586 -100.436189696976 9.99699998646993
v 561.438018684172 -100.622915007769 9.99699998646993
v 561.823328660327 -100.783750111921 9.99699998646993
v 562.218705626332 -100.917946845137 9.99699998646993
v 562.622310388368 -101.024880958097 9.99699998646993
v 563.032265478989 -101.104055020308 9.99699998646993
v 563.446663890622 -101.155100734023 9.99699998646993
v 563.863577946488 -101.17778064747 9.99699998646993
v 564.281068267666 -101.171989259419 9.99699998646993
v 564.697192794594 -101.137753509944 9.99699998646993
v 554.697192794594 -111.137753509944 9.99699998646993
v 556.267777805039 -112.251230063216 9.99699998646993
v 557.906851527013 -113.261182856004 9.99699998646993
v 559.607600475969 -114.163413603844 9.99699998646993
v 561.362954788899 -114.954171813287 9.99699998646993
v 563.165617613124 -115.630170372371 9.99699998646993
v 565.008095438664 -116.188599214855 9.99699998646993
v 566.882729248101 -116.627137001412 9.99699998646993
v 568.781726354435 -116.943960769239 9.99699998646993
v 570.697192794594 -117.137753509944 9.99699998646993
v 570.697192794594 -124.137753509944 9.99699998647372
vn 0.596875127872558 -0.379130692146013 0.70710678118655
vn 0.596875127872564 -0.379130692146003 0.70710678118655
vn 0.579480966100165 -0.40521822506844 0.70710678118655
vn 0.56094741003331 -0.430509004757065 0.70710678118655
vn 0.541310900951802 -0.454953303659558 0.70710678118655
vn 0.520610048797511 -0.478503058601563 0.70710678118655
vn 0.498885556258201 -0.501111965290136 0.70710678118655
vn 0.476180138736637 -0.52273556935869 0.707106781186549
vn 0.452538440362104 -0.543331353774684 0.70710678118655
vn 0.428006946209727 -0.562858822437937 0.70710678118655
vn 0.402633890899973 -0.581279579805403 0.70710678118655
vn 0.376469163758204 -0.598557406385717 0.707106781186549
vn 0.34956421072065 -0.614658329955143 0.707106781186549
vn 0.321971933179694 -0.629550692354895 0.707106781186549
vn 0.293746583967526 -0.643205211738374 0.707106781186549
vn 0.264943660682397 -0.655595040146132 0.707106781186549
vn 0.23561979656747 -0.666695816295184 0.707106781186549
vn 0.220911156648523 -0.671712930401231 0.707106781186549
vn 0.287910505315369 -0.64583863381579 0.707106781186549
vn 0.345289553657654 -0.617069788706995 0.707106781186549
vn 0.394027257615757 -0.587147783999738 0.70710678118655
vn 0.43355622030989 -0.558595563740529 0.70710678118655
vn 0.471023390639957 -0.527386921974783 0.70710678118655
vn 0.506250592115635 -0.493670272532757 0.70710678118655
vn 0.539070300499915 -0.45760595616636 0.70710678118655
vn 0.569326440476682 -0.419365478042897 0.70710678118655
vn 0.59687512787256 -0.379130692146023 0.707106781186542
vn 0.59687512787256 -0.379130692146023 0.707106781186542
vn 0.59687512787256 -0.379130692146023 0.707106781186542
vn 0.59687512787256 -0.379130692146023 0.707106781186542
vn 0.59687512787256 -0.379130692146023 0.707106781186542
vn 0.499999999999996 0.500000000000004 0.707106781186547
vn 0.499999999999996 0.500000000000004 0.707106781186547
vn 0.499999999999996 0.500000000000004 0.707106781186547
vn 0.499999999999996 0.500000000000004 0.707106781186547
vn 0.499999999999996 0.500000000000004 0.707106781186547
vn 0.499999999999996 0.500000000000004 0.707106781186547
vn 0.499999999999996 0.500000000000004 0.707106781186547
vn 0.611058002742153 -0.355820344113123 0.70710678118654
vn 0.611058002742153 -0.355820344113123 0.70710678118654
vn 0.611058002742153 -0.355820344113123 0.70710678118654
vn 0.611058002742153 -0.355820344113123 0.70710678118654
vn 0.61105800274216 -0.355820344113093 0.707106781186549
vn 0.590707843352963 -0.388669839068185 0.70710678118655
vn 0.568593572433425 -0.420358596185915 0.707106781186549
vn 0.544781232851851 -0.450791979001862 0.707106781186549
vn 0.519341938651002 -0.479879100147335 0.70710678118655
vn 0.492351662670448 -0.507533092778828 0.70710678118655
vn 0.463891009658532 -0.533671370000288 0.70710678118655
vn 0.43404497555144 -0.558215871503621 0.707106781186549
vn 0.402902693638123 -0.581093296690937 0.70710678118655
vn 0.37055716836949 -0.602235323582055 0.70710678118655
vn 0.337104997606403 -0.621578812853836 0.707106781186549
vn 0.302646084136398 -0.639065996401703 0.707106781186549
vn 0.267283337320266 -0.654644649860471 0.707106781186549
vn 0.231122365759836 -0.668268248569072 0.707106781186549
vn 0.194271161904423 -0.679896106513564 0.707106781186549
vn 0.156839779538472 -0.689493497833244 0.707106781186549
vn 0.137910161091575 -0.693527784207449 0.707106781186549
vn 0.219505657705133 -0.672173538779558 0.707106781186549
vn 0.289352450616059 -0.645193892812446 0.707106781186549
vn 0.348391273387747 -0.615323915208292 0.707106781186549
vn 0.388236983735803 -0.590992423352215 0.707106781186549
vn 0.426390212123778 -0.564084556609235 0.707106781186549
vn 0.462684633205377 -0.53471761724821 0.707106781186549
vn 0.496962024926799 -0.503019627629631 0.70710678118655
vn 0.529072958280601 -0.46912877210443 0.707106781186549
vn 0.558877448727195 -0.43319279461249 0.70710678118655
vn 0.586245566444017 -0.395368354607107 0.70710678118655
vn 0.611058002742156 -0.355820344113099 0.70710678118655
vn 0.500000000000003 0.500000000000004 0.707106781186543
vn 0.500000000000003 0.500000000000004 0.707106781186543
vn 0.500000000000003 0.500000000000004 0.707106781186543
vn 0.500000000000003 0.500000000000004 0.707106781186543
vn 0.500000000000003 0.500000000000004 0.707106781186543
vn 0.500000000000003 0.500000000000004 0.707106781186543
vn 0.500000000000003 0.500000000000004 0.707106781186543
vn 0.427342629825034 -0.563363361192597 0.70710678118655
vn 0.427342629825034 -0.563363361192597 0.70710678118655
vn 0.427342629825034 -0.563363361192597 0.70710678118655
vn 0.427342629825034 -0.563363361192597 0.70710678118655
vn 0.42734262982504 -0.563363361192594 0.707106781186549
vn 0.38718992817058 -0.591678932803306 0.707106781186549
vn 0.345167864989275 -0.617137865455315 0.707106781186549
vn 0.301479323730501 -0.639617242859351 0.707106781186549
vn 0.256335233636593 -0.659008534084704 0.707106781186549
vn 0.209953551371837 -0.675218117548952 0.707106781186549
vn 0.162558208722856 -0.688167733025034 0.707106781186549
vn 0.114378031450987 -0.697794859483355 0.707106781186549
vn 0.0677309587547168 -0.70385546614782 0.707106781186549
vn 0.0993433800662947 -0.700093488640625 0.707106781186549
vn 0.143568824951016 -0.692378503784009 0.707106781186549
vn 0.187215569467204 -0.681872664468277 0.707106781186549
vn 0.230107681359756 -0.668618317860971 0.707106781186549
vn 0.272072270163281 -0.652668889873109 0.707106781186549
vn 0.31294018409283 -0.634088669808839 0.707106781186549
vn 0.31855392929724 -0.631287093270001 0.707106781186549
vn 0.352546691864559 -0.612952551226727 0.707106781186549
vn 0.390732146698255 -0.58934573005713 0.707106781186549
vn 0.427342629825039 -0.563363361192594 0.707106781186549
vn 0.707106781186508 -2.13075334276217E-15 0.707106781186587
vn 0.707106781186508 -2.13075334276217E-15 0.707106781186587
vn 0.707106781186508 -2.13075334276217E-15 0.707106781186587
vn 0.707106781186508 -2.13075334276217E-15 0.707106781186587
vn 0.707106781186508 -2.13075334276217E-15 0.707106781186587
vn -9.04152219680317E-15 -0.707106781186551 0.707106781186544
vn -9.04152219680317E-15 -0.707106781186551 0.707106781186544
vn -9.04152219680317E-15 -0.707106781186551 0.707106781186544
vn -9.04152219680317E-15 -0.707106781186551 0.707106781186544
vn -0.707106781186542 -2.13075334277218E-15 0.707106781186553
vn -0.707106781186542 -2.13075334277218E-15 0.707106781186553
vn -0.707106781186542 -2.13075334277218E-15 0.707106781186553
vn -0.707106781186542 -2.13075334277218E-15 0.707106781186553
vn -0.707106781186542 -2.13075334277218E-15 0.707106781186553
vn -0.427342629825027 -0.563363361192591 0.707106781186559
vn -0.427342629825027 -0.563363361192591 0.707106781186559
vn -0.427342629825027 -0.563363361192591 0.707106781186559
vn -0.427342629825027 -0.563363361192591 0.707106781186559
vn -0.427342629825027 -0.563363361192591 0.707106781186559
vn -0.427342629825037 -0.5633633611926 0.707106781186546
vn -0.390732146698252 -0.589345730057136 0.707106781186546
vn -0.352546691864559 -0.612952551226731 0.707106781186546
vn -0.312940184092827 -0.634088669808845 0.707106781186546
vn -0.272072270163282 -0.652668889873112 0.707106781186545
vn -0.230107681359753 -0.668618317860976 0.707106781186545
vn -0.187215569467208 -0.68187266446828 0.707106781186546
vn -0.143568824951018 -0.692378503784012 0.707106781186546
vn -0.0993433800662948 -0.700093488640629 0.707106781186546
vn -0.0677309587547244 -0.703855466147822 0.707106781186546
vn -0.114378031450995 -0.697794859483357 0.707106781186546
vn -0.162558208722861 -0.688167733025036 0.707106781186546
vn -0.209953551371844 -0.675218117548954 0.707106781186546
vn -0.2563352336366 -0.659008534084706 0.707106781186546
vn -0.301479323730502 -0.639617242859354 0.707106781186546
vn -0.345167864989278 -0.617137865455318 0.707106781186545
vn -0.387189928170582 -0.591678932803309 0.707106781186546
vn -0.427342629825038 -0.5633633611926 0.707106781186546
vn -0.50000000000002 0.500000000000002 0.707106781186533
vn -0.50000000000002 0.500000000000002 0.707106781186533
vn -0.50000000000002 0.500000000000002 0.707106781186533
vn -0.50000000000002 0.500000000000002 0.707106781186533
vn -0.50000000000002 0.500000000000002 0.707106781186533
vn -0.50000000000002 0.500000000000002 0.707106781186533
vn -0.611058002742149 -0.355820344113098 0.707106781186556
vn -0.611058002742149 -0.355820344113098 0.707106781186556
vn -0.611058002742149 -0.355820344113098 0.707106781186556
vn -0.611058002742149 -0.355820344113098 0.707106781186556
vn -0.611058002742149 -0.355820344113098 0.707106781186556
vn -0.611058002742159 -0.355820344113107 0.707106781186543
vn -0.586245566444024 -0.395368354607109 0.707106781186543
vn -0.558877448727202 -0.433192794612491 0.707106781186543
vn -0.529072958280604 -0.469128772104436 0.707106781186543
vn -0.496962024926804 -0.503019627629636 0.707106781186543
vn -0.462684633205381 -0.534717617248215 0.707106781186543
vn -0.426390212123783 -0.564084556609239 0.707106781186543
vn -0.388236983735808 -0.590992423352219 0.707106781186543
vn -0.348391273387753 -0.615323915208296 0.707106781186543
vn -0.289352450616083 -0.645193892812442 0.707106781186543
vn -0.21950565770515 -0.672173538779559 0.707106781186543
vn -0.137910161091604 -0.693527784207449 0.707106781186544
vn -0.156839779538513 -0.68949349783324 0.707106781186544
vn -0.194271161904475 -0.679896106513555 0.707106781186543
vn -0.231122365759865 -0.668268248569067 0.707106781186543
vn -0.267283337320315 -0.654644649860457 0.707106781186543
vn -0.302646084136448 -0.639065996401686 0.707106781186543
vn -0.337104997606441 -0.621578812853823 0.707106781186543
vn -0.370557168369506 -0.602235323582052 0.707106781186543
vn -0.40290269363815 -0.581093296690927 0.707106781186543
vn -0.434044975551457 -0.558215871503616 0.707106781186543
vn -0.463891009658558 -0.533671370000275 0.707106781186543
vn -0.492351662670456 -0.507533092778829 0.707106781186543
vn -0.519341938651018 -0.479879100147328 0.707106781186543
vn -0.544781232851863 -0.450791979001857 0.707106781186543
vn -0.568593572433438 -0.420358596185907 0.707106781186543
vn -0.590707843352969 -0.388669839068187 0.707106781186543
vn -0.611058002742162 -0.355820344113102 0.707106781186543
vn -0.500000000000012 0.500000000000003 0.707106781186537
vn -0.500000000000012 0.500000000000003 0.707106781186537
vn -0.500000000000012 0.500000000000003 0.707106781186537
vn -0.500000000000012 0.500000000000003 0.707106781186537
vn -0.500000000000012 0.500000000000003 0.707106781186537
vn -0.500000000000012 0.500000000000003 0.707106781186537
vn -0.596875127872555 -0.379130692146 0.707106781186559
vn -0.596875127872555 -0.379130692146 0.707106781186559
vn -0.596875127872555 -0.379130692146 0.707106781186559
vn -0.596875127872555 -0.379130692146 0.707106781186559
vn -0.596875127872555 -0.379130692146 0.707106781186559
vn -0.596875127872573 -0.379130692146001 0.707106781186543
vn -0.569326440476692 -0.419365478042894 0.707106781186543
vn -0.539070300499925 -0.457605956166358 0.707106781186543
vn -0.506250592115655 -0.493670272532745 0.707106781186543
vn -0.471023390639968 -0.527386921974781 0.707106781186543
vn -0.433556220309901 -0.558595563740528 0.707106781186543
vn -0.394027257615758 -0.587147783999745 0.707106781186543
vn -0.317744933752252 -0.631694670766489 0.707106781186543
vn -0.27209686764712 -0.652658635594926 0.707106781186544
vn -0.22091115664856 -0.671712930401225 0.707106781186544
vn -0.249547234422065 -0.661608780014522 0.707106781186544
vn -0.277723087800243 -0.650284465832226 0.707106781186544
vn -0.305386753814568 -0.637760872580473 0.707106781186544
vn -0.332487214091737 -0.624061096740953 0.707106781186543
vn -0.358974488943649 -0.609210403955524 0.707106781186543
vn -0.384799729541809 -0.593236182430368 0.707106781186543
vn -0.409915308006207 -0.576167892425621 0.707106781186543
vn -0.434274905242432 -0.558037011923656 0.707106781186543
vn -0.457833596365096 -0.538876978576194 0.707106781186543
vn -0.480547933549936 -0.518723128037387 0.707106781186543
vn -0.502376026162046 -0.497612628796374 0.707106781186543
vn -0.523277618012052 -0.475584413629841 0.707106781186543
vn -0.543214161598153 -0.452679107800683 0.707106781186543
vn -0.56214888919684 -0.428938954135393 0.707106781186543
vn -0.580046880671322 -0.404407735118253 0.707106781186543
vn -0.596875127872576 -0.379130692145996 0.707106781186543
vn -0.500000000000006 0.5 0.707106781186543
vn -0.500000000000006 0.5 0.707106781186543
vn -0.500000000000006 0.5 0.707106781186543
vn -0.500000000000006 0.5 0.707106781186543
vn -0.500000000000006 0.5 0.707106781186543
vn 0.499999999999997 0.500000000000003 0.707106781186547
vn 0.499999999999997 0.500000000000003 0.707106781186547
vn 0.499999999999997 0.500000000000003 0.707106781186547
vn 0.499999999999997 0.500000000000003 0.707106781186547
vn 1 7.29611884226021E-27 1.27866433152165E-14
vn 1 7.29611884226021E-27 1.27866433152165E-14
vn 1 7.29611884226021E-27 1.27866433152165E-14
vn 1 7.29611884226021E-27 1.27866433152165E-14
vn 3.83336221903493E-29 -1 -3.01334027541324E-15
vn 3.83336221903493E-29 -1 -3.01334027541324E-15
vn 3.83336221903493E-29 -1 -3.01334027541324E-15
vn 3.83336221903493E-29 -1 -3.01334027541324E-15
vn -1 -6.92290018450099E-27 -1.27866433152165E-14
vn -1 -6.92290018450099E-27 -1.27866433152165E-14
vn -1 -6.92290018450099E-27 -1.27866433152165E-14
vn -1 -6.92290018450099E-27 -1.27866433152165E-14
vn -0.140492755421735 -0.99008170656467 -4.78431812480132E-15
vn -0.203036979379695 -0.979171070346939 -5.54820085060993E-15
vn -0.264762797427922 -0.964313569902519 -6.2852806737586E-15
vn -0.325421403785186 -0.945569093170075 -7.00895904557728E-15
vn -0.384768294410548 -0.923013195797545 -7.70583451473602E-15
vn -0.442564252555607 -0.896736796590782 -8.36250562990484E-15
vn -0.498576313004626 -0.86684581103603 -8.99237384241369E-15
vn -0.552578701115821 -0.833460724373472 -9.58203770093263E-15
vn -0.604353742878753 -0.796716105942664 -1.01314972054616E-14
vn -0.604353742878753 -0.796716105942664 -1.01284324765141E-14
vn -0.552578701115822 -0.833460724373471 -9.57712752348331E-15
vn -0.498576313004627 -0.86684581103603 -8.98721887477402E-15
vn -0.442564252555608 -0.896736796590781 -8.361084347106E-15
vn -0.384768294410547 -0.923013195797546 -7.7012477772665E-15
vn -0.325421403785184 -0.945569093170076 -7.01036884897356E-15
vn -0.264762797427923 -0.964313569902519 -6.29123237216455E-15
vn -0.203036979379693 -0.979171070346939 -5.54673705792302E-15
vn -0.140492755421736 -0.990081706564669 -4.77988383429088E-15
vn -0.604353742878741 -0.796716105942673 -1.0128432476514E-14
vn -0.604353742878741 -0.796716105942673 -1.0128432476514E-14
vn -0.604353742878741 -0.796716105942673 -1.0128432476514E-14
vn -0.604353742878741 -0.796716105942673 -1.0128432476514E-14
vn -0.707106781186553 0.707106781186543 -6.91076885403605E-15
vn -0.707106781186553 0.707106781186543 -6.91076885403605E-15
vn -0.707106781186553 0.707106781186543 -6.91076885403605E-15
vn -0.707106781186553 0.707106781186543 -6.91076885403605E-15
vn -0.492699663837383 -0.870199426140083 -8.90317447300441E-15
vn -0.549050007813992 -0.835789500364449 -9.55707994277307E-15
vn -0.603006820848584 -0.797736030281999 -1.01103845710389E-14
vn -0.654334883380662 -0.75620490635225 -1.06636891993047E-14
vn -0.702810435635875 -0.711377179533693 -1.11163929860677E-14
vn -0.748222153085278 -0.66344827200953 -1.15690967728306E-14
vn -0.790372067694478 -0.612627125263284 -1.19715001388421E-14
vn -0.829076430946231 -0.559135289218504 -1.22733026633507E-14
vn -0.864166514874574 -0.503205956413011 -1.25751051878594E-14
vn -0.864166514874575 -0.503205956413009 -1.25661197659421E-14
vn -0.829076430946233 -0.559135289218501 -1.22859694899691E-14
vn -0.790372067694479 -0.612627125263283 -1.19522597062859E-14
vn -0.74822215308528 -0.663448272009527 -1.15664451907444E-14
vn -0.702810435635873 -0.711377179533694 -1.11302078647866E-14
vn -0.654334883380665 -0.756204906352248 -1.06454494632687E-14
vn -0.60300682084858 -0.797736030282003 -1.01142832440305E-14
vn -0.549050007813994 -0.835789500364447 -9.53902477535007E-15
vn -0.492699663837387 -0.870199426140081 -8.92218184144513E-15
vn -0.864166514874571 -0.503205956413015 -1.2566119765942E-14
vn -0.864166514874571 -0.503205956413015 -1.2566119765942E-14
vn -0.864166514874571 -0.503205956413015 -1.2566119765942E-14
vn -0.864166514874571 -0.503205956413015 -1.2566119765942E-14
vn -0.707106781186546 0.707106781186549 -6.91076885403595E-15
vn -0.707106781186546 0.707106781186549 -6.91076885403595E-15
vn -0.707106781186546 0.707106781186549 -6.91076885403595E-15
vn -0.707106781186546 0.707106781186549 -6.91076885403595E-15
vn -0.557238691664883 -0.83035235924974 -9.62841972143732E-15
vn -0.613141086813471 -0.789973422123299 -1.02061249047235E-14
vn -0.666127667237995 -0.745837737674936 -1.07838300880097E-14
vn -0.715946453329362 -0.698155194756229 -1.12652510740816E-14
vn -0.762360530039527 -0.64715254943317 -1.16985299615463E-14
vn -0.805149173539731 -0.593072346639335 -1.20836667504038E-14
vn -0.844108900880562 -0.536171766744772 -1.24206614406541E-14
vn -0.844108900880563 -0.536171766744769 -1.24089874140307E-14
vn -0.805149173539732 -0.593072346639334 -1.2082284085956E-14
vn -0.76236053003953 -0.647152549433167 -1.16981230167582E-14
vn -0.71594645332935 -0.698155194756241 -1.12583310983646E-14
vn -0.666127667237991 -0.74583773767494 -1.07649997772284E-14
vn -0.613141086813466 -0.789973422123302 -1.02204751083782E-14
vn -0.557238691664886 -0.830352359249738 -9.62734659866844E-15
vn -0.844108900880554 -0.536171766744784 -1.24089874140306E-14
vn -0.844108900880554 -0.536171766744784 -1.24089874140306E-14
vn -0.844108900880554 -0.536171766744784 -1.24089874140306E-14
vn -0.844108900880554 -0.536171766744784 -1.24089874140306E-14
vn -1.27866433152165E-14 -3.01334027541324E-15 1
vn -1.27866433152165E-14 -3.01334027541324E-15 1
vn -1.27866433152165E-14 -3.01334027541324E-15 1
vn -1.27866433152165E-14 -3.01334027541324E-15 1
vn -1.27866433152165E-14 -3.01334027541324E-15 1
vn -1.27866433152165E-14 -3.01334027541324E-15 1
vn -1.27866433152165E-14 -3.01334027541324E-15 1
vn -1.27866433152165E-14 -3.01334027541324E-15 1
vn -1.27866433152165E-14 -3.01334027541324E-15 1
vn -1.27866433152165E-14 -3.01334027541324E-15 1
vn -1.27866433152165E-14 -3.01334027541324E-15 1
vn -1.27866433152165E-14 -3.01334027541324E-15 1
vn -1.27866433152165E-14 -3.01334027541324E-15 1
vn -1.27866433152165E-14 -3.01334027541324E-15 1
vn -1.27866433152165E-14 -3.01334027541324E-15 1
vn -1.27866433152165E-14 -3.01334027541324E-15 1
vn -1.27866433152165E-14 -3.01334027541324E-15 1
vn -1.27866433152165E-14 -3.01334027541324E-15 1
vn -1.27866433152165E-14 -3.01334027541324E-15 1
vn -1.27866433152165E-14 -3.01334027541324E-15 1
vn -1.27866433152165E-14 -3.01334027541324E-15 1
vn -1.27866433152165E-14 -3.01334027541324E-15 1
vn -1.27866433152165E-14 -3.01334027541324E-15 1
vn -1.27866433152165E-14 -3.01334027541324E-15 1
vn -1.27866433152165E-14 -3.01334027541324E-15 1
vn -1.27866433152165E-14 -3.01334027541324E-15 1
vn -1.27866433152165E-14 -3.01334027541324E-15 1
vn -1.27866433152165E-14 -3.01334027541324E-15 1
vn -1.27866433152165E-14 -3.01334027541324E-15 1
vn -1.27866433152165E-14 -3.01334027541324E-15 1
vn -1.27866433152165E-14 -3.01334027541324E-15 1
vn -1.27866433152165E-14 -3.01334027541324E-15 1
vn -1.27866433152165E-14 -3.01334027541324E-15 1
vn -1.27866433152165E-14 -3.01334027541324E-15 1
vn -1.27866433152165E-14 -3.01334027541324E-15 1
vn -1.27866433152165E-14 -3.01334027541324E-15 1
vn -1.27866433152165E-14 -3.01334027541324E-15 1
vn -1.27866433152165E-14 -3.01334027541324E-15 1
vn -1.27866433152165E-14 -3.01334027541324E-15 1
vn -1.27866433152165E-14 -3.01334027541324E-15 1
vn -1.27866433152165E-14 -3.01334027541324E-15 1
vn -1.27866433152165E-14 -3.01334027541324E-15 1
vn -1.27866433152165E-14 -3.01334027541324E-15 1
vn -1.27866433152165E-14 -3.01334027541324E-15 1
vn -1.27866433152165E-14 -3.01334027541324E-15 1
vn -1.27866433152165E-14 -3.01334027541324E-15 1
vn -1.27866433152165E-14 -3.01334027541324E-15 1
vn -1.27866433152165E-14 -3.01334027541324E-15 1
vn -1.27866433152165E-14 -3.01334027541324E-15 1
vn -1.27866433152165E-14 -3.01334027541324E-15 1
vn -1.27866433152165E-14 -3.01334027541324E-15 1
vn -1.27866433152165E-14 -3.01334027541324E-15 1
vn -1.27866433152165E-14 -3.01334027541324E-15 1
vn -1.27866433152165E-14 -3.01334027541324E-15 1
vn -1.27866433152165E-14 -3.01334027541324E-15 1
vn -1.27866433152165E-14 -3.01334027541324E-15 1
vn -1.27866433152165E-14 -3.01334027541324E-15 1
vn -1.27866433152165E-14 -3.01334027541324E-15 1
vn -1.27866433152165E-14 -3.01334027541324E-15 1
vn -1.27866433152165E-14 -3.01334027541324E-15 1
vn -1.27866433152165E-14 -3.01334027541324E-15 1
vn -1.27866433152165E-14 -3.01334027541324E-15 1
vn -1.27866433152165E-14 -3.01334027541324E-15 1
vn -1.27866433152165E-14 -3.01334027541324E-15 1
vn -1.27866433152165E-14 -3.01334027541324E-15 1
vn -1.27866433152165E-14 -3.01334027541324E-15 1
vn -1.27866433152165E-14 -3.01334027541324E-15 1
vn -1.27866433152165E-14 -3.01334027541324E-15 1
vn -1.27866433152165E-14 -3.01334027541324E-15 1
vn -1.27866433152165E-14 -3.01334027541324E-15 1
vn -1.27866433152165E-14 -3.01334027541324E-15 1
vn -1.27866433152165E-14 -3.01334027541324E-15 1
vn -1.27866433152165E-14 -3.01334027541324E-15 1
vn -1.27866433152165E-14 -3.01334027541324E-15 1
vn -1.27866433152165E-14 -3.01334027541324E-15 1
vn -1.27866433152165E-14 -3.01334027541324E-15 1
vn -1.27866433152165E-14 -3.01334027541324E-15 1
vn -1.27866433152165E-14 -3.01334027541324E-15 1
vn -1.27866433152165E-14 -3.01334027541324E-15 1
vn -1.27866433152165E-14 -3.01334027541324E-15 1
vn -1.27866433152165E-14 -3.01334027541324E-15 1
vn -1.27866433152165E-14 -3.01334027541324E-15 1
vn -1.27866433152165E-14 -3.01334027541324E-15 1
vn -1.27866433152165E-14 -3.01334027541324E-15 1
vn -1.27866433152165E-14 -3.01334027541324E-15 1
vn -1.27866433152165E-14 -3.01334027541324E-15 1
vn -1.27866433152165E-14 -3.01334027541324E-15 1
vn -1.27866433152165E-14 -3.01334027541324E-15 1
vn -1.27866433152165E-14 -3.01334027541324E-15 1
vn -1.27866433152165E-14 -3.01334027541324E-15 1
vn -1.27866433152165E-14 -3.01334027541324E-15 1
vn -1.27866433152165E-14 -3.01334027541324E-15 1
vn -1.27866433152165E-14 -3.01334027541324E-15 1
vn -1.27866433152165E-14 -3.01334027541324E-15 1
vn -1.27866433152165E-14 -3.01334027541324E-15 1
vn -1.27866433152165E-14 -3.01334027541324E-15 1
vn -1.27866433152165E-14 -3.01334027541324E-15 1
vn -1.27866433152165E-14 -3.01334027541324E-15 1
vn -1.27866433152165E-14 -3.01334027541324E-15 1
vn -1.27866433152165E-14 -3.01334027541324E-15 1
vn -1.27866433152165E-14 -3.01334027541324E-15 1
vn -1.27866433152165E-14 -3.01334027541324E-15 1
vn -1.27866433152165E-14 -3.01334027541324E-15 1
vn -1.27866433152165E-14 -3.01334027541324E-15 1
vn -1.27866433152165E-14 -3.01334027541324E-15 1
vn -1.27866433152165E-14 -3.01334027541324E-15 1
vn -1.27866433152165E-14 -3.01334027541324E-15 1
vn -1.27866433152165E-14 -3.01334027541324E-15 1
vn -1.27866433152165E-14 -3.01334027541324E-15 1
vn -1.27866433152165E-14 -3.01334027541324E-15 1
vn -1.27866433152165E-14 -3.01334027541324E-15 1
vn -1.27866433152165E-14 -3.01334027541324E-15 1
vn -1.27866433152165E-14 -3.01334027541324E-15 1
vn -1.27866433152165E-14 -3.01334027541324E-15 1
vn -1.27866433152165E-14 -3.01334027541324E-15 1
vn -1.27866433152165E-14 -3.01334027541324E-15 1
vn -1.27866433152165E-14 -3.01334027541324E-15 1
vn -1.27866433152165E-14 -3.01334027541324E-15 1
vn -1.27866433152165E-14 -3.01334027541324E-15 1
vn -1.27866433152165E-14 -3.01334027541324E-15 1
vn -1.27866433152165E-14 -3.01334027541324E-15 1
vn -1.27866433152165E-14 -3.01334027541324E-15 1
vn -1.27866433152165E-14 -3.01334027541324E-15 1
vn -1.27866433152165E-14 -3.01334027541324E-15 1
vn -1.27866433152165E-14 -3.01334027541324E-15 1
vn -1.27866433152165E-14 -3.01334027541324E-15 1
vn -1.27866433152165E-14 -3.01334027541324E-15 1
vn -1.27866433152165E-14 -3.01334027541324E-15 1
vn -1.27866433152165E-14 -3.01334027541324E-15 1
vn -1.27866433152165E-14 -3.01334027541324E-15 1
vn -1.27866433152165E-14 -3.01334027541324E-15 1
vn -1.27866433152165E-14 -3.01334027541324E-15 1
vn -1.27866433152165E-14 -3.01334027541324E-15 1
vn -1.27866433152165E-14 -3.01334027541324E-15 1
vn -1.27866433152165E-14 -3.01334027541324E-15 1
vn -1.27866433152165E-14 -3.01334027541324E-15 1
vn -1.27866433152165E-14 -3.01334027541324E-15 1
vn -1.27866433152165E-14 -3.01334027541324E-15 1
vn -1.27866433152165E-14 -3.01334027541324E-15 1
vn -1.27866433152165E-14 -3.01334027541324E-15 1
vn -1.27866433152165E-14 -3.01334027541324E-15 1
vn -1.27866433152165E-14 -3.01334027541324E-15 1
vn -1.27866433152165E-14 -3.01334027541324E-15 1
vn -1.27866433152165E-14 -3.01334027541324E-15 1
vn -1.27866433152165E-14 -3.01334027541324E-15 1
vn -1.27866433152165E-14 -3.01334027541324E-15 1
vn -1.27866433152165E-14 -3.01334027541324E-15 1
vn -1.27866433152165E-14 -3.01334027541324E-15 1
vn -1.27866433152165E-14 -3.01334027541324E-15 1
vn -1.27866433152165E-14 -3.01334027541324E-15 1
vn -1.27866433152165E-14 -3.01334027541324E-15 1
vn -1.27866433152165E-14 -3.01334027541324E-15 1
vn -1.27866433152165E-14 -3.01334027541324E-15 1
vn -1.27866433152165E-14 -3.01334027541324E-15 1
vn -1.27866433152165E-14 -3.01334027541324E-15 1
vn -1.27866433152165E-14 -3.01334027541324E-15 1
vn -1.27866433152165E-14 -3.01334027541324E-15 1
vn -1.27866433152165E-14 -3.01334027541324E-15 1
vn -1.27866433152165E-14 -3.01334027541324E-15 1
vn -1.27866433152165E-14 -3.01334027541324E-15 1
vn -1.27866433152165E-14 -3.01334027541324E-15 1
vn -1.27866433152165E-14 -3.01334027541324E-15 1
vn -1.27866433152165E-14 -3.01334027541324E-15 1
vn -1.27866433152165E-14 -3.01334027541324E-15 1
vn -1.27866433152165E-14 -3.01334027541324E-15 1
vn -1.27866433152165E-14 -3.01334027541324E-15 1
vn -1.27866433152165E-14 -3.01334027541324E-15 1
vn -1.27866433152165E-14 -3.01334027541324E-15 1
vn -1.27866433152165E-14 -3.01334027541324E-15 1
vn -1.27866433152165E-14 -3.01334027541324E-15 1
vn -1.27866433152165E-14 -3.01334027541324E-15 1
vn -1.27866433152165E-14 -3.01334027541324E-15 1
vn -1.27866433152165E-14 -3.01334027541324E-15 1
vn -1.27866433152165E-14 -3.01334027541324E-15 1
vn -1.27866433152165E-14 -3.01334027541324E-15 1
vn -1.27866433152165E-14 -3.01334027541324E-15 1
vn -1.27866433152165E-14 -3.01334027541324E-15 1
vn -1.27866433152165E-14 -3.01334027541324E-15 1
vn -1.27866433152165E-14 -3.01334027541324E-15 1
vn -1.27866433152165E-14 -3.01334027541324E-15 1
vn -1.27866433152165E-14 -3.01334027541324E-15 1
vn -1.27866433152165E-14 -3.01334027541324E-15 1
vn -1.27866433152165E-14 -3.01334027541324E-15 1
vn -1.27866433152165E-14 -3.01334027541324E-15 1
vn -1.27866433152165E-14 -3.01334027541324E-15 1
vn -1.27866433152165E-14 -3.01334027541324E-15 1
vn -1.27866433152165E-14 -3.01334027541324E-15 1
vn -1.27866433152165E-14 -3.01334027541324E-15 1
vn -1.27866433152165E-14 -3.01334027541324E-15 1
vn -1.27866433152165E-14 -3.01334027541324E-15 1
vn -1.27866433152165E-14 -3.01334027541324E-15 1
vn -1.27866433152165E-14 -3.01334027541324E-15 1
vn -1.27866433152165E-14 -3.01334027541324E-15 1
vn -1.27866433152165E-14 -3.01334027541324E-15 1
vn -1.27866433152165E-14 -3.01334027541324E-15 1
vn -1.27866433152165E-14 -3.01334027541324E-15 1
vn -1.27866433152165E-14 -3.01334027541324E-15 1
vn -1.27866433152165E-14 -3.01334027541324E-15 1
vn -1.27866433152165E-14 -3.01334027541324E-15 1
vn -1.27866433152165E-14 -3.01334027541324E-15 1
vn -1.27866433152165E-14 -3.01334027541324E-15 1
vn -1.27866433152165E-14 -3.01334027541324E-15 1
vn -1.27866433152165E-14 -3.01334027541324E-15 1
vn -1.27866433152165E-14 -3.01334027541324E-15 1
vn -1.27866433152165E-14 -3.01334027541324E-15 1
vn 0.844108900880548 -0.536171766744793 9.17765145548744E-15
vn 0.844108900880548 -0.536171766744793 9.17765145548744E-15
vn 0.844108900880548 -0.536171766744793 9.17765145548744E-15
vn 0.844108900880548 -0.536171766744793 9.17765145548744E-15
vn 0.844108900880554 -0.536171766744784 9.19514083397255E-15
vn 0.805149173539725 -0.593072346639343 8.52115145347197E-15
vn 0.762360530039524 -0.647152549433174 7.79901997436419E-15
vn 0.715946453329345 -0.698155194756246 7.02874639664922E-15
vn 0.666127667237993 -0.745837737674938 6.25847281893421E-15
vn 0.61314108681347 -0.7899734221233 5.44005714261206E-15
vn 0.557238691664888 -0.830352359249737 4.62164146628988E-15
vn 0.557238691664885 -0.830352359249739 4.62307818484514E-15
vn 0.613141086813468 -0.789973422123301 5.45955764959783E-15
vn 0.666127667237983 -0.745837737674947 6.2700739895103E-15
vn 0.715946453329343 -0.698155194756248 7.05077276466862E-15
vn 0.762360530039521 -0.647152549433177 7.79794133367139E-15
vn 0.805149173539719 -0.593072346639351 8.50802650923153E-15
vn 0.844108900880553 -0.536171766744786 9.17765145548752E-15
vn 0.707106781186547 0.707106781186548 1.11722755395704E-14
vn 0.707106781186547 0.707106781186548 1.11722755395704E-14
vn 0.707106781186547 0.707106781186548 1.11722755395704E-14
vn 0.707106781186547 0.707106781186548 1.11722755395704E-14
vn 0.864166514874564 -0.503205956413028 9.53345821536756E-15
vn 0.864166514874564 -0.503205956413028 9.53345821536756E-15
vn 0.864166514874564 -0.503205956413028 9.53345821536756E-15
vn 0.864166514874564 -0.503205956413028 9.53345821536756E-15
vn 0.864166514874575 -0.503205956413008 9.55707994277305E-15
vn 0.82907643094623 -0.559135289218505 8.90317447300445E-15
vn 0.790372067694477 -0.612627125263286 8.24926900323574E-15
vn 0.748222153085284 -0.663448272009523 7.54506311271557E-15
vn 0.702810435635877 -0.71137717953369 6.84085722219541E-15
vn 0.654334883380668 -0.756204906352245 6.08635091092388E-15
vn 0.603006820848584 -0.797736030282 5.28154417890092E-15
vn 0.549050007814 -0.835789500364444 4.52703786762934E-15
vn 0.492699663837392 -0.870199426140078 3.67193071485492E-15
vn 0.492699663837388 -0.87019942614008 3.67776788458635E-15
vn 0.549050007813987 -0.835789500364452 4.50198844891856E-15
vn 0.60300682084858 -0.797736030282002 5.30658302563641E-15
vn 0.654334883380658 -0.756204906352253 6.08804406171591E-15
vn 0.702810435635868 -0.7113771795337 6.84296485258898E-15
vn 0.748222153085282 -0.663448272009525 7.56805439334518E-15
vn 0.79037206769448 -0.612627125263282 8.26015172555297E-15
vn 0.829076430946233 -0.5591352892185 8.91623971715526E-15
vn 0.864166514874574 -0.50320595641301 9.53345821536774E-15
vn 0.707106781186552 0.707106781186543 1.11722755395705E-14
vn 0.707106781186552 0.707106781186543 1.11722755395705E-14
vn 0.707106781186552 0.707106781186543 1.11722755395705E-14
vn 0.707106781186552 0.707106781186543 1.11722755395705E-14
vn 0.60435374287876 -0.796716105942659 5.32687901629934E-15
vn 0.60435374287876 -0.796716105942659 5.32687901629934E-15
vn 0.60435374287876 -0.796716105942659 5.32687901629934E-15
vn 0.60435374287876 -0.796716105942659 5.32687901629934E-15
vn 0.604353742878757 -0.796716105942661 5.32037617800034E-15
vn 0.552578701115827 -0.833460724373468 4.55649345219173E-15
vn 0.498576313004632 -0.866845811036027 3.76580782372317E-15
vn 0.450503287159402 -0.892774769053524 3.06893235456444E-15
vn 0.442564252555613 -0.896736796590779 2.95673813588197E-15
vn 0.384768294410551 -0.923013195797544 2.14423221279611E-15
vn 0.325421403785192 -0.945569093170073 1.31334223033762E-15
vn 0.264762797427925 -0.964313569902519 4.82452247879125E-16
vn 0.203036979379698 -0.979171070346938 -3.48437734579368E-16
vn 0.140492755421741 -0.990081706564669 -1.19272916836784E-15
vn 0.14049275542174 -0.990081706564669 -1.18702233039146E-15
vn 0.2030369793797 -0.979171070346938 -3.54414187668737E-16
vn 0.264762797427923 -0.964313569902519 4.7962253553499E-16
vn 0.325421403785191 -0.945569093170074 1.31172598570292E-15
vn 0.384768294410553 -0.923013195797543 2.13854210199732E-15
vn 0.442564252555611 -0.89673679659078 2.95673813588194E-15
vn 0.498576313004631 -0.866845811036027 3.76301608483783E-15
vn 0.552578701115826 -0.833460724373468 4.55412598602402E-15
vn 0.604353742878757 -0.796716105942661 5.32687901629929E-15
vn -0.707106781186545 0.70710678118655 -6.91076885403593E-15
vn -0.707106781186545 0.70710678118655 -6.91076885403593E-15
vn -0.707106781186545 0.70710678118655 -6.91076885403593E-15
vn -0.707106781186545 0.70710678118655 -6.91076885403593E-15
vn 0.707106781186548 0.707106781186547 1.11722755395705E-14
vn 0.707106781186548 0.707106781186547 1.11722755395705E-14
vn 0.707106781186548 0.707106781186547 1.11722755395705E-14
vn 0.707106781186548 0.707106781186547 1.11722755395705E-14
vn 3.86108281359404E-29 -1 -3.01334027541324E-15
vn 3.86108281359404E-29 -1 -3.01334027541324E-15
vn 3.86108281359404E-29 -1 -3.01334027541324E-15
vn 3.86108281359404E-29 -1 -3.01334027541324E-15
vn 1 7.29618112892988E-27 1.27866433152165E-14
vn 1 7.29618112892988E-27 1.27866433152165E-14
vn 1 7.29618112892988E-27 1.27866433152165E-14
vn 1 7.29618112892988E-27 1.27866433152165E-14
vn 1 7.29618112892988E-27 1.27866433152165E-14
vn 0.0928369466437995 -0.995681325192883 -1.81049619165855E-15
vn 0.161754963315524 -0.98683095403559 -9.05248095829273E-16
vn 0.229892023450942 -0.973216141231552 0
vn 0.296919159818453 -0.95490261939776 9.05248095829273E-16
vn 0.362512763922949 -0.931978806622202 1.83878519465321E-15
vn 0.426356148394743 -0.904555379579382 2.71574428748782E-15
vn 0.488141075963201 -0.872764739180891 3.62099238331709E-15
vn 0.547569247633099 -0.836760371340876 4.46966247315704E-15
vn 0.604353742878753 -0.796716105942664 5.31833256299698E-15
vn 0.604353742878753 -0.796716105942664 5.31833256299698E-15
vn 0.5475692476331 -0.836760371340876 4.46966247315704E-15
vn 0.488141075963202 -0.87276473918089 3.62099238331709E-15
vn 0.426356148394744 -0.904555379579382 2.71574428748782E-15
vn 0.362512763922949 -0.931978806622202 1.81049619165855E-15
vn 0.296919159818453 -0.95490261939776 9.05248095829273E-16
vn 0.229892023450942 -0.973216141231552 0
vn 0.161754963315525 -0.98683095403559 -9.05248095829273E-16
vn 0.0928369466438 -0.995681325192883 -1.81049619165855E-15
vn 0.604353742878734 -0.796716105942679 5.32687901629895E-15
vn 0.604353742878734 -0.796716105942679 5.32687901629895E-15
vn 0.604353742878734 -0.796716105942679 5.32687901629895E-15
vn 0.604353742878734 -0.796716105942679 5.32687901629895E-15
vn 0.707106781186553 0.707106781186542 1.11722755395705E-14
vn 0.707106781186553 0.707106781186542 1.11722755395705E-14
vn 0.707106781186553 0.707106781186542 1.11722755395705E-14
vn 0.707106781186553 0.707106781186542 1.11722755395705E-14
vn 0.707106781186553 0.707106781186542 1.11722755395705E-14
vn 0.168206568339118 -0.985751769142505 -8.77159111116825E-16
vn 0.221804943342935 -0.975091055803835 -1.2530844444526E-16
vn 0.274740911943228 -0.961518294836143 6.26542222226304E-16
vn 0.326856384225313 -0.945074020429699 1.37839288889787E-15
vn 0.377995720634694 -0.925807342367654 2.0435239024043E-15
vn 0.428006196784817 -0.903775799362761 2.7493785588262E-15
vn 0.476738459558738 -0.879045187221659 3.5086364444673E-15
vn 0.524046973142709 -0.851689362349892 4.13517866669359E-15
vn 0.569790453659696 -0.821790021184413 4.76172088891992E-15
vn 0.613832291104745 -0.789436456212341 5.51357155559151E-15
vn 0.656040957322054 -0.754725289304634 6.14011377781781E-15
vn 0.696290398805492 -0.717760183160984 6.76665600004407E-15
vn 0.734460413149383 -0.678651531727762 7.3931982222704E-15
vn 0.770437008025429 -0.637516130513436 7.89443200005145E-15
vn 0.80411274161352 -0.594476827786238 8.52097422227771E-15
vn 0.835387043469922 -0.549662157695599 9.02220800005883E-15
vn 0.864166514874572 -0.503205956413015 9.52344177783982E-15
vn 0.864166514874573 -0.503205956413013 9.5234417778398E-15
vn 0.828388048655973 -0.560154657968627 8.90436591343494E-15
vn 0.788862573500872 -0.614569638144922 8.23499690941117E-15
vn 0.745768873143356 -0.666204764205788 7.51850666671558E-15
vn 0.699301871303787 -0.714826477399251 6.76665600004406E-15
vn 0.649671749999444 -0.760214849402891 6.01633491554245E-15
vn 0.597102998838003 -0.80216457711536 5.21774824085612E-15
vn 0.541833399594178 -0.840485911294303 4.5111040000294E-15
vn 0.484112950662613 -0.875005514840186 3.55349026532319E-15
vn 0.424202736251768 -0.90556724684394 2.75678577779573E-15
vn 0.362373745433874 -0.932032868851859 1.82501164794175E-15
vn 0.298905646392846 -0.954282670153071 9.46421481228407E-16
vn 0.234085521414192 -0.972216009261443 0
vn 0.16820656833912 -0.985751769142504 -7.51850666671565E-16
vn 0.864166514874544 -0.503205956413062 9.5334582153672E-15
vn 0.864166514874544 -0.503205956413062 9.5334582153672E-15
vn 0.864166514874544 -0.503205956413062 9.5334582153672E-15
vn 0.864166514874544 -0.503205956413062 9.5334582153672E-15
vn 0.707106781186547 0.707106781186548 1.11722755395704E-14
vn 0.707106781186547 0.707106781186548 1.11722755395704E-14
vn 0.707106781186547 0.707106781186548 1.11722755395704E-14
vn 0.707106781186547 0.707106781186548 1.11722755395704E-14
vn 0.707106781186547 0.707106781186548 1.11722755395704E-14
vn 0.291091324016544 -0.956695270753596 8.30766486566095E-16
vn 0.333216711869324 -0.942850265382047 1.42417111982759E-15
vn 0.374686918201829 -0.927151397199193 2.0175757530891E-15
vn 0.415420402947657 -0.909629533829463 2.5708092083615E-15
vn 0.455337074606215 -0.890319127329664 3.08570409295979E-15
vn 0.494358447721398 -0.869258146448159 3.67910872622127E-15
vn 0.532407797202124 -0.846488001969539 4.25695221207478E-15
vn 0.569410309181806 -0.822053465291328 4.74723706609199E-15
vn 0.605293228119693 -0.79600258039308 5.34064169935349E-15
vn 0.639985999855271 -0.768386569370685 5.81536540596264E-15
vn 0.673420410334059 -0.739259731721881 6.40877003922419E-15
vn 0.705530719732402 -0.708679337580741 6.88349374583341E-15
vn 0.73625379171716 -0.67670551511134 7.35821745244257E-15
vn 0.765529217586437 -0.643401132281797 7.8497625075033E-15
vn 0.793299435047168 -0.60883167325119 8.30766486566101E-15
vn 0.819509841395927 -0.573065109612532 8.78238857227018E-15
vn 0.84410890088055 -0.53617176674479 9.13843135222704E-15
vn 0.844108900880551 -0.536171766744789 9.25711227887933E-15
vn 0.807792748955714 -0.58946660188222 8.54502671896555E-15
vn 0.768116823536797 -0.640309726148011 7.83294115905176E-15
vn 0.725246144825766 -0.688489672700589 7.19881010966814E-15
vn 0.679359020649953 -0.733806051393376 6.40877003922416E-15
vn 0.630646304843756 -0.776070382237923 5.7252852187435E-15
vn 0.579310603448863 -0.815106879330383 4.95124366677078E-15
vn 0.525565432034816 -0.850753181980565 4.27251335948277E-15
vn 0.469634327644474 -0.88286103000298 3.3446859368706E-15
vn 0.411749919058251 -0.911296880360909 2.51885175761714E-15
vn 0.35215295924398 -0.935942462598908 1.66153297313219E-15
vn 0.291091324016546 -0.956695270753595 9.49447413218393E-16
vn 0.844108900880569 -0.53617176674476 9.17765145548781E-15
vn 0.844108900880569 -0.53617176674476 9.17765145548781E-15
vn 0.844108900880569 -0.53617176674476 9.17765145548781E-15
vn 0.844108900880569 -0.53617176674476 9.17765145548781E-15
vn -1 -6.92556151067173E-27 -1.27866433152165E-14
vn -1 -6.92556151067173E-27 -1.27866433152165E-14
vn -1 -6.92556151067173E-27 -1.27866433152165E-14
vn -1 -6.92556151067173E-27 -1.27866433152165E-14
vn -1 -6.92556151067173E-27 -1.27866433152165E-14
vn -0.604353742878755 -0.796716105942663 -1.012746307209E-14
vn -0.547569247633101 -0.836760371340875 -9.53339400920202E-15
vn -0.4881410759632 -0.872764739180891 -8.88274694032474E-15
vn -0.426356148394742 -0.904555379579382 -8.17552186545811E-15
vn -0.362512763922951 -0.931978806622201 -7.44000778759683E-15
vn -0.296919159818455 -0.95490261939776 -6.67620470674088E-15
vn -0.229892023450941 -0.973216141231552 -5.88411262289027E-15
vn -0.161754963315531 -0.986830954035589 -5.03544253305032E-15
vn -0.0928369466438025 -0.995681325192883 -4.18677244321038E-15
vn -0.092836946643802 -0.995681325192883 -4.18677244321038E-15
vn -0.16175496331553 -0.986830954035589 -5.03544253305033E-15
vn -0.22989202345094 -0.973216141231552 -5.88411262289027E-15
vn -0.296919159818455 -0.95490261939776 -6.67620470674088E-15
vn -0.362512763922951 -0.931978806622202 -7.4682967905915E-15
vn -0.426356148394742 -0.904555379579383 -8.20381086845278E-15
vn -0.488141075963203 -0.87276473918089 -8.88274694032473E-15
vn -0.547569247633101 -0.836760371340875 -9.50510500620736E-15
vn -0.604353742878754 -0.796716105942663 -1.012746307209E-14
vn -0.604353742878734 -0.796716105942679 -1.01284324765139E-14
vn -0.604353742878734 -0.796716105942679 -1.01284324765139E-14
vn -0.604353742878734 -0.796716105942679 -1.01284324765139E-14
vn -0.604353742878734 -0.796716105942679 -1.01284324765139E-14
vn -0.707106781186554 0.707106781186541 -6.91076885403608E-15
vn -0.707106781186554 0.707106781186541 -6.91076885403608E-15
vn -0.707106781186554 0.707106781186541 -6.91076885403608E-15
vn -0.707106781186554 0.707106781186541 -6.91076885403608E-15
vn -0.707106781186554 0.707106781186541 -6.91076885403608E-15
vn -0.864166514874576 -0.503205956413007 -1.25308444445259E-14
vn -0.835387043469926 -0.549662157695594 -1.22802275556355E-14
vn -0.804112741613525 -0.594476827786232 -1.20296106667449E-14
vn -0.770437008025436 -0.637516130513429 -1.17789937778544E-14
vn -0.734460413149402 -0.678651531727742 -1.1436291325614E-14
vn -0.6962903988055 -0.717760183160976 -1.10660726413427E-14
vn -0.656040957322072 -0.754725289304618 -1.0651217777847E-14
vn -0.613832291104765 -0.789436456212326 -1.02752924445113E-14
vn -0.569790453659719 -0.821790021184397 -9.76204026412986E-15
vn -0.52404697314272 -0.851689362349885 -9.27282488894921E-15
vn -0.476738459558764 -0.879045187221645 -8.74474690358684E-15
vn -0.428006196784861 -0.90377579936274 -8.19614659115391E-15
vn -0.377995720634722 -0.925807342367643 -7.64381511116085E-15
vn -0.326856384225339 -0.94507402042969 -7.01727288893454E-15
vn -0.274740911943272 -0.96151829483613 -6.41039584849229E-15
vn -0.221804943342964 -0.975091055803828 -5.77442184672717E-15
vn -0.168206568339145 -0.9857517691425 -5.13764622225563E-15
vn -0.168206568339143 -0.9857517691425 -5.01233777781037E-15
vn -0.234085521414216 -0.972216009261437 -5.92278572468908E-15
vn -0.29890564639287 -0.954282670153064 -6.76665600004403E-15
vn -0.362373745433882 -0.932032868851856 -7.44207601138235E-15
vn -0.424202736251789 -0.90556724684393 -8.27035733338711E-15
vn -0.484112950662636 -0.875005514840173 -8.77159111116821E-15
vn -0.541833399594197 -0.840485911294292 -9.52344177783972E-15
vn -0.597102998838007 -0.802164577115357 -1.00246755556207E-14
vn -0.64967174999945 -0.760214849402885 -1.05979069628884E-14
vn -0.699301871303801 -0.714826477399237 -1.10271431111827E-14
vn -0.745768873143352 -0.666204764205792 -1.15433822241285E-14
vn -0.788862573500873 -0.614569638144922 -1.19388117947476E-14
vn -0.828388048655983 -0.560154657968612 -1.22802275556353E-14
vn -0.864166514874576 -0.503205956413008 -1.2530844444526E-14
vn -0.864166514874567 -0.503205956413022 -1.2566119765942E-14
vn -0.864166514874567 -0.503205956413022 -1.2566119765942E-14
vn -0.864166514874567 -0.503205956413022 -1.2566119765942E-14
vn -0.864166514874567 -0.503205956413022 -1.2566119765942E-14
vn -0.707106781186548 0.707106781186548 -6.91076885403597E-15
vn -0.707106781186548 0.707106781186548 -6.91076885403597E-15
vn -0.707106781186548 0.707106781186548 -6.91076885403597E-15
vn -0.707106781186548 0.707106781186548 -6.91076885403597E-15
vn -0.844108900880566 -0.536171766744765 -1.24614972984912E-14
vn -0.820310165457583 -0.571918903732823 -1.22241354451868E-14
vn -0.794998583175129 -0.60661128636841 -1.1993289539897E-14
vn -0.768220834605232 -0.640184933654676 -1.17520608437094E-14
vn -0.740026304278923 -0.672577927808576 -1.15120498852729E-14
vn -0.710466989609457 -0.70373052845196 -1.12050675277939E-14
vn -0.679597404996676 -0.733585282787069 -1.09003116937119E-14
vn -0.647474481289551 -0.762087131553097 -1.05626024720544E-14
vn -0.614157460792131 -0.789183510568589 -1.02065596920976E-14
vn -0.579707788006719 -0.814824447672231 -9.86786003785713E-15
vn -0.544188996315507 -0.83896265488347 -9.49447413218388E-15
vn -0.507666590810039 -0.861553615612698 -9.13843135222697E-15
vn -0.470207927484171 -0.882555666760483 -8.66370764561774E-15
vn -0.431882089013646 -0.901930075554202 -8.18898393900854E-15
vn -0.392759757351227 -0.919641110980477 -7.79327052446436E-15
vn -0.352913083372362 -0.935656109681657 -7.33202395759586E-15
vn -0.312415553811894 -0.94994553619479 -6.8834937458333E-15
vn -0.291091324016569 -0.956695270753588 -6.64613189252869E-15
vn -0.291091324016567 -0.956695270753589 -6.6461318925287E-15
vn -0.352152959244001 -0.9359424625989 -7.3582174524425E-15
vn -0.411749919058272 -0.911296880360899 -8.01094694251732E-15
vn -0.469634327644482 -0.882861030002976 -8.78238857227013E-15
vn -0.525565432034835 -0.850753181980553 -9.28382654593507E-15
vn -0.579310603448881 -0.815106879330369 -9.96919783879305E-15
vn -0.630646304843773 -0.77607038223791 -1.04439215454022E-14
vn -0.67935902064997 -0.733806051393359 -1.09186452520114E-14
vn -0.725246144825791 -0.688489672700563 -1.13481174295779E-14
vn -0.768116823536813 -0.640309726147992 -1.17511069335229E-14
vn -0.807792748955728 -0.5894666018822 -1.21054545185344E-14
vn -0.844108900880567 -0.536171766744763 -1.24089874140307E-14
vn -0.844108900880569 -0.53617176674476 -1.24089874140307E-14
vn -0.844108900880569 -0.53617176674476 -1.24089874140307E-14
vn -0.844108900880569 -0.53617176674476 -1.24089874140307E-14
vn -0.844108900880569 -0.53617176674476 -1.24089874140307E-14
vn -0.707106781186546 0.707106781186549 -6.91076885403595E-15
vn -0.707106781186546 0.707106781186549 -6.91076885403595E-15
vn -0.707106781186546 0.707106781186549 -6.91076885403595E-15
vn -0.707106781186546 0.707106781186549 -6.91076885403595E-15
vn 0.707106781186549 0.707106781186546 1.11722755395705E-14
vn 0.707106781186549 0.707106781186546 1.11722755395705E-14
vn 0.707106781186549 0.707106781186546 1.11722755395705E-14
vn 0.707106781186549 0.707106781186546 1.11722755395705E-14
vn -0.0685331126974747 0.99764884226064 2.14947019782886E-15
vn -0.132679764888534 0.991158957982585 1.27806336087122E-15
vn -0.196274879027796 0.980548913549255 4.64750313044079E-16
vn -0.259054095848533 0.965862813977275 -4.06656523913569E-16
vn -0.32075644769703 0.947161708084096 -1.21996957174071E-15
vn -0.381125443352047 0.924523334713465 -2.09137640869835E-15
vn -0.439910134236152 0.898041799581919 -2.90468945652549E-15
vn -0.496866157586777 0.867827184089639 -3.71800250435263E-15
vn -0.551756752250606 0.83400508772181 -4.53131555217976E-15
vn -0.604353742878754 0.796716105942663 -5.34462860000691E-15
vn -0.604353742878755 0.796716105942663 -5.32687901629926E-15
vn -0.551756752250607 0.834005087721809 -4.5419756670591E-15
vn -0.496866157586777 0.867827184089639 -3.7381917265485E-15
vn -0.439910134236152 0.898041799581918 -2.9188684535419E-15
vn -0.381125443352047 0.924523334713465 -2.08741170244493E-15
vn -0.320756447697031 0.947161708084096 -1.24727776545882E-15
vn -0.259054095848534 0.965862813977274 -4.01959005079414E-16
vn -0.196274879027797 0.980548913549255 4.45030663344957E-16
vn -0.132679764888535 0.991158957982585 1.29017037864907E-15
vn -0.0685331126974757 0.99764884226064 2.12994696975922E-15
vn -0.707106781186553 -0.707106781186542 -1.11722755395705E-14
vn -0.707106781186553 -0.707106781186542 -1.11722755395705E-14
vn -0.707106781186553 -0.707106781186542 -1.11722755395705E-14
vn -0.707106781186553 -0.707106781186542 -1.11722755395705E-14
vn 0.115935143794348 0.993256785747464 4.53388094969805E-15
vn 0.0479610872852684 0.998849204888513 3.68377827162967E-15
vn -0.0202360720921749 0.999795229727708 2.83367559356129E-15
vn -0.088339098371648 0.996090459596358 1.9835729154929E-15
vn -0.156031193470236 0.987752128149696 8.50102678068387E-16
vn -0.222997470853087 0.974819023200269 0
vn -0.288926420306121 0.957351306286825 -8.50102678068386E-16
vn -0.353511357002878 0.935430232818025 -1.70020535613677E-15
vn -0.416451848124881 0.909157774092798 -2.55030803420517E-15
vn -0.477455110399296 0.878656142955591 -3.40041071227354E-15
vn -0.536237372052682 0.844067225293124 -4.25051339034193E-15
vn -0.592525192845778 0.805551920016999 -5.10061606841034E-15
vn -0.646056736048348 0.763289390602643 -5.95071874647876E-15
vn -0.696582986437601 0.71747623166602 -6.80082142454715E-15
vn -0.743868908654086 0.668325554455147 -7.36755654325931E-15
vn -0.78769454052685 0.616065995510379 -8.2176592213277E-15
vn -0.827856016281964 0.560940653104904 -8.78439434003993E-15
vn -0.864166514874571 0.503205956413015 -9.63449701810843E-15
vn -0.864166514874572 0.503205956413014 -9.5334582153677E-15
vn -0.827856016281965 0.560940653104902 -8.89519453443593E-15
vn -0.787694540526853 0.616065995510376 -8.21555265447624E-15
vn -0.743868908654088 0.668325554455145 -7.4976940979116E-15
vn -0.696582986437603 0.717476231666018 -6.74495816149498E-15
vn -0.646056736048352 0.76328939060264 -5.96084638274468E-15
vn -0.59252519284578 0.805551920016997 -5.14900625167517E-15
vn -0.536237372052686 0.844067225293122 -4.31321424359466E-15
vn -0.4774551103993 0.878656142955589 -3.45735825189582E-15
vn -0.416451848124885 0.909157774092796 -2.58541950255673E-15
vn -0.353511357002882 0.935430232818023 -1.70145403448428E-15
vn -0.288926420306125 0.957351306286824 -8.09573831843179E-16
vn -0.222997470853091 0.974819023200268 8.6072303854502E-17
vn -0.156031193470241 0.987752128149695 9.81318052927116E-16
vn -0.0883390983716529 0.996090459596358 1.87199895819045E-15
vn -0.0202360720921799 0.999795229727708 2.75397179696083E-15
vn 0.0479610872852634 0.998849204888513 3.62313385428168E-15
vn 0.115935143794343 0.993256785747465 4.47544200771694E-15
vn -0.707106781186549 -0.707106781186547 -1.11722755395705E-14
vn -0.707106781186549 -0.707106781186547 -1.11722755395705E-14
vn -0.707106781186549 -0.707106781186547 -1.11722755395705E-14
vn -0.707106781186549 -0.707106781186547 -1.11722755395705E-14
vn -0.075865017301607 0.997118096892152 2.13230512019196E-15
vn -0.14181279917377 0.989893494266176 1.06615256009598E-15
vn -0.207136419689819 0.978312068635608 2.66538140023996E-16
vn -0.271548369684124 0.962424793384862 -5.33076280047992E-16
vn -0.334765152530898 0.942301593255028 -1.33269070011998E-15
vn -0.396508531899293 0.918031036583768 -2.39884326021596E-15
vn -0.45650675635627 0.889719945489072 -3.19845768028795E-15
vn -0.514495755427514 0.857492925712552 -3.99807210035995E-15
vn -0.570220301852102 0.821491818191574 -4.79768652043192E-15
vn -0.623435134915414 0.781875074774097 -5.59730094050389E-15
vn -0.673906039916356 0.738817060823757 -6.39691536057586E-15
vn -0.721410879017624 0.692507287784771 -7.19652978064794E-15
vn -0.765740568942083 0.643149579084256 -7.72960606069586E-15
vn -0.806700001211901 0.590961173043305 -8.52922048076789E-15
vn -0.844108900880547 0.536171766744794 -9.06229676081586E-15
vn -0.844108900880548 0.536171766744793 -9.17765145548744E-15
vn -0.806700001211902 0.590961173043303 -8.53421807394446E-15
vn -0.765740568942084 0.643149579084254 -7.85322299728371E-15
vn -0.721410879017626 0.692507287784769 -7.13766349241614E-15
vn -0.673906039916358 0.738817060823755 -6.39068895483786E-15
vn -0.623435134915417 0.781875074774095 -5.61558704717878E-15
vn -0.570220301852105 0.821491818191572 -4.81576922919883E-15
vn -0.514495755427517 0.85749292571255 -3.99475574291295E-15
vn -0.456506756356273 0.88971994548907 -3.15616011893341E-15
vn -0.396508531899297 0.918031036583766 -2.30367327221922E-15
vn -0.334765152530902 0.942301593255027 -1.44104725723525E-15
vn -0.271548369684129 0.962424793384861 -5.72078754016629E-16
vn -0.207136419689824 0.978312068635607 2.9940764217776E-16
vn -0.141812799173774 0.989893494266175 1.16957625407433E-15
vn -0.0758650173016116 0.997118096892152 2.03459720437009E-15
vn -0.707106781186549 -0.707106781186547 -1.11722755395705E-14
vn -0.707106781186549 -0.707106781186547 -1.11722755395705E-14
vn -0.707106781186549 -0.707106781186547 -1.11722755395705E-14
vn -0.707106781186549 -0.707106781186547 -1.11722755395705E-14
vn 0.707106781186546 -0.707106781186549 6.91076885403594E-15
vn 0.707106781186546 -0.707106781186549 6.91076885403594E-15
vn 0.707106781186546 -0.707106781186549 6.91076885403594E-15
vn 0.707106781186546 -0.707106781186549 6.91076885403594E-15
vn 0.844108900880565 0.536171766744767 1.25272925811277E-14
vn 0.806700001211924 0.590961173043273 1.19942163010796E-14
vn 0.765740568942101 0.643149579084234 1.17276781610557E-14
vn 0.721410879017645 0.692507287784749 1.11946018810078E-14
vn 0.673906039916377 0.738817060823738 1.09280637409837E-14
vn 0.623435134915435 0.78187507477408 1.03949874609357E-14
vn 0.570220301852123 0.821491818191559 9.86191118088775E-15
vn 0.514495755427548 0.857492925712531 9.06229676081574E-15
vn 0.456506756356306 0.889719945489054 8.52922048076773E-15
vn 0.396508531899317 0.918031036583758 7.72960606069582E-15
vn 0.334765152530922 0.94230159325502 7.19652978064784E-15
vn 0.271548369684164 0.962424793384851 6.39691536057581E-15
vn 0.20713641968986 0.9783120686356 5.59730094050385E-15
vn 0.141812799173795 0.989893494266173 4.79768652043189E-15
vn 0.0758650173016329 0.99711809689215 3.9980721003599E-15
vn 0.0758650173016283 0.99711809689215 3.97471503704717E-15
vn 0.141812799173791 0.989893494266173 4.79619561520949E-15
vn 0.207136419689856 0.978312068635601 5.59656667450767E-15
vn 0.27154836968416 0.962424793384852 6.37230553794274E-15
vn 0.334765152530918 0.942301593255021 7.11999794231831E-15
vn 0.396508531899313 0.918031036583759 7.83635306545386E-15
vn 0.456506756356302 0.889719945489056 8.51821801009511E-15
vn 0.514495755427545 0.857492925712533 9.16259168077638E-15
vn 0.570220301852119 0.821491818191562 9.76663799255721E-15
vn 0.623435134915432 0.781875074774083 1.0327698353496E-14
vn 0.673906039916374 0.738817060823741 1.08433033659233E-14
vn 0.721410879017641 0.692507287784752 1.13111836950144E-14
vn 0.765740568942099 0.643149579084237 1.17292800568232E-14
vn 0.806700001211922 0.590961173043276 1.20957522818183E-14
vn 0.844108900880563 0.53617176674477 1.24089874140307E-14
vn 0.707106781186546 -0.70710678118655 6.91076885403594E-15
vn 0.707106781186546 -0.70710678118655 6.91076885403594E-15
vn 0.707106781186546 -0.70710678118655 6.91076885403594E-15
vn 0.707106781186546 -0.70710678118655 6.91076885403594E-15
vn 0.864166514874581 0.503205956412998 1.24681726116695E-14
vn 0.827856016281972 0.560940653104892 1.21848050523134E-14
vn 0.787694540526858 0.616065995510369 1.19014374929573E-14
vn 0.743868908654094 0.668325554455138 1.16180699336012E-14
vn 0.696582986437619 0.717476231666003 1.1051334814889E-14
vn 0.646056736048368 0.763289390602627 1.04845996961767E-14
vn 0.592525192845797 0.805551920016985 9.9178645774644E-15
vn 0.536237372052704 0.84406722529311 9.35112945875214E-15
vn 0.477455110399304 0.878656142955587 8.78439434003993E-15
vn 0.41645184812489 0.909157774092794 7.93429166197162E-15
vn 0.353511357002887 0.935430232818021 7.36755654325931E-15
vn 0.288926420306129 0.957351306286823 6.51745386519093E-15
vn 0.222997470853095 0.974819023200267 5.66735118712254E-15
vn 0.156031193470245 0.987752128149695 5.10061606841029E-15
vn 0.0883390983716756 0.996090459596356 4.25051339034191E-15
vn 0.0202360720922029 0.999795229727707 3.40041071227354E-15
vn -0.0479610872852583 0.998849204888514 2.26694047484902E-15
vn -0.115935143794338 0.993256785747465 1.41683779678064E-15
vn -0.115935143794343 0.993256785747465 1.51059934492374E-15
vn -0.0479610872852632 0.998849204888513 2.39661122202842E-15
vn 0.0202360720921979 0.999795229727708 3.27147466884848E-15
vn 0.0883390983716707 0.996090459596356 4.13112004152296E-15
vn 0.15603119347024 0.987752128149696 4.97154848683011E-15
vn 0.222997470853091 0.974819023200268 5.78885054384222E-15
vn 0.288926420306125 0.957351306286824 6.5792243297503E-15
vn 0.353511357002882 0.935430232818023 7.33899322526375E-15
vn 0.416451848124886 0.909157774092796 8.06462297731449E-15
vn 0.4774551103993 0.878656142955589 8.75273813951049E-15
vn 0.536237372052701 0.844067225293112 9.40013777385895E-15
vn 0.592525192845793 0.805551920016988 1.00038103407227E-14
vn 0.646056736048365 0.763289390602629 1.05609477077419E-14
vn 0.696582986437616 0.717476231666006 1.1068958212557E-14
vn 0.743868908654091 0.668325554455141 1.15254787185668E-14
vn 0.787694540526856 0.616065995510371 1.19283856076442E-14
vn 0.827856016281971 0.560940653104894 1.22758046586712E-14
vn 0.86416651487458 0.503205956413001 1.25661197659421E-14
vn 0.707106781186551 -0.707106781186544 6.91076885403603E-15
vn 0.707106781186551 -0.707106781186544 6.91076885403603E-15
vn 0.707106781186551 -0.707106781186544 6.91076885403603E-15
vn 0.707106781186551 -0.707106781186544 6.91076885403603E-15
vn 0.604353742878755 0.796716105942662 1.01083193087087E-14
vn 0.551756752250607 0.834005087721809 9.5854752065341E-15
vn 0.496866157586778 0.867827184089639 8.94644352609851E-15
vn 0.439910134236153 0.898041799581918 8.3074118456629E-15
vn 0.381125443352045 0.924523334713466 7.6683801652273E-15
vn 0.320756447697031 0.947161708084096 6.97125469566117E-15
vn 0.259054095848538 0.965862813977273 6.21603543696455E-15
vn 0.196274879027798 0.980548913549254 5.46081617826792E-15
vn 0.132679764888539 0.991158957982584 4.70559691957129E-15
vn 0.0685331126974767 0.99764884226064 3.89228387174416E-15
vn 0.0685331126974757 0.99764884226064 3.88256390444753E-15
vn 0.132679764888538 0.991158957982584 4.68322803620206E-15
vn 0.196274879027797 0.980548913549255 5.46442440307637E-15
vn 0.259054095848537 0.965862813977273 6.22290564084283E-15
vn 0.320756447697031 0.947161708084096 6.95551881005683E-15
vn 0.381125443352044 0.924523334713466 7.65921850254778E-15
vn 0.439910134236152 0.898041799581918 8.33107950091146E-15
vn 0.496866157586777 0.867827184089639 8.96830893838003E-15
vn 0.551756752250606 0.83400508772181 9.56825790852245E-15
vn 0.604353742878754 0.796716105942663 1.01284324765141E-14
vn 1 6.92373134117113E-27 1.27866433152165E-14
vn 1 6.92373134117113E-27 1.27866433152165E-14
vn 1 6.92373134117113E-27 1.27866433152165E-14
vn 1 6.92373134117113E-27 1.27866433152165E-14
vn -3.85514268618853E-29 1 3.01334027541324E-15
vn -3.85514268618853E-29 1 3.01334027541324E-15
vn -3.85514268618853E-29 1 3.01334027541324E-15
vn -3.85514268618853E-29 1 3.01334027541324E-15
vn -1 -7.29764452115197E-27 -1.27866433152165E-14
vn -1 -7.29764452115197E-27 -1.27866433152165E-14
vn -1 -7.29764452115197E-27 -1.27866433152165E-14
vn -1 -7.29764452115197E-27 -1.27866433152165E-14
vn -1.27866433152165E-14 -3.01334027541324E-15 1
vn -1.27866433152165E-14 -3.01334027541324E-15 1
vn -1.27866433152165E-14 -3.01334027541324E-15 1
vn -1.27866433152165E-14 -3.01334027541324E-15 1
vn -1.27866433152165E-14 -3.01334027541324E-15 1
vn -1.27866433152165E-14 -3.01334027541324E-15 1
vn -1.27866433152165E-14 -3.01334027541324E-15 1
vn -1.27866433152165E-14 -3.01334027541324E-15 1
vn -1.27866433152165E-14 -3.01334027541324E-15 1
vn -1.27866433152165E-14 -3.01334027541324E-15 1
vn -1.27866433152165E-14 -3.01334027541324E-15 1
vn -1.27866433152165E-14 -3.01334027541324E-15 1
vn -1.27866433152165E-14 -3.01334027541324E-15 1
vn -1.27866433152165E-14 -3.01334027541324E-15 1
vn -1.27866433152165E-14 -3.01334027541324E-15 1
vn -1.27866433152165E-14 -3.01334027541324E-15 1
vn -1.27866433152165E-14 -3.01334027541324E-15 1
vn -1.27866433152165E-14 -3.01334027541324E-15 1
vn -1.27866433152165E-14 -3.01334027541324E-15 1
vn -1.27866433152165E-14 -3.01334027541324E-15 1
vn -1.27866433152165E-14 -3.01334027541324E-15 1
vn -1.27866433152165E-14 -3.01334027541324E-15 1
vn -1.27866433152165E-14 -3.01334027541324E-15 1
vn -1.27866433152165E-14 -3.01334027541324E-15 1
vn -1.27866433152165E-14 -3.01334027541324E-15 1
vn -1.27866433152165E-14 -3.01334027541324E-15 1
vn -1.27866433152165E-14 -3.01334027541324E-15 1
vn -1.27866433152165E-14 -3.01334027541324E-15 1
vn -1.27866433152165E-14 -3.01334027541324E-15 1
vn -1.27866433152165E-14 -3.01334027541324E-15 1
vn -1.27866433152165E-14 -3.01334027541324E-15 1
vn -1.27866433152165E-14 -3.01334027541324E-15 1
vn -1.27866433152165E-14 -3.01334027541324E-15 1
vn -1.27866433152165E-14 -3.01334027541324E-15 1
vn -1.27866433152165E-14 -3.01334027541324E-15 1
vn -1.27866433152165E-14 -3.01334027541324E-15 1
vn -1.27866433152165E-14 -3.01334027541324E-15 1
vn -1.27866433152165E-14 -3.01334027541324E-15 1
vn -1.27866433152165E-14 -3.01334027541324E-15 1
vn -1.27866433152165E-14 -3.01334027541324E-15 1
vn -1.27866433152165E-14 -3.01334027541324E-15 1
vn -1.27866433152165E-14 -3.01334027541324E-15 1
vn -1.27866433152165E-14 -3.01334027541324E-15 1
vn -1.27866433152165E-14 -3.01334027541324E-15 1
vn -1.27866433152165E-14 -3.01334027541324E-15 1
vn -1.27866433152165E-14 -3.01334027541324E-15 1
vn -1.27866433152165E-14 -3.01334027541324E-15 1
vn -1.27866433152165E-14 -3.01334027541324E-15 1
vn -1.27866433152165E-14 -3.01334027541324E-15 1
vn -1.27866433152165E-14 -3.01334027541324E-15 1
vn -1.27866433152165E-14 -3.01334027541324E-15 1
vn -1.27866433152165E-14 -3.01334027541324E-15 1
vn -1.27866433152165E-14 -3.01334027541324E-15 1
vn -1.27866433152165E-14 -3.01334027541324E-15 1
vn -1.27866433152165E-14 -3.01334027541324E-15 1
vn -1.27866433152165E-14 -3.01334027541324E-15 1
vn -1.27866433152165E-14 -3.01334027541324E-15 1
vn -1.27866433152165E-14 -3.01334027541324E-15 1
vn -1.27866433152165E-14 -3.01334027541324E-15 1
vn -1.27866433152165E-14 -3.01334027541324E-15 1
vn -1.27866433152165E-14 -3.01334027541324E-15 1
vn -1.27866433152165E-14 -3.01334027541324E-15 1
vn -1.27866433152165E-14 -3.01334027541324E-15 1
vn -1.27866433152165E-14 -3.01334027541324E-15 1
vn -1.27866433152165E-14 -3.01334027541324E-15 1
vn -1.27866433152165E-14 -3.01334027541324E-15 1
vn -1.27866433152165E-14 -3.01334027541324E-15 1
vn -1.27866433152165E-14 -3.01334027541324E-15 1
vn -1.27866433152165E-14 -3.01334027541324E-15 1
vn -1.27866433152165E-14 -3.01334027541324E-15 1
vn -1.27866433152165E-14 -3.01334027541324E-15 1
vn -1.27866433152165E-14 -3.01334027541324E-15 1
vn -1.27866433152165E-14 -3.01334027541324E-15 1
vn -1.27866433152165E-14 -3.01334027541324E-15 1
vn -1.27866433152165E-14 -3.01334027541324E-15 1
vn -1.27866433152165E-14 -3.01334027541324E-15 1
vn -1.27866433152165E-14 -3.01334027541324E-15 1
vn -1.27866433152165E-14 -3.01334027541324E-15 1
vn -1.27866433152165E-14 -3.01334027541324E-15 1
vn -1.27866433152165E-14 -3.01334027541324E-15 1
vn -1.27866433152165E-14 -3.01334027541324E-15 1
vn -1.27866433152165E-14 -3.01334027541324E-15 1
vn -1.27866433152165E-14 -3.01334027541324E-15 1
vn -1.27866433152165E-14 -3.01334027541324E-15 1
vn -1.27866433152165E-14 -3.01334027541324E-15 1
vn -1.27866433152165E-14 -3.01334027541324E-15 1
vn -1.27866433152165E-14 -3.01334027541324E-15 1
vn -1.27866433152165E-14 -3.01334027541324E-15 1
vn -1.27866433152165E-14 -3.01334027541324E-15 1
vn -1.27866433152165E-14 -3.01334027541324E-15 1
vn -1.27866433152165E-14 -3.01334027541324E-15 1
vn -1.27866433152165E-14 -3.01334027541324E-15 1
vn -1.27866433152165E-14 -3.01334027541324E-15 1
vn -1.27866433152165E-14 -3.01334027541324E-15 1
vn -1.27866433152165E-14 -3.01334027541324E-15 1
vn -1.27866433152165E-14 -3.01334027541324E-15 1
vn -1.27866433152165E-14 -3.01334027541324E-15 1
vn -1.27866433152165E-14 -3.01334027541324E-15 1
vn -1.27866433152165E-14 -3.01334027541324E-15 1
vn -1.27866433152165E-14 -3.01334027541324E-15 1
vn -1.27866433152165E-14 -3.01334027541324E-15 1
vn -1.27866433152165E-14 -3.01334027541324E-15 1
vn -1.27866433152165E-14 -3.01334027541324E-15 1
vn -1.27866433152165E-14 -3.01334027541324E-15 1
vn -1.27866433152165E-14 -3.01334027541324E-15 1
vn -1.27866433152165E-14 -3.01334027541324E-15 1
vn -1.27866433152165E-14 -3.01334027541324E-15 1
vn -1.27866433152165E-14 -3.01334027541324E-15 1
vn -1.27866433152165E-14 -3.01334027541324E-15 1
vn -1.27866433152165E-14 -3.01334027541324E-15 1
vn -1.27866433152165E-14 -3.01334027541324E-15 1
vn -1.27866433152165E-14 -3.01334027541324E-15 1
vn -1.27866433152165E-14 -3.01334027541324E-15 1
vn -1.27866433152165E-14 -3.01334027541324E-15 1
vn -1.27866433152165E-14 -3.01334027541324E-15 1
vn -1.27866433152165E-14 -3.01334027541324E-15 1
vn -1.27866433152165E-14 -3.01334027541324E-15 1
vn -1.27866433152165E-14 -3.01334027541324E-15 1
vn -1.27866433152165E-14 -3.01334027541324E-15 1
vn -1.27866433152165E-14 -3.01334027541324E-15 1
vn -1.27866433152165E-14 -3.01334027541324E-15 1
vn -1.27866433152165E-14 -3.01334027541324E-15 1
vn -1.27866433152165E-14 -3.01334027541324E-15 1
vn -1.27866433152165E-14 -3.01334027541324E-15 1
vn -1.27866433152165E-14 -3.01334027541324E-15 1
vn -1.27866433152165E-14 -3.01334027541324E-15 1
vn -1.27866433152165E-14 -3.01334027541324E-15 1
vn -1.27866433152165E-14 -3.01334027541324E-15 1
vn -1.27866433152165E-14 -3.01334027541324E-15 1
vn -1.27866433152165E-14 -3.01334027541324E-15 1
vn -1.27866433152165E-14 -3.01334027541324E-15 1
vn -1.27866433152165E-14 -3.01334027541324E-15 1
vn -1.27866433152165E-14 -3.01334027541324E-15 1
vn -1.27866433152165E-14 -3.01334027541324E-15 1
vn -1.27866433152165E-14 -3.01334027541324E-15 1
vn -1.27866433152165E-14 -3.01334027541324E-15 1
vn -1.27866433152165E-14 -3.01334027541324E-15 1
vn -1.27866433152165E-14 -3.01334027541324E-15 1
vn -1.27866433152165E-14 -3.01334027541324E-15 1
vn -1.27866433152165E-14 -3.01334027541324E-15 1
vn -1.27866433152165E-14 -3.01334027541324E-15 1
vn -1.27866433152165E-14 -3.01334027541324E-15 1
vn -1.27866433152165E-14 -3.01334027541324E-15 1
vn -1.27866433152165E-14 -3.01334027541324E-15 1
vn -1.27866433152165E-14 -3.01334027541324E-15 1
vn -1.27866433152165E-14 -3.01334027541324E-15 1
vn -1.27866433152165E-14 -3.01334027541324E-15 1
vn -1.27866433152165E-14 -3.01334027541324E-15 1
vn -1.27866433152165E-14 -3.01334027541324E-15 1
vn -1.27866433152165E-14 -3.01334027541324E-15 1
vn -1.27866433152165E-14 -3.01334027541324E-15 1
vn -1.27866433152165E-14 -3.01334027541324E-15 1
vn -1.27866433152165E-14 -3.01334027541324E-15 1
vn -1.27866433152165E-14 -3.01334027541324E-15 1
vn -1.27866433152165E-14 -3.01334027541324E-15 1
vn -1.27866433152165E-14 -3.01334027541324E-15 1
vn -1.27866433152165E-14 -3.01334027541324E-15 1
vn -1.27866433152165E-14 -3.01334027541324E-15 1
vn -1.27866433152165E-14 -3.01334027541324E-15 1
vn -1.27866433152165E-14 -3.01334027541324E-15 1
vn -1.27866433152165E-14 -3.01334027541324E-15 1
vn -1.27866433152165E-14 -3.01334027541324E-15 1
vn -1.27866433152165E-14 -3.01334027541324E-15 1
vn -1.27866433152165E-14 -3.01334027541324E-15 1
vn -1.27866433152165E-14 -3.01334027541324E-15 1
vn -1.27866433152165E-14 -3.01334027541324E-15 1
vn -1.27866433152165E-14 -3.01334027541324E-15 1
vn -1.27866433152165E-14 -3.01334027541324E-15 1
vn 1.27866433152165E-14 3.01334027541324E-15 -1
vn 1.27866433152165E-14 3.01334027541324E-15 -1
vn 1.27866433152165E-14 3.01334027541324E-15 -1
vn 1.27866433152165E-14 3.01334027541324E-15 -1
vn 1.27866433152165E-14 3.01334027541324E-15 -1
vn 1.27866433152165E-14 3.01334027541324E-15 -1
vn 1.27866433152165E-14 3.01334027541324E-15 -1
vn 1.27866433152165E-14 3.01334027541324E-15 -1
vn 1.27866433152165E-14 3.01334027541324E-15 -1
vn 1.27866433152165E-14 3.01334027541324E-15 -1
vn 1.27866433152165E-14 3.01334027541324E-15 -1
vn 1.27866433152165E-14 3.01334027541324E-15 -1
vn 1.27866433152165E-14 3.01334027541324E-15 -1
vn 1.27866433152165E-14 3.01334027541324E-15 -1
vn 1.27866433152165E-14 3.01334027541324E-15 -1
vn 1.27866433152165E-14 3.01334027541324E-15 -1
vn 1.27866433152165E-14 3.01334027541324E-15 -1
vn 1.27866433152165E-14 3.01334027541324E-15 -1
vn 1.27866433152165E-14 3.01334027541324E-15 -1
vn 1.27866433152165E-14 3.01334027541324E-15 -1
vn 1.27866433152165E-14 3.01334027541324E-15 -1
vn 1.27866433152165E-14 3.01334027541324E-15 -1
vn 1.27866433152165E-14 3.01334027541324E-15 -1
vn 1.27866433152165E-14 3.01334027541324E-15 -1
vn 1.27866433152165E-14 3.01334027541324E-15 -1
vn 1.27866433152165E-14 3.01334027541324E-15 -1
vn 1.27866433152165E-14 3.01334027541324E-15 -1
vn 1.27866433152165E-14 3.01334027541324E-15 -1
vn 1.27866433152165E-14 3.01334027541324E-15 -1
vn 1.27866433152165E-14 3.01334027541324E-15 -1
vn 1.27866433152165E-14 3.01334027541324E-15 -1
vn 1.27866433152165E-14 3.01334027541324E-15 -1
vn 1.27866433152165E-14 3.01334027541324E-15 -1
vn 1.27866433152165E-14 3.01334027541324E-15 -1
vn 1.27866433152165E-14 3.01334027541324E-15 -1
vn 1.27866433152165E-14 3.01334027541324E-15 -1
vn 1.27866433152165E-14 3.01334027541324E-15 -1
vn 1.27866433152165E-14 3.01334027541324E-15 -1
vn 1.27866433152165E-14 3.01334027541324E-15 -1
vn 1.27866433152165E-14 3.01334027541324E-15 -1
vn 1.27866433152165E-14 3.01334027541324E-15 -1
vn 1.27866433152165E-14 3.01334027541324E-15 -1
vn 1.27866433152165E-14 3.01334027541324E-15 -1
vn 1.27866433152165E-14 3.01334027541324E-15 -1
vn 1.27866433152165E-14 3.01334027541324E-15 -1
vn 1.27866433152165E-14 3.01334027541324E-15 -1
vn 1.27866433152165E-14 3.01334027541324E-15 -1
vn 1.27866433152165E-14 3.01334027541324E-15 -1
vn 1.27866433152165E-14 3.01334027541324E-15 -1
vn 1.27866433152165E-14 3.01334027541324E-15 -1
vn 1.27866433152165E-14 3.01334027541324E-15 -1
vn 1.27866433152165E-14 3.01334027541324E-15 -1
vn 1.27866433152165E-14 3.01334027541324E-15 -1
vn 1.27866433152165E-14 3.01334027541324E-15 -1
vn 1.27866433152165E-14 3.01334027541324E-15 -1
vn 1.27866433152165E-14 3.01334027541324E-15 -1
vn 1.27866433152165E-14 3.01334027541324E-15 -1
vn 1.27866433152165E-14 3.01334027541324E-15 -1
vn 1.27866433152165E-14 3.01334027541324E-15 -1
vn 1.27866433152165E-14 3.01334027541324E-15 -1
vn 1.27866433152165E-14 3.01334027541324E-15 -1
vn 1.27866433152165E-14 3.01334027541324E-15 -1
vn 1.27866433152165E-14 3.01334027541324E-15 -1
vn 1.27866433152165E-14 3.01334027541324E-15 -1
vn 1.27866433152165E-14 3.01334027541324E-15 -1
vn 1.27866433152165E-14 3.01334027541324E-15 -1
vn 1.27866433152165E-14 3.01334027541324E-15 -1
vn 1.27866433152165E-14 3.01334027541324E-15 -1
vn 1.27866433152165E-14 3.01334027541324E-15 -1
vn 1.27866433152165E-14 3.01334027541324E-15 -1
vn 1.27866433152165E-14 3.01334027541324E-15 -1
vn 1.27866433152165E-14 3.01334027541324E-15 -1
vn 1.27866433152165E-14 3.01334027541324E-15 -1
vn 1.27866433152165E-14 3.01334027541324E-15 -1
vn 1.27866433152165E-14 3.01334027541324E-15 -1
vn 1.27866433152165E-14 3.01334027541324E-15 -1
vn 1.27866433152165E-14 3.01334027541324E-15 -1
vn 1.27866433152165E-14 3.01334027541324E-15 -1
vn 1.27866433152165E-14 3.01334027541324E-15 -1
vn 1.27866433152165E-14 3.01334027541324E-15 -1
vn 1.27866433152165E-14 3.01334027541324E-15 -1
vn 1.27866433152165E-14 3.01334027541324E-15 -1
vn 1.27866433152165E-14 3.01334027541324E-15 -1
vn 1.27866433152165E-14 3.01334027541324E-15 -1
vn 1.27866433152165E-14 3.01334027541324E-15 -1
vn 1.27866433152165E-14 3.01334027541324E-15 -1
vn 1.27866433152165E-14 3.01334027541324E-15 -1
vn 1.27866433152165E-14 3.01334027541324E-15 -1
vn 1.27866433152165E-14 3.01334027541324E-15 -1
vn 1.27866433152165E-14 3.01334027541324E-15 -1
vn 1.27866433152165E-14 3.01334027541324E-15 -1
vn 1.27866433152165E-14 3.01334027541324E-15 -1
vn 1.27866433152165E-14 3.01334027541324E-15 -1
vn 1.27866433152165E-14 3.01334027541324E-15 -1
vn 1.27866433152165E-14 3.01334027541324E-15 -1
vn 1.27866433152165E-14 3.01334027541324E-15 -1
vn 1.27866433152165E-14 3.01334027541324E-15 -1
vn 1.27866433152165E-14 3.01334027541324E-15 -1
vn 1.27866433152165E-14 3.01334027541324E-15 -1
vn 1.27866433152165E-14 3.01334027541324E-15 -1
vn 1.27866433152165E-14 3.01334027541324E-15 -1
vn 1.27866433152165E-14 3.01334027541324E-15 -1
vn 1.27866433152165E-14 3.01334027541324E-15 -1
vn 1.27866433152165E-14 3.01334027541324E-15 -1
vn 1.27866433152165E-14 3.01334027541324E-15 -1
vn 1.27866433152165E-14 3.01334027541324E-15 -1
vn 1.27866433152165E-14 3.01334027541324E-15 -1
vn 1.27866433152165E-14 3.01334027541324E-15 -1
vn 1.27866433152165E-14 3.01334027541324E-15 -1
vn 1.27866433152165E-14 3.01334027541324E-15 -1
vn 1.27866433152165E-14 3.01334027541324E-15 -1
vn 1.27866433152165E-14 3.01334027541324E-15 -1
vn 1.27866433152165E-14 3.01334027541324E-15 -1
vn 1.27866433152165E-14 3.01334027541324E-15 -1
vn 1.27866433152165E-14 3.01334027541324E-15 -1
vn 1.27866433152165E-14 3.01334027541324E-15 -1
vn 1.27866433152165E-14 3.01334027541324E-15 -1
vn 1.27866433152165E-14 3.01334027541324E-15 -1
vn 1.27866433152165E-14 3.01334027541324E-15 -1
vn 1.27866433152165E-14 3.01334027541324E-15 -1
vn 1.27866433152165E-14 3.01334027541324E-15 -1
vn 1.27866433152165E-14 3.01334027541324E-15 -1
vn 1.27866433152165E-14 3.01334027541324E-15 -1
vn 1.27866433152165E-14 3.01334027541324E-15 -1
vn 1.27866433152165E-14 3.01334027541324E-15 -1
vn 1.27866433152165E-14 3.01334027541324E-15 -1
vn 1.27866433152165E-14 3.01334027541324E-15 -1
vn 1.27866433152165E-14 3.01334027541324E-15 -1
vn 1.27866433152165E-14 3.01334027541324E-15 -1
vn 1.27866433152165E-14 3.01334027541324E-15 -1
vn 1.27866433152165E-14 3.01334027541324E-15 -1
vn 1.27866433152165E-14 3.01334027541324E-15 -1
vn 1.27866433152165E-14 3.01334027541324E-15 -1
vn 1.27866433152165E-14 3.01334027541324E-15 -1
vn 1.27866433152165E-14 3.01334027541324E-15 -1
vn 1.27866433152165E-14 3.01334027541324E-15 -1
vn 1.27866433152165E-14 3.01334027541324E-15 -1
vn 1.27866433152165E-14 3.01334027541324E-15 -1
vn 1.27866433152165E-14 3.01334027541324E-15 -1
vn 1.27866433152165E-14 3.01334027541324E-15 -1
vn 1.27866433152165E-14 3.01334027541324E-15 -1
vn 1.27866433152165E-14 3.01334027541324E-15 -1
vn 1.27866433152165E-14 3.01334027541324E-15 -1
vn 1.27866433152165E-14 3.01334027541324E-15 -1
vn 1.27866433152165E-14 3.01334027541324E-15 -1
vn 1.27866433152165E-14 3.01334027541324E-15 -1
vn 1.27866433152165E-14 3.01334027541324E-15 -1
vn 1.27866433152165E-14 3.01334027541324E-15 -1
vt -0.00169848986602885 0.00113137084989839
vt -0.00169848986602899 -0.00113137084989845
vt -0.00133448358314119 -0.0011313708498985
vt -0.000970477300253706 -0.00113137084989849
vt -0.000606471017366106 -0.00113137084989851
vt -0.000242464734478545 -0.00113137084989849
vt 0.000121541548409168 -0.00113137084989852
vt 0.000485547831296692 -0.0011313708498985
vt 0.000849554114184291 -0.0011313708498985
vt 0.00121356039707188 -0.00113137084989851
vt 0.00157756667995954 -0.00113137084989848
vt 0.00194157296284716 -0.00113137084989849
vt 0.00230557924573457 -0.00113137084989848
vt 0.0026695855286222 -0.00113137084989847
vt 0.00303359181150982 -0.00113137084989847
vt 0.00339759809439746 -0.00113137084989847
vt 0.00376160437728497 -0.00113137084989847
vt 0.00394201085351863 -0.00113137084989847
vt 0.00310791705413948 -0.00041481285330353
vt 0.00236255243561665 0.00034341670476732
vt 0.00169848986602883 0.00113137084989847
vt 0.00113232657735255 0.00113137084989842
vt 0.000566163288676218 0.00113137084989844
vt -4.50490596723632E-17 0.00113137084989841
vt -0.00056616328867635 0.00113137084989842
vt -0.00113232657735266 0.00113137084989842
vt 0.00454949282238508 0.0073678053351096
vt 0.00537045358069267 0.00919561906192389
vt 0.00278093908078162 0.00895290661183776
vt 0.00274810065044932 0.00887979406276519
vt 0.00248539320779097 0.00829489367018468
vt 0.00752242506234588 -0.00867872375087819
vt 0.000497787494737572 0.00125561396798911
vt -0.000553006381919802 0.00137688670989162
vt -0.00160073331114246 0.0015453069218444
vt -0.00263485532263586 0.0017666563379361
vt 0.0049188826627163 -0.00891594236756178
vt 0.00496335451790589 -0.0089788350683148
vt 0.000521930702757038 0.00423911291366074
vt 0.00261424941406465 0.00337760121303687
vt 0.00334743190085501 0.00515825193989718
vt 0.000785876398001491 0.00488014717533031
vt -0.00206614103024511 -0.00113137084989845
vt -0.00163863899370156 -0.00113137084989846
vt -0.00121113695715817 -0.00113137084989848
vt -0.000783634920614649 -0.00113137084989854
vt -0.000356132884071327 -0.0011313708498985
vt 7.13691524720526E-05 -0.00113137084989847
vt 0.000498871189015637 -0.00113137084989852
vt 0.000926373225558975 -0.0011313708498985
vt 0.00135387526210244 -0.0011313708498985
vt 0.00178137729864573 -0.00113137084989848
vt 0.00220887933518927 -0.00113137084989848
vt 0.00263638137173278 -0.00113137084989849
vt 0.00306388340827631 -0.0011313708498985
vt 0.00349138544481941 -0.00113137084989847
vt 0.00391888748136299 -0.00113137084989846
vt 0.00434638951790635 -0.00113137084989846
vt 0.00456049281547527 -0.00113137084989846
vt 0.00362695485964695 -0.000427614861509277
vt 0.00279830594073936 0.000331812642643129
vt 0.0020661410302449 0.00113137084989845
vt 0.00154960577268359 0.00113137084989844
vt 0.00103307051512234 0.00113137084989842
vt 0.000516535257561142 0.00113137084989844
vt -1.5344180763329E-16 0.00113137084989846
vt -0.00051653525756134 0.0011313708498984
vt -0.00103307051512252 0.00113137084989836
vt -0.00154960577268373 0.00113137084989834
vt -0.00206614103024504 0.0011313708498984
vt 0.0113118927217515 -0.0140378403089842
vt 0.00409640779652356 -0.003833603668628
vt 0.002993322384922 -0.00365847676485898
vt 0.00189741015240698 -0.00342398533918961
vt 0.000822386925800869 -0.00312262253821247
vt 0.00833891264468292 -0.0137525951517819
vt 0.00840511612795719 -0.0138462210157047
vt 0.0023181739277564 0.00414607393932202
vt 0.00397331930038738 0.00260318904554081
vt 0.00592801889446411 0.00470011280249774
vt 0.00302186578162401 0.00490096649182648
vt -0.00801635477023192 -0.00113137084989858
vt -0.0058229479325037 -0.00113137084989856
vt -0.00362954109477564 -0.00113137084989857
vt -0.00143613425704776 -0.00113137084989853
vt 0.000757272580680405 -0.00113137084989853
vt 0.00295067941840853 -0.00113137084989849
vt 0.00514408625613641 -0.00113137084989847
vt 0.00733749309386453 -0.00113137084989846
vt 0.00943740759637357 -0.00113137084989844
vt 0.00801635477023182 0.0011313708498985
vt 0.00601226607767389 0.00113137084989849
vt 0.00400817738511594 0.00113137084989846
vt 0.00200408869255778 0.00113137084989846
vt 2.87612601392551E-17 0.0011313708498984
vt -0.00200408869255809 0.00113137084989842
vt -0.00228412058528027 0.00113137084989836
vt -0.00400817738511591 0.00113137084989839
vt -0.00601226607767395 0.00113137084989837
vt -0.0080163547702319 0.00113137084989836
vt 0.0011313708498986 -0.0165626889994359
vt 0.00113137084989858 -0.00931193300169239
vt -0.00113137084989847 -0.00789145677342423
vt -0.00113137084989845 -0.014862688999436
vt -0.00113137084989845 -0.0149626889994359
vt -0.0104999999999999 -0.00113137084989847
vt 0.0104999999999999 -0.00113137084989847
vt 0.00889999999999981 0.00113137084989847
vt -0.00889999999999979 0.00113137084989847
vt -0.00113137084989844 -0.0093119330016924
vt -0.00113137084989854 -0.0165626889994359
vt 0.00113137084989847 -0.0149626889994359
vt 0.00113137084989847 -0.014862688999436
vt 0.00113137084989848 -0.00789145677342423
vt -0.00397331930038765 0.00260318904554077
vt -0.00231817392775666 0.00414607393932209
vt -0.00294367779786133 0.00481708954154841
vt -0.00302186578162438 0.00490096649182662
vt -0.00592801889446451 0.00470011280249772
vt 0.00801635477023183 0.0011313708498987
vt 0.00601226607767385 0.00113137084989871
vt 0.00400817738511593 0.00113137084989869
vt 0.00200408869255791 0.00113137084989867
vt 2.03020659806506E-17 0.00113137084989867
vt -0.00200408869255795 0.00113137084989867
vt -0.00400817738511577 0.00113137084989865
vt -0.00601226607767383 0.00113137084989863
vt -0.00801635477023187 0.00113137084989859
vt -0.00943740759637329 -0.0011313708498984
vt -0.00733749309386424 -0.00113137084989839
vt -0.00514408625613623 -0.00113137084989838
vt -0.00295067941840823 -0.00113137084989835
vt -0.000757272580680104 -0.00113137084989835
vt 0.00143613425704782 -0.00113137084989832
vt 0.0036295410947758 -0.00113137084989829
vt 0.00582294793250387 -0.00113137084989829
vt 0.00801635477023185 -0.00113137084989836
vt -0.00409640779652331 -0.00383360366862784
vt -0.0113118927217512 -0.014037840308984
vt -0.00840511612795692 -0.0138462210157044
vt -0.000822386925800676 -0.00312262253821231
vt -0.00189741015240687 -0.00342398533918933
vt -0.00299332238492194 -0.00365847676485868
vt -0.00261424941406463 0.00337760121303667
vt -0.000521930702756914 0.00423911291366059
vt -0.000756549098529872 0.00480892114625601
vt -0.000785876398001461 0.00488014717533046
vt -0.00334743190085501 0.00515825193989704
vt 0.00206614103024483 0.0011313708498986
vt 0.0015496057726836 0.00113137084989859
vt 0.0010330705151224 0.00113137084989861
vt 0.00051653525756114 0.00113137084989856
vt -1.80982644900803E-17 0.00113137084989858
vt -0.000516535257561329 0.00113137084989859
vt -0.00103307051512252 0.0011313708498986
vt -0.00154960577268377 0.00113137084989858
vt -0.00206614103024509 0.00113137084989857
vt -0.00279830594073933 0.000331812642643289
vt -0.00362695485964701 -0.000427614861509205
vt -0.00456049281547521 -0.00113137084989846
vt -0.00434638951790615 -0.00113137084989847
vt -0.00391888748136265 -0.00113137084989847
vt -0.00349138544481933 -0.00113137084989845
vt -0.00306388340827598 -0.00113137084989846
vt -0.00263638137173242 -0.00113137084989845
vt -0.00220887933518904 -0.00113137084989845
vt -0.00178137729864577 -0.00113137084989845
vt -0.00135387526210233 -0.00113137084989846
vt -0.000926373225558984 -0.00113137084989849
vt -0.00049887118901552 -0.00113137084989845
vt -7.13691524721798E-05 -0.00113137084989844
vt 0.000356132884071321 -0.00113137084989846
vt 0.000783634920614608 -0.00113137084989844
vt 0.00121113695715817 -0.00113137084989842
vt 0.00163863899370143 -0.00113137084989845
vt 0.00206614103024489 -0.00113137084989853
vt -0.000497787494737314 0.00125561396798923
vt -0.00752242506234564 -0.008678723750878
vt -0.00496335451790562 -0.00897883506831436
vt 0.00263485532263597 0.00176665633793617
vt 0.00186095091451742 0.0015954563139915
vt 0.00107791183810359 0.00145484202373127
vt -0.00454949282238504 0.0073678053351095
vt -0.00248539320779092 0.0082948936701846
vt -0.00274810065044935 0.00887979406276523
vt -0.00278093908078166 0.00895290661183775
vt -0.00537045358069266 0.00919561906192383
vt 0.00169848986602892 0.00113137084989857
vt 0.0011323265773526 0.00113137084989858
vt 0.000566163288676266 0.00113137084989859
vt 1.09066144469933E-16 0.00113137084989856
vt -0.000566163288676328 0.00113137084989861
vt -0.00113232657735267 0.00113137084989859
vt -0.00169848986602912 0.00113137084989852
vt -0.00272460505364173 -4.01606097900967E-05
vt -0.00330783654185609 -0.000598325320902662
vt -0.00394201085351851 -0.00113137084989845
vt -0.00358947955854687 -0.00113137084989846
vt -0.0032369482635751 -0.00113137084989846
vt -0.00288441696860343 -0.00113137084989847
vt -0.00253188567363174 -0.00113137084989846
vt -0.00217935437865998 -0.00113137084989845
vt -0.00182682308368828 -0.00113137084989844
vt -0.0014742917887166 -0.00113137084989844
vt -0.0011217604937449 -0.00113137084989844
vt -0.000769229198772935 -0.00113137084989843
vt -0.000416697903801318 -0.00113137084989844
vt -6.41666088296051E-05 -0.0011313708498984
vt 0.000288364686142039 -0.00113137084989845
vt 0.000640895981113768 -0.00113137084989845
vt 0.000993427276085561 -0.00113137084989842
vt 0.00134595857105725 -0.00113137084989847
vt 0.00169848986602899 -0.00113137084989839
vt 0.00902119698080076 0.0147174909133139
vt -0.00582647363421872 -0.00628028624009483
vt -0.00323857118680911 -0.00653962308932265
vt 0.00988722238458517 0.0120230521962525
vt 0.00994495741150417 0.0121047018543452
vt 0.00582647363421884 -0.00628028624009504
vt -0.0090211969808005 0.014717490913314
vt -0.00994495741150389 0.0121047018543453
vt 0.00323857118680917 -0.00653962308932281
vt 0.00362537799886978 0.00340000000000273
vt -0.00362537799887369 0.00339999999999857
vt -0.00362537799887175 -7.15573433840441E-16
vt 0.00362537799887173 -6.56592835657221E-16
vt 0.0105 0.0034
vt -0.0104999999999998 0.0034
vt -0.0104999999999998 6.80011602582908E-16
vt 0.0105 7.16440795578421E-16
vt 0.00362537799887358 0.00339999999999864
vt -0.00362537799886988 0.00340000000000259
vt -0.00362537799887173 -5.92408067046081E-16
vt 0.00362537799887173 -6.7914424084492E-16
vt 0.0164391058426471 0.00340000000000393
vt 0.0143842176123162 0.00340000000000393
vt 0.0123293293819853 0.00340000000000393
vt 0.0102744411516545 0.00340000000000393
vt 0.00821955292132364 0.00340000000000393
vt 0.00616466469099287 0.00340000000000393
vt 0.00410977646066194 0.00340000000000393
vt 0.00205488823033112 0.00340000000000393
vt 1.59798345667932E-16 0.00340000000000393
vt 2.02962646689286E-16 3.27763560065975E-16
vt 0.00205488823033107 3.0992292435987E-16
vt 0.00410977646066189 2.9083304453266E-16
vt 0.00616466469099278 2.62857440033601E-16
vt 0.00821955292132371 2.49218069457456E-16
vt 0.0102744411516546 2.26860716763745E-16
vt 0.0123293293819853 2.03588928917128E-16
vt 0.0143842176123163 1.79496510350477E-16
vt 0.0164391058426471 7.47956002097046E-16
vt 0.0014333474583623 0.0034000000000036
vt -0.00143334745836231 0.0034000000000036
vt -0.00143334745836234 1.73472347597747E-18
vt 0.00143334745836226 7.08742219534503E-31
vt 0.00624879324587115 0.00340000000000359
vt -0.00624879324587112 0.00340000000000373
vt -0.00624879324587113 8.673617379884E-18
vt 0.00624879324587114 -1.73472347597684E-18
vt 0.00455492387635377 0.00340000000000379
vt 0.00398555839180948 0.00340000000000379
vt 0.00341619290726534 0.00340000000000379
vt 0.00284682742272111 0.00340000000000379
vt 0.00227746193817681 0.00340000000000379
vt 0.0017080964536327 0.00340000000000379
vt 0.00113873096908844 0.00340000000000379
vt 0.000569365484544272 0.00340000000000379
vt 1.09933504034663E-17 0.00340000000000379
vt 2.77555756156288E-17 1.08342746612577E-16
vt 0.000569365484544233 1.05927343056943E-16
vt 0.0011387309690884 1.0305015939093E-16
vt 0.00170809645363266 9.97237384212639E-17
vt 0.00227746193817679 9.59625813616847E-17
vt 0.00284682742272105 9.17830846162912E-17
vt 0.00341619290726532 8.7203468300994E-17
vt 0.00398555839180943 8.22436968146603E-17
vt 0.00455492387635372 6.82517744263396E-17
vt 0.000962843908689845 0.00340000000000368
vt -0.000962843908689828 0.00340000000000369
vt -0.000962843908689865 -1.734723475976E-18
vt 0.000962843908689809 8.03497972798355E-31
vt 0.00608351458592731 0.00340000000000369
vt -0.00608351458592736 0.00340000000000383
vt -0.00608351458592737 8.6736173798837E-18
vt 0.0060835145859273 1.73472347597654E-18
vt 0.00372805526124325 0.0034000000000039
vt 0.00310671271770263 0.0034000000000039
vt 0.00248537017416204 0.0034000000000039
vt 0.00186402763062137 0.0034000000000039
vt 0.00124268508708098 0.0034000000000039
vt 0.000621342543540422 0.0034000000000039
vt -1.93852112529137E-16 0.0034000000000039
vt -1.76074432811645E-16 1.11784500483982E-16
vt 0.00062134254354037 1.08841442592411E-16
vt 0.00124268508708093 1.05380785264551E-16
vt 0.0018640276306215 1.01418985782111E-16
vt 0.00248537017416212 9.69748846265273E-17
vt 0.0031067127177027 9.20696158823743E-17
vt 0.00372805526124318 7.80528893535728E-17
vt 0.00100185822183236 0.00340000000000379
vt -0.00100185822183223 0.00340000000000379
vt -0.00100185822183227 -1.92554305833426E-16
vt 0.00100185822183233 -7.87320161265502E-31
vt -0.0160190747001142 0.0121122961497844
vt 1.08688322655455E-30 0.0281313708498986
vt 0.0160190747001142 0.0121122961497843
vt 0.0156752871207045 0.0115710625866041
vt 0.0154955085868718 0.0113014331280836
vt 0.0153039537663516 0.0110400385664252
vt 0.0151009993004532 0.0107873928641048
vt 0.0148870442448382 0.0105439927813072
vt 0.0146625092848853 0.0103103168991796
vt 0.0144278359085248 0.0100868246788304
vt 0.0141834855381704 0.00987395555792106
vt 0.0139299386234554 0.00967212808663023
vt 0.0136676936965578 0.00948173910468642
vt 0.0133972663919695 0.00930316296108885
vt 0.0131191884326389 0.00913675077805046
vt 0.0128340065844803 0.00898282976060981
vt 0.0125422815813051 0.00884170255327009
vt 0.0122445870222883 0.00871364664492952
vt 0.0119415082441399 0.00859891382327378
vt 0.0116336411701957 0.00849772967970279
vt 0.0117500169800711 0.00838135386982743
vt 0.021001418837467 -0.000870047987568456
vt 0.0206913332118998 -0.00140256476513052
vt 0.020492127065447 -0.00172412594692622
vt 0.020275652166787 -0.00203432475522902
vt 0.0200425550044823 -0.00233223480096083
vt 0.0197935317084328 -0.00261696639465397
vt 0.019529325970927 -0.00288766920345249
vt 0.0192507268256524 -0.00314353479057725
vt 0.0189585662912967 -0.00338379902967109
vt 0.0186537168867761 -0.00360774438681387
vt 0.0183370890255135 -0.00381470206339193
vt 0.0180096282965458 -0.00400405399342284
vt 0.0176723126405833 -0.00417523468937019
vt 0.0173261494294508 -0.00432773293093633
vt 0.0169721724576355 -0.00446109329178943
vt 0.0166114388549259 -0.00457491749966524
vt 0.0162450259293604 -0.00466886562578202
vt 0.0158740279499148 -0.00474265710001631
vt 0.0160085181129322 -0.00487714726303376
vt 0.0252143444378161 -0.0140829735879178
vt 0.0244834829943029 -0.0146373728847543
vt 0.0227424284051273 -0.0158651596554232
vt 0.0209203167430515 -0.016969080181388
vt 0.0190259452034334 -0.0179438047099619
vt 0.0170684598539157 -0.0187846272495878
vt 0.0150573114770101 -0.0194874882904692
vt 0.0130022099415097 -0.0200489944039735
vt 0.0109130773230282 -0.0204664346261802
vt 0.00880000000000003 -0.0207377935464744
vt 0.00880000000000003 -0.0208287677739884
vt 0.00880000000000003 -0.0278000000000001
vt -0.00879999999999992 -0.0278000000000001
vt -0.00879999999999992 -0.0208287677739884
vt -0.00879999999999992 -0.0207377935464744
vt -0.0109130773230282 -0.0204664346261802
vt -0.0130022099415095 -0.0200489944039736
vt -0.0150573114770099 -0.0194874882904692
vt -0.0170684598539156 -0.0187846272495878
vt -0.0190259452034331 -0.0179438047099619
vt -0.0209203167430513 -0.016969080181388
vt -0.0227424284051272 -0.0158651596554232
vt -0.0244834829943028 -0.0146373728847543
vt -0.025214344437816 -0.0140829735879178
vt -0.0160085181129321 -0.00487714726303368
vt -0.0158740279499148 -0.00474265710001637
vt -0.0162450259293604 -0.00466886562578202
vt -0.016611438854926 -0.00457491749966522
vt -0.0169721724576355 -0.00446109329178943
vt -0.0173261494294508 -0.00432773293093631
vt -0.0176723126405834 -0.00417523468937017
vt -0.0180096282965458 -0.00400405399342281
vt -0.0183370890255133 -0.00381470206339192
vt -0.0186537168867761 -0.00360774438681385
vt -0.0189585662912967 -0.00338379902967108
vt -0.0192507268256524 -0.00314353479057723
vt -0.0195293259709269 -0.00288766920345249
vt -0.0197935317084328 -0.00261696639465396
vt -0.0200425550044822 -0.00233223480096081
vt -0.0202756521667868 -0.00203432475522902
vt -0.0204921270654469 -0.00172412594692624
vt -0.0206913332118996 -0.00140256476513051
vt -0.0210014188374669 -0.000870047987568373
vt -0.0116336411701957 0.00849772967970278
vt -0.0117894861028084 0.00854705910156542
vt -0.0120854562187708 0.00865149123034041
vt -0.0123766696544109 0.00876853444443688
vt -0.0126625893429577 0.00889797288835732
vt -0.0129426879805682 0.00903956784685518
vt -0.0132164489988001 0.00919305818518255
vt -0.0134833675172875 0.00935816083068462
vt -0.0137429512748596 0.00953457129485297
vt -0.0139947215373873 0.00972196423487462
vt -0.0142382139806837 0.00991999405364169
vt -0.0144729795468265 0.0101282955371144
vt -0.0146985852723291 0.0103464845278625
vt -0.0149146150866275 0.0105741586335431
vt -0.0151206705794131 0.0108108979690076
vt -0.0153163717353962 0.0110562659306696
vt -0.0155013576351446 0.0113098100017057
vt -0.0156752871207045 0.0115710625866042
vt -0.0161464590376283 0.0121263331685075
vt -0.0161034855902021 0.01205867897311
vt -0.0157596980107925 0.0115174454099298
vt -0.0155833886516902 0.0112526181113325
vt -0.0153958715937137 0.0109956048020328
vt -0.0151974926628735 0.0107468794756422
vt -0.0149886177170553 0.0105069008407624
vt -0.01476963197129 0.0102761114750174
vt -0.014540939287326 0.0100549370088358
vt -0.0143029614288125 0.00984378534048655
vt -0.0140561372834664 0.00964304588381787
vt -0.0138009220536601 0.00945308885008585
vt -0.0135377864169191 0.00927426456519639
vt -0.0132672156578811 0.00910690282362142
vt -0.0129897087733165 0.00895131228017927
vt -0.012705777551859 0.00880777988080204
vt -0.0124159456301459 0.00867657033333899
vt -0.012120747527108 0.00855792561937238
vt -0.0118207276581895 0.00845206454794606
vt -0.02112659619215 -0.000853803986014229
vt -0.0210878354889541 -0.000920368583209527
vt -0.0207777498633869 -0.00145288536077168
vt -0.0205756657697937 -0.00177909216269573
vt -0.0203560634409481 -0.0020937724380075
vt -0.0201195987052846 -0.00239598641401208
vt -0.0198669777497475 -0.00268483154782659
vt -0.0195989550108073 -0.00295944522176848
vt -0.0193163309213845 -0.00321900731950757
vt -0.019019949520407 -0.00346274267529216
vt -0.0187106959321419 -0.00368992338893216
vt -0.0183894937228275 -0.0038998709996268
vt -0.0180573021425017 -0.00409195851214482
vt -0.0177151132602619 -0.00426561226930627
vt -0.0173639490015142 -0.00442031366517297
vt -0.017004858096058 -0.00455560069383226
vt -0.0166389129461203 -0.00467106932914869
vt -0.0162672064236946 -0.00476637473136228
vt -0.0160792287910506 -0.00480643658491516
vt -0.0253661374925428 -0.0140933452864074
vt -0.0252747798121037 -0.0141626451985118
vt -0.0245439183685905 -0.0147170444953484
vt -0.0227971853298904 -0.0159488356925572
vt -0.0209691308506476 -0.017056356655306
vt -0.0190685808182726 -0.0180342602479197
vt -0.0171047111303079 -0.0188778251302499
vt -0.0150870033929917 -0.0195829785524089
vt -0.0130251991438546 -0.0201463160180966
vt -0.0109292528193596 -0.0205651177215836
vt -0.00889999999999969 -0.0208287677739884
vt -0.00889999999999969 -0.0278000000000001
vt -0.00889999999999969 -0.0279
vt 0.00889999999999991 -0.0279
vt 0.00889999999999991 -0.0278000000000001
vt 0.00889999999999991 -0.0208287677739884
vt 0.0109292528193597 -0.0205651177215837
vt 0.0130251991438548 -0.0201463160180966
vt 0.0150870033929918 -0.019582978552409
vt 0.017104711130308 -0.0188778251302499
vt 0.0190685808182728 -0.0180342602479198
vt 0.0209691308506478 -0.017056356655306
vt 0.0227971853298906 -0.0159488356925573
vt 0.0245439183685909 -0.0147170444953485
vt 0.0253661374925431 -0.0140933452864075
vt 0.0252850551159347 -0.0140122629097992
vt 0.0160792287910508 -0.00480643658491516
vt 0.0162672064236946 -0.00476637473136235
vt 0.0166389129461202 -0.00467106932914881
vt 0.017004858096058 -0.00455560069383235
vt 0.0173639490015142 -0.00442031366517308
vt 0.0177151132602618 -0.00426561226930645
vt 0.0180573021425017 -0.00409195851214497
vt 0.0183894937228277 -0.00389987099962685
vt 0.018710695932142 -0.0036899233889323
vt 0.0190199495204072 -0.00346274267529231
vt 0.0193163309213846 -0.00321900731950772
vt 0.0195989550108076 -0.00295944522176858
vt 0.0198669777497478 -0.00268483154782673
vt 0.0201195987052848 -0.00239598641401219
vt 0.0203560634409483 -0.00209377243800761
vt 0.0205756657697941 -0.00177909216269583
vt 0.0207777498633873 -0.00145288536077175
vt 0.0211265961921503 -0.00085380398601459
vt 0.0210721295155856 -0.000799337309449866
vt 0.0118207276581896 0.00845206454794603
vt 0.0119748299153267 0.00850462879673564
vt 0.0122820557141085 0.00862093150520962
vt 0.0125838236215998 0.00875073959988718
vt 0.0128795402919409 0.00889379784787689
vt 0.0131686242774111 0.00904982496340569
vt 0.0134505071716897 0.00921851416089192
vt 0.013724634727476 0.00939953375815726
vt 0.0139904679462673 0.00959252782859094
vt 0.0142474841381559 0.00979711690098406
vt 0.0144951779495582 0.0100128987056582
vt 0.0147330623568586 0.0102394489654215
vt 0.0149606696240099 0.010476322229796
vt 0.0151775522222118 0.0107230527508766
vt 0.0153832837098564 0.0109791553991001
vt 0.0155774595710113 0.0112441266171224
vt 0.0157596980107927 0.0115174454099297
vt 0.0161034855902022 0.0120586789731098
vt 0.0161464590376285 0.0121263331685073
vt 1.11022302462517E-16 0.0282727922061357
vt -7.07106781185907E-05 0.0282020815280171
vt 0.00100185822183227 0.00340000000000422
vt -0.00100185822183228 0.00340000000000422
vt -0.00100185822183231 8.67361737989137E-19
vt 0.00100185822183225 -1.8995222061946E-16
vt 0.00836842411061509 0.00340000000000414
vt 0.00774708156707458 0.00340000000000414
vt 0.00712573902353404 0.00340000000000414
vt 0.00650439647999349 0.00340000000000414
vt 0.00588305393645299 0.00340000000000414
vt 0.00526171139291241 0.00340000000000414
vt 0.00464036884937183 0.00340000000000414
vt 0.00464036884937187 -2.77685180790771E-17
vt 0.00526171139291237 -4.9181605586427E-17
vt 0.00588305393645283 -5.64830203730012E-17
vt 0.00650439647999344 -6.35158281032159E-17
vt 0.00712573902353399 -7.02465840042874E-17
vt 0.0077470815670745 -7.66432797218871E-17
vt 0.00836842411061504 -8.09407720610539E-17
vt 0.00608351458592731 0.00340000000000415
vt -0.0060835145859274 0.00340000000000424
vt -0.00608351458592739 -1.73472347597719E-18
vt 0.00608351458592732 -1.38777878078151E-17
vt 0.000962843908689813 0.00340000000000424
vt -0.000962843908689801 0.00340000000000425
vt -0.000962843908689829 -8.67361737987655E-19
vt 0.000962843908689785 2.60208521396596E-18
vt 0.00999861502302195 0.00340000000000416
vt 0.00942924953847772 0.00340000000000417
vt 0.00885988405393348 0.00340000000000417
vt 0.00829051856938935 0.00340000000000417
vt 0.00772115308484522 0.00340000000000417
vt 0.00715178760030094 0.00340000000000417
vt 0.00658242211575667 0.00340000000000417
vt 0.00601305663121256 0.00340000000000416
vt 0.0054436911466682 0.00340000000000417
vt 0.00544369114666823 -1.78312426201427E-17
vt 0.0060130566312124 -3.88153067819629E-17
vt 0.00658242211575663 -4.5752371522302E-17
vt 0.00715178760030078 -5.24899831794047E-17
vt 0.00772115308484506 -5.89987697803256E-17
vt 0.00829051856938931 -6.52503568930393E-17
vt 0.00885988405393355 -7.12174913220666E-17
vt 0.00942924953847773 -7.68741599161677E-17
vt 0.0099986150230219 -8.21957029701874E-17
vt 0.00624879324587113 0.00340000000000417
vt -0.00624879324587114 0.00340000000000426
vt -0.00624879324587113 1.73472347597681E-18
vt 0.00624879324587114 -1.38777878078146E-17
vt 0.00143334745836229 0.00340000000000425
vt -0.00143334745836222 0.00340000000000425
vt -0.00143334745836225 -8.67361737988441E-19
vt 0.00143334745836226 -4.33680868994202E-18
vt 0.0187811241998077 0.00340000000000408
vt 0.0167262359694769 0.00340000000000408
vt 0.014671347739146 0.00340000000000408
vt 0.012903589635645 0.00340000000000408
vt 0.0126164595088152 0.00340000000000408
vt 0.0105615712784842 0.00340000000000408
vt 0.00850668304815343 0.00340000000000408
vt 0.00645179481782252 0.00340000000000408
vt 0.00439690658749167 0.00340000000000408
vt 0.00234201835716077 0.00340000000000408
vt 0.0023420183571608 6.95873117241304E-16
vt 0.00439690658749174 1.14691050325465E-17
vt 0.00645179481782253 -1.42857455263761E-17
vt 0.00850668304815343 -4.24484222906139E-17
vt 0.0105615712784843 -6.69844108988465E-17
vt 0.0126164595088151 -9.33337435850816E-17
vt 0.014671347739146 -1.21773981453887E-16
vt 0.0167262359694768 -1.47374882503234E-16
vt 0.0187811241998077 -1.72381741643787E-16
vt 0.0128584599396298 0.00340000000000418
vt -0.0128584599396312 0.00339999999999955
vt -0.0128584599396305 2.16840434497014E-17
vt 0.0128584599396304 1.93421667571405E-16
vt 0.0128584599396312 0.0033999999999995
vt -0.0128584599396299 0.0034000000000046
vt -0.0128584599396305 1.88217497143477E-16
vt 0.0128584599396306 -2.34187669256924E-17
vt -0.00879999999999997 0.005
vt 0.00879999999999998 0.005
vt 0.0088 0.015
vt -0.00879999999999995 0.015
vt -0.00353110322676569 0.00499999999999954
vt 0.00344012899924604 0.00499999999999501
vt 0.00353110322675997 0.00500000000000359
vt 0.00353110322675424 0.0150000000000036
vt -0.00353110322677143 0.0149999999999995
vt 0.000747629870583212 0.00500000000000408
vt 0.0028784885483131 0.00500000000000408
vt 0.00500934722604311 0.00500000000000408
vt 0.00714020590377294 0.00500000000000408
vt 0.00927106458150287 0.00500000000000408
vt 0.0114019232592328 0.00500000000000408
vt 0.0135327819369627 0.00500000000000408
vt 0.0156636406146926 0.00500000000000408
vt 0.0177944992924225 0.00500000000000408
vt 0.0177944992924225 0.0150000000000041
vt 0.0156636406146926 0.0149999999999999
vt 0.0135327819369627 0.0149999999999999
vt 0.0114019232592329 0.0149999999999999
vt 0.00927106458150288 0.0149999999999999
vt 0.00714020590377295 0.015
vt 0.00500934722604312 0.015
vt 0.00287848854831311 0.015
vt 0.000747629870583228 0.0150000000000041
vt -0.000458671186675994 0.00500000000000424
vt 0.000458671186675994 0.00500000000000424
vt 0.000458671186676002 0.0150000000000042
vt -0.000458671186675986 0.0150000000000042
vt -0.00660460112702354 0.00500000000000424
vt 0.0064144033144786 0.00500000000000003
vt 0.00660460112702367 0.00500000000000415
vt 0.00660460112702373 0.0150000000000042
vt -0.00660460112702348 0.0150000000000042
vt 0.00197414613427668 0.00500000000000417
vt 0.00235245857929152 0.00500000000000417
vt 0.00273077102430625 0.00500000000000417
vt 0.0031090834693211 0.00500000000000417
vt 0.00348739591433591 0.00500000000000417
vt 0.00386570835935071 0.00500000000000417
vt 0.00424402080436561 0.00500000000000417
vt 0.00462233324938049 0.00500000000000417
vt 0.00500064569439523 0.00500000000000417
vt 0.00537895813941001 0.00500000000000417
vt 0.00575727058442484 0.00500000000000417
vt 0.00613558302943976 0.00500000000000417
vt 0.00651389547445453 0.00500000000000417
vt 0.00689220791946935 0.00500000000000417
vt 0.00727052036448424 0.00500000000000417
vt 0.00764883280949899 0.00500000000000417
vt 0.00802714525451386 0.00500000000000417
vt 0.00802714525451389 0.0150000000000042
vt 0.00756152993757252 0.0149999999999999
vt 0.00709591462063129 0.0149999999999999
vt 0.00663029930368999 0.0149999999999999
vt 0.0061646839867486 0.015
vt 0.0056990686698073 0.015
vt 0.00523345335286603 0.015
vt 0.00476783803592458 0.015
vt 0.0043022227189832 0.015
vt 0.00383660740204199 0.015
vt 0.00337099208510065 0.015
vt 0.00290537676815932 0.015
vt 0.00243976145121804 0.015
vt 0.00197414613427669 0.0150000000000042
vt -0.000308110050780756 0.00500000000000423
vt 0.000308110050780776 0.00500000000000423
vt 0.000308110050780809 0.0150000000000042
vt -0.000308110050780723 0.0150000000000042
vt -0.0066240191131753 0.00500000000000423
vt 0.00645943886451763 0.00499999999999999
vt 0.0066240191131755 0.00500000000000414
vt 0.00662401911317556 0.0150000000000041
vt -0.00662401911317524 0.0150000000000042
vt 0.00160366670735605 0.00500000000000414
vt 0.00192776172199381 0.00500000000000414
vt 0.00225185673663137 0.00500000000000414
vt 0.0025759517512692 0.00500000000000414
vt 0.00290004676590688 0.00500000000000414
vt 0.00322414178054465 0.00500000000000414
vt 0.00354823679518227 0.00500000000000414
vt 0.00387233180982001 0.00500000000000414
vt 0.00419642682445771 0.00500000000000414
vt 0.00452052183909555 0.00500000000000414
vt 0.00484461685373314 0.00500000000000414
vt 0.00516871186837084 0.00500000000000414
vt 0.00549280688300862 0.00500000000000414
vt 0.00581690189764631 0.00500000000000414
vt 0.00614099691228401 0.00500000000000414
vt 0.00646509192692176 0.00500000000000414
vt 0.00678918694155948 0.00500000000000414
vt 0.0067891869415595 0.0150000000000041
vt 0.00631777601117738 0.0149999999999999
vt 0.00584636508079524 0.0149999999999999
vt 0.00537495415041314 0.0149999999999999
vt 0.00490354322003097 0.015
vt 0.00443213228964892 0.015
vt 0.00396072135926672 0.015
vt 0.00348931042888461 0.015
vt 0.00301789949850249 0.015
vt 0.00254648856812029 0.015
vt 0.00207507763773816 0.015
vt 0.00160366670735607 0.0150000000000041
vt -0.000320594630986367 0.00500000000000421
vt 0.000320594630986333 0.00500000000000421
vt 0.000320594630986358 0.0150000000000042
vt -0.000320594630986342 0.0150000000000042
vt -0.0035311032267601 0.00500000000000341
vt -0.00344012899924618 0.00499999999999526
vt 0.00353110322676555 0.00499999999999956
vt 0.00353110322677099 0.0149999999999996
vt -0.00353110322675466 0.0150000000000034
vt 1.28567179779689E-16 0.00500000000000393
vt 0.00213085867773004 0.00500000000000393
vt 0.00426171735546004 0.00500000000000393
vt 0.00639257603318987 0.00500000000000393
vt 0.00852343471091973 0.00500000000000393
vt 0.0106542933886496 0.00500000000000393
vt 0.0127851520663796 0.00500000000000393
vt 0.0149160107441094 0.00500000000000393
vt 0.0170468694218394 0.00500000000000393
vt 0.0170468694218394 0.0150000000000039
vt 0.0149160107441094 0.0150000000000002
vt 0.0127851520663796 0.0150000000000002
vt 0.0106542933886497 0.0150000000000002
vt 0.00852343471091974 0.0150000000000002
vt 0.00639257603318989 0.0150000000000002
vt 0.00426171735545993 0.0150000000000003
vt 0.00213085867773005 0.0150000000000003
vt 1.49779146606161E-16 0.0150000000000039
vt -0.000458671186676086 0.00500000000000361
vt 0.000458671186675894 0.00500000000000361
vt 0.000458671186675879 0.0150000000000036
vt -0.000458671186676101 0.0150000000000036
vt -0.00660460112702342 0.00500000000000376
vt -0.00641440331447854 0.00499999999999995
vt 0.00660460112702368 0.00500000000000361
vt 0.00660460112702378 0.0150000000000036
vt -0.00660460112702332 0.0150000000000038
vt -3.83364948262635E-18 0.00500000000000379
vt 0.000378312445014869 0.00500000000000379
vt 0.000756624890029615 0.00500000000000379
vt 0.00113493733504449 0.00500000000000379
vt 0.00151324978005919 0.00500000000000379
vt 0.00189156222507409 0.00500000000000379
vt 0.00226987467008888 0.00500000000000379
vt 0.00264818711510371 0.00500000000000379
vt 0.00302649956011849 0.00500000000000379
vt 0.00340481200513334 0.00500000000000379
vt 0.0037831244501481 0.00500000000000379
vt 0.00416143689516288 0.00500000000000379
vt 0.00453974934017781 0.00500000000000379
vt 0.00491806178519262 0.00500000000000379
vt 0.00529637423020735 0.00500000000000379
vt 0.0056746866752222 0.00500000000000379
vt 0.00605299912023704 0.00500000000000379
vt 0.00605299912023706 0.0150000000000038
vt 0.00558738380329572 0.015
vt 0.00512176848635444 0.015
vt 0.00465615316941322 0.015
vt 0.00419053785247177 0.0150000000000001
vt 0.00372492253553056 0.0150000000000001
vt 0.00325930721858918 0.0150000000000001
vt 0.00279369190164784 0.0150000000000001
vt 0.00232807658470658 0.0150000000000001
vt 0.00186246126776516 0.0150000000000001
vt 0.00139684595082401 0.0150000000000001
vt 0.000931230633882645 0.0150000000000001
vt 0.000465615316941267 0.0150000000000001
vt 1.45199036917445E-17 0.0150000000000038
vt -0.00030811005078084 0.00500000000000371
vt 0.000308110050780752 0.00500000000000371
vt 0.000308110050780777 0.0150000000000037
vt -0.000308110050780815 0.0150000000000037
vt -0.00662401911317524 0.00500000000000386
vt 0.00662401911317541 0.00500000000000371
vt 0.00662401911317551 0.0150000000000037
vt -0.00662401911317514 0.0150000000000039
vt -2.01350717717017E-16 0.0050000000000039
vt 0.000313878195446786 0.0050000000000039
vt 0.000627756390893798 0.0050000000000039
vt 0.000941634586340741 0.0050000000000039
vt 0.00125551278178773 0.0050000000000039
vt 0.00156939097723463 0.0050000000000039
vt 0.00188326917268158 0.0050000000000039
vt 0.00219714736812848 0.0050000000000039
vt 0.00251102556357559 0.0050000000000039
vt 0.00282490375902252 0.0050000000000039
vt 0.00313878195446956 0.0050000000000039
vt 0.00345266014991651 0.0050000000000039
vt 0.00376653834536341 0.0050000000000039
vt 0.00408041654081033 0.0050000000000039
vt 0.00439429473625728 0.0050000000000039
vt 0.00470817293170435 0.0050000000000039
vt 0.00502205112715129 0.0050000000000039
vt 0.00518552023420329 0.0050000000000039
vt 0.00518552023420331 0.0150000000000039
vt 0.00471410930382121 0.015
vt 0.00424269837343908 0.0150000000000001
vt 0.00377128744305699 0.0150000000000001
vt 0.00329987651267476 0.0150000000000001
vt 0.00282846558229264 0.0150000000000001
vt 0.00235705465191043 0.0150000000000001
vt 0.00188564372152838 0.0150000000000001
vt 0.00141423279114613 0.0150000000000001
vt 0.000942821860764097 0.0150000000000001
vt 0.000471410930381952 0.0150000000000001
vt -1.94223731951568E-16 0.0150000000000039
vt -0.000320594630986371 0.00500000000000381
vt 0.000320594630986329 0.00500000000000381
vt 0.000320594630986347 0.0150000000000038
vt -0.000320594630986353 0.0150000000000038
vt -0.0113271963487854 0.00499999999999985
vt 0.0113271963487838 0.00500000000000393
vt 0.0113271963487819 0.0150000000000039
vt -0.0113271963487872 0.0149999999999999
vt -0.0113271963487837 0.00500000000000433
vt 0.0113271963487856 0.00499999999999984
vt 0.0113271963487876 0.0149999999999998
vt -0.0113271963487817 0.0150000000000043
vt -2.97666069422071E-17 0.0150000000000041
vt 0.00192557835759539 0.015
vt 0.00385115671519079 0.015
vt 0.00577673507278618 0.015
vt 0.0077023134303817 0.015
vt 0.00962789178797719 0.0149999999999999
vt 0.0115534701455726 0.0149999999999999
vt 0.013479048503168 0.0149999999999999
vt 0.0154046268607635 0.0149999999999999
vt 0.0173302052183589 0.0150000000000041
vt 0.0173302052183589 -1.57329820627061E-16
vt 0.0154046268607636 -1.35626750034539E-16
vt 0.013479048503168 -1.11625167557547E-16
vt 0.0115534701455726 -8.71595691283293E-17
vt 0.00962789178797723 -6.23316560764362E-17
vt 0.00770231343038173 -3.7244635841269E-17
vt 0.00577673507278621 -1.20027929478839E-17
vt 0.00385115671519081 1.32889444945602E-17
vt 0.00192557835759542 3.85254409696788E-17
vt -4.33680868994202E-19 6.36017905929036E-17
vt 0.00707106781186537 0.0150000000000042
vt -0.00707106781186555 0.0150000000000041
vt -0.00707106781186542 -4.43734259186819E-31
vt 0.0070710678118655 1.73472347597637E-18
vt -3.04902092999656E-17 0.0150000000000042
vt 0.000417611457365594 0.015
vt 0.00083522291473122 0.015
vt 0.00125283437209684 0.015
vt 0.00167044582946255 0.015
vt 0.00208805728682823 0.015
vt 0.00250566874419386 0.015
vt 0.00292328020155949 0.015
vt 0.00334089165892505 0.015
vt 0.0037585031162908 0.015
vt 0.00417611457365639 0.015
vt 0.004593726031022 0.015
vt 0.00501133748838758 0.015
vt 0.00542894894575325 0.015
vt 0.00584656040311901 0.0149999999999999
vt 0.00626417186048463 0.0149999999999999
vt 0.00668178331785024 0.0149999999999999
vt 0.00709939477521587 0.0150000000000042
vt 0.00709939477521589 -5.83620574317679E-17
vt 0.00668178331785033 -5.44547259302675E-17
vt 0.00626417186048467 -5.02940847930036E-17
vt 0.00584656040311904 -4.58994882720291E-17
vt 0.00542894894575328 -4.12913789207662E-17
vt 0.00501133748838761 -3.64911925004194E-17
vt 0.00459372603102203 -3.15212582662175E-17
vt 0.00417611457365643 -2.64046950973586E-17
vt 0.00375850311629083 -2.11653039538245E-17
vt 0.00334089165892508 -1.58274571603195E-17
vt 0.00292328020155952 -1.04159850323795E-17
vt 0.00250566874419389 -4.95606037199858E-18
vt 0.00208805728682826 5.26918629877992E-19
vt 0.00167044582946258 6.00744653933055E-18
vt 0.00125283437209687 1.14600293243019E-17
vt 0.00083522291473125 1.68593029463965E-17
vt 0.000417611457365624 2.21801513479875E-17
vt 0 2.73978232857707E-17
vt 0.00707106781186536 0.0150000000000042
vt -0.00707106781186562 0.0150000000000041
vt -0.00707106781186549 0
vt 0.00707106781186549 0
vt -2.99706817353838E-17 0.0150000000000041
vt 0.000431858322075867 0.015
vt 0.000863716644151743 0.015
vt 0.00129557496622765 0.015
vt 0.00172743328830354 0.015
vt 0.00215929161037948 0.015
vt 0.00259114993245539 0.015
vt 0.00302300825453124 0.015
vt 0.00345486657660722 0.015
vt 0.00388672489868318 0.015
vt 0.00431858322075908 0.015
vt 0.00475044154283485 0.015
vt 0.00518229986491087 0.015
vt 0.00561415818698673 0.0149999999999999
vt 0.00604601650906265 0.0150000000000041
vt 0.00604601650906268 -5.97313668983116E-17
vt 0.00561415818698674 -5.55436773162903E-17
vt 0.0051822998649109 -5.11115230797463E-17
vt 0.00475044154283488 -4.64544114504667E-17
vt 0.00431858322075911 -4.15928397963046E-17
vt 0.00388672489868321 -3.65482053759939E-17
vt 0.00345486657660726 -3.134271116331E-17
vt 0.00302300825453127 -2.59992681250059E-17
vt 0.00259114993245542 -2.05413943826675E-17
vt 0.00215929161037951 -1.49931117022848E-17
vt 0.00172743328830357 -9.37883976714518E-18
vt 0.00129557496622768 -3.72328869936158E-18
vt 0.000863716644151772 1.9486496969097E-18
vt 0.000431858322075896 7.61201149188299E-18
vt -1.08420217248551E-19 1.32418705040106E-17
vt 0.0106066017177952 0.0150000000000042
vt -0.0106066017178013 0.015
vt -0.0106066017177983 -8.28303950482062E-30
vt 0.0106066017177982 -5.91645678915759E-30
vt 0.0106066017178008 0.015
vt -0.0106066017177956 0.0150000000000038
vt -0.0106066017177982 7.88860905221012E-30
vt 0.0106066017177982 7.49417859959961E-30
vt -1.54758772873096E-16 0.0150000000000039
vt 0.000431858322075688 0.0150000000000001
vt 0.000863716644151652 0.0150000000000001
vt 0.0012955749662276 0.0150000000000001
vt 0.00172743328830345 0.0150000000000001
vt 0.00215929161037937 0.0150000000000001
vt 0.00259114993245533 0.0150000000000001
vt 0.00302300825453119 0.0150000000000001
vt 0.00345486657660705 0.0150000000000001
vt 0.00388672489868308 0.015
vt 0.00431858322075903 0.015
vt 0.0047504415428348 0.015
vt 0.00518229986491071 0.015
vt 0.0056141581869867 0.015
vt 0.00604601650906259 0.0150000000000039
vt 0.00604601650906262 2.58688361990635E-17
vt 0.00561415818698673 3.1215319234733E-17
vt 0.00518229986491074 3.64244141354928E-17
vt 0.00475044154283483 4.14731940868621E-17
vt 0.00431858322075906 4.63394378693205E-17
vt 0.00388672489868311 5.10017276606713E-17
vt 0.00345486657660709 5.54395433023968E-17
vt 0.00302300825453123 5.96333526151334E-17
vt 0.00259114993245536 6.35646973657535E-17
vt 0.00215929161037941 6.721627450767E-17
vt 0.00172743328830349 7.05720123368171E-17
vt 0.00129557496622772 7.36171412281221E-17
vt 0.000863716644151695 7.63382586411315E-17
vt 0.00043185832207572 7.87233881086646E-17
vt -1.23599047663347E-16 8.07620319489058E-17
vt 0.00707106781186528 0.0150000000000039
vt -0.00707106781186566 0.0150000000000037
vt -0.00707106781186547 -7.08742219534503E-32
vt 0.00707106781186546 3.08148791101958E-33
vt -9.34666326878119E-17 0.0150000000000038
vt 0.000417611457365564 0.0150000000000001
vt 0.000835222914731237 0.0150000000000001
vt 0.00125283437209687 0.0150000000000001
vt 0.00167044582946252 0.0150000000000001
vt 0.0020880572868282 0.0150000000000001
vt 0.0025056687441938 0.0150000000000001
vt 0.0029232802015594 0.0150000000000001
vt 0.00334089165892512 0.0150000000000001
vt 0.00375850311629088 0.015
vt 0.00417611457365645 0.015
vt 0.00459372603102209 0.015
vt 0.00501133748838772 0.015
vt 0.0054289489457534 0.015
vt 0.005846560403119 0.015
vt 0.00626417186048463 0.015
vt 0.00668178331785037 0.015
vt 0.007099394775216 0.0150000000000038
vt 0.00709939477521603 9.24760813266231E-18
vt 0.0066817833178504 1.46716079959499E-17
vt 0.00626417186048466 2.00273592432739E-17
vt 0.00584656040311903 2.52899482721017E-17
vt 0.00542894894575343 3.04348948470226E-17
vt 0.00501133748838775 3.54382659756181E-17
vt 0.00459372603102212 4.02767872386971E-17
vt 0.00417611457365648 4.49279510570216E-17
vt 0.00375850311629092 4.93701213908798E-17
vt 0.00334089165892516 5.35826343854843E-17
vt 0.00292328020155944 5.75458944939985E-17
vt 0.00250566874419383 6.12414656310797E-17
vt 0.00208805728682824 6.46521569328934E-17
vt 0.00167044582946257 6.77621027246697E-17
vt 0.00125283437209691 7.05568363238138E-17
vt 0.00083522291473127 7.30233573352644E-17
vt 0.000417611457365595 7.51501921260484E-17
vt -5.16080234103102E-17 7.69274471977229E-17
vt 0.00707106781186531 0.0150000000000038
vt -0.00707106781186563 0.0150000000000036
vt -0.00707106781186544 -5.7931972727168E-31
vt 0.00707106781186549 -1.69481835106077E-31
vt 1.06411059706741E-16 0.0150000000000039
vt 0.00192557835759546 0.0150000000000003
vt 0.00385115671519099 0.0150000000000003
vt 0.00577673507278641 0.0150000000000003
vt 0.00770231343038192 0.0150000000000002
vt 0.00962789178797729 0.0150000000000002
vt 0.0115534701455727 0.0150000000000002
vt 0.0134790485031682 0.0150000000000002
vt 0.0154046268607635 0.0150000000000001
vt 0.017330205218359 0.0150000000000039
vt 0.0173302052183591 1.15936227483707E-16
vt 0.0154046268607635 1.39844650165638E-16
vt 0.0134790485031682 1.63171751001155E-16
vt 0.0115534701455727 1.8582056129455E-16
vt 0.00962789178797733 2.07696931943919E-16
vt 0.00770231343038195 2.28709924810665E-16
vt 0.00577673507278644 2.48772190741304E-16
vt 0.00385115671519103 2.67800332670157E-16
vt 0.0019255783575955 2.85715252293598E-16
vt 1.40512601554121E-16 3.02442478874691E-16
vt 0.00349999999999183 0.0150000000000038
vt -0.00350000000000815 0.015
vt -0.00349999999999999 -8.67361737988404E-19
vt 0.00349999999999999 -8.67361737988404E-19
vt 0.00799999999999993 0.015
vt -0.00799999999999998 0.015
vt -0.00800000000000001 -7.14905195356542E-31
vt 0.0079999999999999 -7.14905195356542E-31
vt 0.00350000000000861 0.015
vt -0.0034999999999914 0.015000000000004
vt -0.0035 8.67361737988404E-19
vt 0.0035 8.67361737988404E-19
vt 0.0239999999999999 -0.0140000000000001
vt 0.0224294149895541 -0.0151134765532723
vt 0.0207903412675808 -0.0161234293460607
vt 0.0190895923186244 -0.0170256600939006
vt 0.0173342380056942 -0.0178164183033435
vt 0.0155315751814699 -0.0184924168624276
vt 0.0136890973559297 -0.019050845704911
vt 0.0118144635464925 -0.0194893834914688
vt 0.00991546644015873 -0.0198062072592955
vt 0.00800000000000001 -0.02
vt 0.00800000000000001 -0.027
vt -0.0079999999999999 -0.027
vt -0.0079999999999999 -0.02
vt -0.00991546644015873 -0.0198062072592955
vt -0.0118144635464924 -0.0194893834914688
vt -0.0136890973559297 -0.019050845704911
vt -0.0155315751814697 -0.0184924168624277
vt -0.017334238005694 -0.0178164183033436
vt -0.0190895923186243 -0.0170256600939006
vt -0.0207903412675807 -0.0161234293460607
vt -0.022429414989554 -0.0151134765532723
vt -0.0239999999999998 -0.0140000000000002
vt -0.0139999999999999 -0.00400000000000007
vt -0.0144161245269274 -0.00403423574947516
vt -0.0148336148481054 -0.00404002713752653
vt -0.0152505289039716 -0.0040173472240793
vt -0.0156649273156048 -0.00396630151036435
vt -0.0160748824062255 -0.00388712744815335
vt -0.0164784871682615 -0.00378019333519306
vt -0.0168738641342661 -0.0036459966019772
vt -0.0172591741104219 -0.00348516149782536
vt -0.017632624732007 -0.00329843618703286
vt -0.0179924788010221 -0.00308668926859923
vt -0.0183370623671975 -0.00285090573572509
vt -0.0186647725147873 -0.00259218239387241
vt -0.0189740848189285 -0.00231172275870246
vt -0.0192635604368804 -0.00201083145762489
vt -0.0195318528011579 -0.00169090816100026
vt -0.0197777138834235 -0.00135344107122709
vt -0.02 -0.00100000000000004
vt -0.01 0.00899999999999992
vt -0.0104292112393068 0.00904702024175129
vt -0.0108543602181165 0.00912239621205266
vt -0.0112735757261804 0.00922579615828284
vt -0.0116850126682635 0.00935676498576046
vt -0.0120868601849711 0.00951472626075425
vt -0.012477349622892 0.00969898474754367
vt -0.0128547623189821 0.00990872946836327
vt -0.0132174371649241 0.010143037272763
vt -0.0135637779181716 0.0104008769006746
vt -0.0138922602274991 0.0106811135213018
vt -0.0142014383421361 0.0109825137278564
vt -0.0144899514749576 0.0113037509661574
vt -0.0147565297917222 0.0116434113732005
vt -0.015 0.0120000000000001
vt 1.0647019362167E-30 0.027
vt 0.015 0.0119999999999999
vt 0.014756529791722 0.0116434113732004
vt 0.0144899514749576 0.0113037509661573
vt 0.0142014383421361 0.0109825137278563
vt 0.0138922602274991 0.0106811135213018
vt 0.0135637779181716 0.0104008769006745
vt 0.0132174371649241 0.0101430372727629
vt 0.012854762318982 0.00990872946836323
vt 0.0124773496228919 0.00969898474754365
vt 0.0120868601849711 0.00951472626075422
vt 0.0116850126682635 0.00935676498576046
vt 0.0112735757261803 0.00922579615828285
vt 0.0108543602181164 0.00912239621205267
vt 0.0104292112393068 0.00904702024175132
vt 0.01 0.00899999999999995
vt 0.02 -0.00100000000000008
vt 0.0197777138834236 -0.00135344107122716
vt 0.019531852801158 -0.00169090816100032
vt 0.0192635604368805 -0.00201083145762493
vt 0.0189740848189285 -0.00231172275870251
vt 0.0186647725147873 -0.00259218239387245
vt 0.0183370623671975 -0.00285090573572511
vt 0.0179924788010221 -0.00308668926859926
vt 0.0176326247320071 -0.00329843618703286
vt 0.017259174110422 -0.00348516149782538
vt 0.0168738641342662 -0.0036459966019772
vt 0.0164784871682616 -0.00378019333519304
vt 0.0160748824062256 -0.00388712744815332
vt 0.0156649273156049 -0.00396630151036433
vt 0.0152505289039716 -0.00401734722407929
vt 0.0148336148481054 -0.00404002713752652
vt 0.0144161245269275 -0.00403423574947513
vt 0.014 -0.00400000000000006
vt 0.0156752871207045 0.0115710625866041
vt 0.0160190747001142 0.0121122961497843
vt 1.0647019362167E-30 0.0281313708498986
vt -0.0160190747001142 0.0121122961497844
vt -0.0156752871207045 0.0115710625866042
vt -0.0154098759755518 0.0111815652837559
vt -0.0151199104301321 0.010809985941802
vt -0.0148065965098214 0.0104578700344122
vt -0.014471237350611 0.0101266820828935
vt -0.0141152277791018 0.00981779956494987
vt -0.0137400485111375 0.00953250718547352
vt -0.0133472599932087 0.00927199153319767
vt -0.0129384959122393 0.00903733614543364
vt -0.0125154564007527 0.00882951700141997
vt -0.0120799009656761 0.0086493984630274
vt -0.0116336411701957 0.00849772967970278
vt -0.0210014188374669 -0.000870047987568373
vt -0.0206913332118996 -0.00140256476513051
vt -0.020443681325554 -0.00179675308161731
vt -0.0201700933405052 -0.00217340345013212
vt -0.0198718067644974 -0.00253081218567003
vt -0.0195501708232559 -0.00286736263800505
vt -0.0192066403575982 -0.00318153250420861
vt -0.0188427692428212 -0.00347190071441113
vt -0.0184602033601287 -0.00373715385966099
vt -0.0180606731518942 -0.00397609213280588
vt -0.0176459857944324 -0.00418763475552433
vt -0.017218017023682 -0.00437082486695979
vt -0.0167787026507781 -0.00452483385184466
vt -0.0163300298058872 -0.00464896508853693
vt -0.0158740279499148 -0.00474265710001637
vt -0.025214344437816 -0.0140829735879178
vt -0.0244834829943028 -0.0146373728847543
vt -0.0227424284051272 -0.0158651596554232
vt -0.0209203167430514 -0.016969080181388
vt -0.0190259452034331 -0.0179438047099619
vt -0.0170684598539156 -0.0187846272495878
vt -0.0150573114770099 -0.0194874882904692
vt -0.0130022099415095 -0.0200489944039736
vt -0.0109130773230282 -0.0204664346261802
vt -0.00879999999999992 -0.0207377935464744
vt -0.00879999999999992 -0.0278000000000001
vt 0.00880000000000003 -0.0278000000000001
vt 0.00880000000000003 -0.0207377935464744
vt 0.0109130773230282 -0.0204664346261802
vt 0.0130022099415097 -0.0200489944039735
vt 0.0150573114770101 -0.0194874882904692
vt 0.0170684598539157 -0.0187846272495878
vt 0.0190259452034334 -0.0179438047099619
vt 0.0209203167430515 -0.016969080181388
vt 0.0227424284051273 -0.0158651596554232
vt 0.0244834829943029 -0.0146373728847543
vt 0.0252143444378161 -0.0140829735879178
vt 0.0158740279499148 -0.00474265710001631
vt 0.0163300298058872 -0.00464896508853693
vt 0.0167787026507781 -0.00452483385184468
vt 0.0172180170236821 -0.0043708248669598
vt 0.0176459857944324 -0.00418763475552433
vt 0.0180606731518942 -0.00397609213280589
vt 0.0184602033601287 -0.003737153859661
vt 0.0188427692428214 -0.00347190071441113
vt 0.0192066403575983 -0.00318153250420861
vt 0.0195501708232559 -0.00286736263800506
vt 0.0198718067644976 -0.00253081218567003
vt 0.0201700933405055 -0.00217340345013212
vt 0.020443681325554 -0.00179675308161731
vt 0.0206913332118998 -0.00140256476513052
vt 0.021001418837467 -0.000870047987568456
vt 0.0116336411701957 0.00849772967970279
vt 0.0120799009656761 0.0086493984630274
vt 0.0125154564007527 0.00882951700141997
vt 0.0129384959122394 0.00903733614543362
vt 0.0133472599932087 0.00927199153319765
vt 0.0137400485111375 0.00953250718547349
vt 0.0141152277791018 0.00981779956494981
vt 0.014471237350611 0.0101266820828935
vt 0.0148065965098214 0.0104578700344122
vt 0.0151199104301321 0.0108099859418019
vt 0.0154098759755518 0.0111815652837558
vt 7.23110065013843E-30 0.0305355339059327
vt 0.0181846084378566 0.012350925468076
vt 0.0171102722522014 0.010659570583138
vt 0.0167593093964519 0.0101469902501472
vt 0.0163738543242155 0.00965981686091925
vt 0.0159557400810979 0.00920036718621375
vt 0.0155069550245795 0.0087708261556583
vt 0.0150296333683088 0.0083732364672362
vt 0.0145260450327709 0.00800948887316177
vt 0.0231294338670839 -0.000593899961151237
vt 0.0221604162871865 -0.00225801489103258
vt 0.0218578761122976 -0.00274022719246066
vt 0.0215241742935428 -0.00320142385033025
vt 0.0211607655720516 -0.00363959432196714
vt 0.020769234193352 -0.00405282844515154
vt 0.0203512870010034 -0.00443932476528715
vt 0.0199087459957761 -0.00479739838867023
vt 0.0194435403928124 -0.00512548832762227
vt 0.0189576982113989 -0.00542216430546635
vt 0.0277948263681752 -0.0142592924622428
vt 0.0255108843571968 -0.0159917902648567
vt 0.0238354057428967 -0.0171808732723284
vt 0.0220878485547106 -0.0182612393490145
vt 0.0202752568844821 -0.0192285337316372
vt 0.0184049369664716 -0.0200788574287833
vt 0.0164844277272266 -0.020808782937044
vt 0.0145214703975114 -0.0214153680566709
vt 0.0125239773087849 -0.0218961677510597
vt 0.0105 -0.0222492440022565
vt 0.0105 -0.0295
vt -0.0104999999999998 -0.0295
vt -0.0104999999999997 -0.0222492440022565
vt -0.0125239773087845 -0.0218961677510597
vt -0.0145214703975113 -0.021415368056671
vt -0.0164844277272262 -0.020808782937044
vt -0.0184049369664713 -0.0200788574287834
vt -0.0202752568844818 -0.0192285337316373
vt -0.0220878485547104 -0.0182612393490146
vt -0.0238354057428964 -0.0171808732723285
vt -0.0255108843571966 -0.0159917902648568
vt -0.0277948263681751 -0.0142592924622428
vt -0.0189576982113988 -0.00542216430546638
vt -0.0194435403928124 -0.0051254883276223
vt -0.019908745995776 -0.00479739838867024
vt -0.0203512870010034 -0.00443932476528716
vt -0.020769234193352 -0.00405282844515155
vt -0.0211607655720515 -0.00363959432196717
vt -0.0215241742935427 -0.00320142385033026
vt -0.0218578761122975 -0.00274022719246067
vt -0.0221604162871863 -0.00225801489103257
vt -0.0231294338670838 -0.000593899961151154
vt -0.0145260450327708 0.0080094888731618
vt -0.0150296333683086 0.00837323646723617
vt -0.0155069550245795 0.00877082615565832
vt -0.0159557400810979 0.00920036718621377
vt -0.0163738543242155 0.00965981686091931
vt -0.016759309396452 0.0101469902501473
vt -0.0171102722522014 0.0106595705831382
vt -0.0181846084378566 0.0123509254680762
vt 0.00800000000000001 -0.027
vt 0.00800000000000001 -0.02
vt 0.00991546644015873 -0.0198062072592955
vt 0.0118144635464925 -0.0194893834914688
vt 0.0136890973559297 -0.019050845704911
vt 0.0155315751814699 -0.0184924168624276
vt 0.0173342380056942 -0.0178164183033435
vt 0.0190895923186244 -0.0170256600939006
vt 0.0207903412675808 -0.0161234293460607
vt 0.0224294149895541 -0.0151134765532723
vt 0.0239999999999999 -0.0140000000000001
vt 0.014 -0.00400000000000006
vt 0.0144161245269275 -0.00403423574947513
vt 0.0148336148481054 -0.00404002713752652
vt 0.0152505289039716 -0.00401734722407929
vt 0.0156649273156049 -0.00396630151036433
vt 0.0160748824062256 -0.00388712744815334
vt 0.0164784871682616 -0.00378019333519304
vt 0.0168738641342662 -0.0036459966019772
vt 0.017259174110422 -0.00348516149782538
vt 0.0176326247320071 -0.00329843618703286
vt 0.0179924788010221 -0.00308668926859926
vt 0.0183370623671975 -0.00285090573572511
vt 0.0186647725147873 -0.00259218239387243
vt 0.0189740848189285 -0.00231172275870251
vt 0.0192635604368805 -0.00201083145762493
vt 0.019531852801158 -0.0016909081610003
vt 0.0197777138834236 -0.00135344107122716
vt 0.02 -0.00100000000000008
vt 0.01 0.00899999999999995
vt 0.0104292112393068 0.00904702024175132
vt 0.0108543602181164 0.00912239621205267
vt 0.0112735757261803 0.00922579615828285
vt 0.0116850126682635 0.00935676498576046
vt 0.0120868601849711 0.00951472626075422
vt 0.0124773496228919 0.00969898474754365
vt 0.012854762318982 0.00990872946836323
vt 0.0132174371649241 0.0101430372727629
vt 0.0135637779181716 0.0104008769006745
vt 0.0138922602274991 0.0106811135213018
vt 0.0142014383421361 0.0109825137278563
vt 0.0144899514749576 0.0113037509661573
vt 0.014756529791722 0.0116434113732004
vt 0.015 0.0119999999999999
vt 1.04252064587885E-30 0.027
vt -0.015 0.0120000000000001
vt -0.0147565297917222 0.0116434113732005
vt -0.0144899514749576 0.0113037509661574
vt -0.0142014383421361 0.0109825137278564
vt -0.0138922602274991 0.0106811135213018
vt -0.0135637779181716 0.0104008769006746
vt -0.0132174371649241 0.010143037272763
vt -0.0128547623189821 0.00990872946836327
vt -0.012477349622892 0.00969898474754367
vt -0.0120868601849711 0.00951472626075425
vt -0.0116850126682635 0.00935676498576048
vt -0.0112735757261804 0.00922579615828284
vt -0.0108543602181165 0.00912239621205266
vt -0.0104292112393068 0.00904702024175129
vt -0.01 0.00899999999999992
vt -0.02 -0.00100000000000004
vt -0.0197777138834235 -0.00135344107122709
vt -0.0195318528011579 -0.00169090816100026
vt -0.0192635604368804 -0.00201083145762489
vt -0.0189740848189285 -0.00231172275870246
vt -0.0186647725147873 -0.00259218239387241
vt -0.0183370623671975 -0.00285090573572509
vt -0.0179924788010221 -0.00308668926859923
vt -0.017632624732007 -0.00329843618703286
vt -0.0172591741104219 -0.00348516149782536
vt -0.0168738641342661 -0.0036459966019772
vt -0.0164784871682615 -0.00378019333519306
vt -0.0160748824062255 -0.00388712744815335
vt -0.0156649273156048 -0.00396630151036435
vt -0.0152505289039716 -0.0040173472240793
vt -0.0148336148481054 -0.00404002713752655
vt -0.0144161245269274 -0.00403423574947516
vt -0.0139999999999999 -0.00400000000000007
vt -0.0239999999999998 -0.0140000000000002
vt -0.022429414989554 -0.0151134765532723
vt -0.0207903412675807 -0.0161234293460607
vt -0.0190895923186243 -0.0170256600939006
vt -0.017334238005694 -0.0178164183033435
vt -0.0155315751814697 -0.0184924168624277
vt -0.0136890973559297 -0.019050845704911
vt -0.0118144635464924 -0.0194893834914688
vt -0.00991546644015873 -0.0198062072592955
vt -0.0079999999999999 -0.02
vt -0.0079999999999999 -0.027

o Vánoční vykrajovátka\Těleso
g Vánoční vykrajovátka\Těleso
s off

usemtl c_0

# face 0
f 2/2/2 3/3/3 1/1/1
f 1/1/1 3/3/3 26/26/26
f 3/3/3 4/4/4 26/26/26
f 26/26/26 4/4/4 25/25/25
f 4/4/4 5/5/5 25/25/25
f 25/25/25 5/5/5 6/6/6
f 25/25/25 6/6/6 24/24/24
f 24/24/24 6/6/6 7/7/7
f 24/24/24 7/7/7 23/23/23
f 23/23/23 7/7/7 8/8/8
f 23/23/23 8/8/8 9/9/9
f 23/23/23 9/9/9 22/22/22
f 22/22/22 9/9/9 10/10/10
f 22/22/22 10/10/10 11/11/11
f 22/22/22 11/11/11 21/21/21
f 21/21/21 11/11/11 12/12/12
f 21/21/21 12/12/12 20/20/20
f 20/20/20 12/12/12 13/13/13
f 20/20/20 13/13/13 14/14/14
f 20/20/20 14/14/14 19/19/19
f 19/19/19 14/14/14 15/15/15
f 19/19/19 15/15/15 16/16/16
f 16/16/16 17/17/17 19/19/19
f 19/19/19 17/17/17 18/18/18

# face 1
f 28/28/28 29/29/29 27/27/27
f 27/27/27 29/29/29 30/30/30
f 27/27/27 30/30/30 31/31/31

# face 2
f 38/38/38 32/32/32 37/37/37
f 37/37/37 32/32/32 33/33/33
f 37/37/37 33/33/33 34/34/34
f 34/34/34 35/35/35 37/37/37
f 37/37/37 35/35/35 36/36/36

# face 3
f 39/39/39 40/40/40 42/42/42
f 42/42/42 40/40/40 41/41/41

# face 4
f 43/43/43 44/44/44 70/70/70
f 70/70/70 44/44/44 69/69/69
f 44/44/44 45/45/45 69/69/69
f 69/69/69 45/45/45 68/68/68
f 45/45/45 46/46/46 68/68/68
f 68/68/68 46/46/46 67/67/67
f 46/46/46 47/47/47 67/67/67
f 67/67/67 47/47/47 66/66/66
f 47/47/47 48/48/48 66/66/66
f 66/66/66 48/48/48 65/65/65
f 48/48/48 49/49/49 65/65/65
f 65/65/65 49/49/49 50/50/50
f 65/65/65 50/50/50 64/64/64
f 64/64/64 50/50/50 51/51/51
f 64/64/64 51/51/51 63/63/63
f 63/63/63 51/51/51 52/52/52
f 63/63/63 52/52/52 62/62/62
f 62/62/62 52/52/52 53/53/53
f 62/62/62 53/53/53 54/54/54
f 62/62/62 54/54/54 61/61/61
f 61/61/61 54/54/54 55/55/55
f 61/61/61 55/55/55 56/56/56
f 61/61/61 56/56/56 60/60/60
f 60/60/60 56/56/56 57/57/57
f 60/60/60 57/57/57 58/58/58
f 58/58/58 59/59/59 60/60/60

# face 5
f 77/77/77 71/71/71 76/76/76
f 76/76/76 71/71/71 72/72/72
f 76/76/76 72/72/72 73/73/73
f 73/73/73 74/74/74 76/76/76
f 76/76/76 74/74/74 75/75/75

# face 6
f 78/78/78 79/79/79 81/81/81
f 81/81/81 79/79/79 80/80/80

# face 7
f 100/100/100 82/82/82 99/99/99
f 99/99/99 82/82/82 83/83/83
f 99/99/99 83/83/83 98/98/98
f 98/98/98 83/83/83 84/84/84
f 98/98/98 84/84/84 97/97/97
f 97/97/97 84/84/84 85/85/85
f 97/97/97 85/85/85 96/96/96
f 96/96/96 85/85/85 95/95/95
f 85/85/85 86/86/86 95/95/95
f 95/95/95 86/86/86 94/94/94
f 86/86/86 87/87/87 94/94/94
f 94/94/94 87/87/87 93/93/93
f 87/87/87 88/88/88 93/93/93
f 93/93/93 88/88/88 92/92/92
f 88/88/88 89/89/89 92/92/92
f 92/92/92 89/89/89 91/91/91
f 89/89/89 90/90/90 91/91/91

# face 8
f 105/105/105 101/101/101 104/104/104
f 104/104/104 101/101/101 102/102/102
f 104/104/104 102/102/102 103/103/103

# face 9
f 106/106/106 107/107/107 109/109/109
f 109/109/109 107/107/107 108/108/108

# face 10
f 114/114/114 110/110/110 113/113/113
f 113/113/113 110/110/110 111/111/111
f 113/113/113 111/111/111 112/112/112

# face 11
f 116/116/116 117/117/117 115/115/115
f 115/115/115 117/117/117 118/118/118
f 115/115/115 118/118/118 119/119/119

# face 12
f 120/120/120 121/121/121 137/137/137
f 137/137/137 121/121/121 136/136/136
f 121/121/121 122/122/122 136/136/136
f 136/136/136 122/122/122 135/135/135
f 122/122/122 123/123/123 135/135/135
f 135/135/135 123/123/123 134/134/134
f 123/123/123 124/124/124 134/134/134
f 134/134/134 124/124/124 133/133/133
f 124/124/124 125/125/125 133/133/133
f 133/133/133 125/125/125 132/132/132
f 125/125/125 126/126/126 132/132/132
f 132/132/132 126/126/126 131/131/131
f 126/126/126 127/127/127 131/131/131
f 131/131/131 127/127/127 130/130/130
f 127/127/127 128/128/128 130/130/130
f 130/130/130 128/128/128 129/129/129

# face 13
f 139/139/139 140/140/140 138/138/138
f 138/138/138 140/140/140 143/143/143
f 141/141/141 142/142/142 140/140/140
f 140/140/140 142/142/142 143/143/143

# face 14
f 145/145/145 146/146/146 144/144/144
f 144/144/144 146/146/146 147/147/147
f 144/144/144 147/147/147 148/148/148

# face 15
f 176/176/176 149/149/149 175/175/175
f 175/175/175 149/149/149 150/150/150
f 175/175/175 150/150/150 174/174/174
f 174/174/174 150/150/150 151/151/151
f 174/174/174 151/151/151 173/173/173
f 173/173/173 151/151/151 152/152/152
f 173/173/173 152/152/152 172/172/172
f 172/172/172 152/152/152 153/153/153
f 172/172/172 153/153/153 171/171/171
f 171/171/171 153/153/153 154/154/154
f 171/171/171 154/154/154 170/170/170
f 170/170/170 154/154/154 169/169/169
f 154/154/154 155/155/155 169/169/169
f 169/169/169 155/155/155 168/168/168
f 155/155/155 156/156/156 168/168/168
f 168/168/168 156/156/156 167/167/167
f 156/156/156 157/157/157 167/167/167
f 167/167/167 157/157/157 166/166/166
f 166/166/166 157/157/157 165/165/165
f 165/165/165 157/157/157 158/158/158
f 165/165/165 158/158/158 164/164/164
f 164/164/164 158/158/158 159/159/159
f 164/164/164 159/159/159 163/163/163
f 163/163/163 159/159/159 162/162/162
f 160/160/160 161/161/161 159/159/159
f 159/159/159 161/161/161 162/162/162

# face 16
f 178/178/178 179/179/179 177/177/177
f 177/177/177 179/179/179 182/182/182
f 180/180/180 181/181/181 179/179/179
f 179/179/179 181/181/181 182/182/182

# face 17
f 184/184/184 185/185/185 183/183/183
f 183/183/183 185/185/185 186/186/186
f 183/183/183 186/186/186 187/187/187

# face 18
f 213/213/213 188/188/188 212/212/212
f 212/212/212 188/188/188 189/189/189
f 212/212/212 189/189/189 211/211/211
f 211/211/211 189/189/189 190/190/190
f 211/211/211 190/190/190 210/210/210
f 210/210/210 190/190/190 209/209/209
f 190/190/190 191/191/191 209/209/209
f 209/209/209 191/191/191 208/208/208
f 208/208/208 191/191/191 207/207/207
f 207/207/207 191/191/191 192/192/192
f 207/207/207 192/192/192 206/206/206
f 206/206/206 192/192/192 193/193/193
f 206/206/206 193/193/193 205/205/205
f 205/205/205 193/193/193 204/204/204
f 193/193/193 194/194/194 204/204/204
f 204/204/204 194/194/194 203/203/203
f 203/203/203 194/194/194 202/202/202
f 202/202/202 194/194/194 195/195/195
f 202/202/202 195/195/195 201/201/201
f 201/201/201 195/195/195 200/200/200
f 195/195/195 196/196/196 200/200/200
f 200/200/200 196/196/196 199/199/199
f 197/197/197 198/198/198 196/196/196
f 196/196/196 198/198/198 199/199/199

# face 19
f 218/218/218 214/214/214 217/217/217
f 217/217/217 214/214/214 215/215/215
f 217/217/217 215/215/215 216/216/216

# face 20
f 220/220/220 221/221/221 219/219/219
f 219/219/219 221/221/221 222/222/222

# face 21
f 223/223/223 224/224/224 226/226/226
f 226/226/226 224/224/224 225/225/225

# face 22
f 227/227/227 228/228/228 230/230/230
f 230/230/230 228/228/228 229/229/229

# face 23
f 231/231/231 232/232/232 234/234/234
f 234/234/234 232/232/232 233/233/233

# face 24
f 235/235/235 236/236/236 252/252/252
f 252/252/252 236/236/236 251/251/251
f 236/236/236 237/237/237 251/251/251
f 251/251/251 237/237/237 250/250/250
f 237/237/237 238/238/238 250/250/250
f 250/250/250 238/238/238 249/249/249
f 238/238/238 239/239/239 249/249/249
f 249/249/249 239/239/239 248/248/248
f 239/239/239 240/240/240 248/248/248
f 248/248/248 240/240/240 247/247/247
f 240/240/240 241/241/241 247/247/247
f 247/247/247 241/241/241 246/246/246
f 241/241/241 242/242/242 246/246/246
f 246/246/246 242/242/242 245/245/245
f 242/242/242 243/243/243 245/245/245
f 245/245/245 243/243/243 244/244/244

# face 25
f 253/253/253 254/254/254 256/256/256
f 256/256/256 254/254/254 255/255/255

# face 26
f 257/257/257 258/258/258 260/260/260
f 260/260/260 258/258/258 259/259/259

# face 27
f 261/261/261 262/262/262 278/278/278
f 278/278/278 262/262/262 277/277/277
f 262/262/262 263/263/263 277/277/277
f 277/277/277 263/263/263 276/276/276
f 263/263/263 264/264/264 276/276/276
f 276/276/276 264/264/264 275/275/275
f 264/264/264 265/265/265 275/275/275
f 275/275/275 265/265/265 274/274/274
f 265/265/265 266/266/266 274/274/274
f 274/274/274 266/266/266 273/273/273
f 266/266/266 267/267/267 273/273/273
f 273/273/273 267/267/267 272/272/272
f 267/267/267 268/268/268 272/272/272
f 272/272/272 268/268/268 271/271/271
f 268/268/268 269/269/269 271/271/271
f 271/271/271 269/269/269 270/270/270

# face 28
f 279/279/279 280/280/280 282/282/282
f 282/282/282 280/280/280 281/281/281

# face 29
f 283/283/283 284/284/284 286/286/286
f 286/286/286 284/284/284 285/285/285

# face 30
f 287/287/287 288/288/288 300/300/300
f 300/300/300 288/288/288 299/299/299
f 288/288/288 289/289/289 299/299/299
f 299/299/299 289/289/289 298/298/298
f 289/289/289 290/290/290 298/298/298
f 298/298/298 290/290/290 297/297/297
f 290/290/290 291/291/291 297/297/297
f 297/297/297 291/291/291 296/296/296
f 291/291/291 292/292/292 296/296/296
f 296/296/296 292/292/292 295/295/295
f 292/292/292 293/293/293 295/295/295
f 295/295/295 293/293/293 294/294/294

# face 31
f 301/301/301 302/302/302 304/304/304
f 304/304/304 302/302/302 303/303/303

# face 32
f 507/507/507 508/508/508 306/306/306
f 306/306/306 508/508/508 509/509/509
f 306/306/306 509/509/509 305/305/305
f 305/305/305 509/509/509 406/406/406
f 305/305/305 406/406/406 407/407/407
f 306/306/306 307/307/307 507/507/507
f 507/507/507 307/307/307 506/506/506
f 307/307/307 308/308/308 506/506/506
f 506/506/506 308/308/308 505/505/505
f 308/308/308 309/309/309 505/505/505
f 505/505/505 309/309/309 504/504/504
f 309/309/309 310/310/310 504/504/504
f 504/504/504 310/310/310 503/503/503
f 310/310/310 311/311/311 503/503/503
f 503/503/503 311/311/311 502/502/502
f 311/311/311 312/312/312 502/502/502
f 502/502/502 312/312/312 501/501/501
f 312/312/312 313/313/313 501/501/501
f 501/501/501 313/313/313 500/500/500
f 313/313/313 314/314/314 500/500/500
f 500/500/500 314/314/314 499/499/499
f 314/314/314 315/315/315 499/499/499
f 499/499/499 315/315/315 498/498/498
f 315/315/315 316/316/316 498/498/498
f 498/498/498 316/316/316 497/497/497
f 316/316/316 317/317/317 497/497/497
f 497/497/497 317/317/317 496/496/496
f 317/317/317 318/318/318 496/496/496
f 496/496/496 318/318/318 495/495/495
f 318/318/318 319/319/319 495/495/495
f 495/495/495 319/319/319 494/494/494
f 319/319/319 320/320/320 494/494/494
f 494/494/494 320/320/320 493/493/493
f 320/320/320 321/321/321 493/493/493
f 493/493/493 321/321/321 492/492/492
f 321/321/321 322/322/322 492/492/492
f 492/492/492 322/322/322 491/491/491
f 322/322/322 323/323/323 491/491/491
f 491/491/491 323/323/323 490/490/490
f 490/490/490 323/323/323 489/489/489
f 489/489/489 323/323/323 324/324/324
f 489/489/489 324/324/324 325/325/325
f 489/489/489 325/325/325 488/488/488
f 488/488/488 325/325/325 326/326/326
f 488/488/488 326/326/326 487/487/487
f 487/487/487 326/326/326 486/486/486
f 326/326/326 327/327/327 486/486/486
f 486/486/486 327/327/327 328/328/328
f 486/486/486 328/328/328 485/485/485
f 485/485/485 328/328/328 329/329/329
f 485/485/485 329/329/329 484/484/484
f 484/484/484 329/329/329 330/330/330
f 484/484/484 330/330/330 483/483/483
f 483/483/483 330/330/330 331/331/331
f 483/483/483 331/331/331 482/482/482
f 482/482/482 331/331/331 332/332/332
f 482/482/482 332/332/332 481/481/481
f 481/481/481 332/332/332 333/333/333
f 481/481/481 333/333/333 480/480/480
f 480/480/480 333/333/333 334/334/334
f 480/480/480 334/334/334 479/479/479
f 479/479/479 334/334/334 335/335/335
f 479/479/479 335/335/335 478/478/478
f 478/478/478 335/335/335 336/336/336
f 478/478/478 336/336/336 477/477/477
f 477/477/477 336/336/336 337/337/337
f 477/477/477 337/337/337 476/476/476
f 476/476/476 337/337/337 338/338/338
f 476/476/476 338/338/338 475/475/475
f 475/475/475 338/338/338 339/339/339
f 475/475/475 339/339/339 474/474/474
f 474/474/474 339/339/339 340/340/340
f 474/474/474 340/340/340 473/473/473
f 473/473/473 340/340/340 341/341/341
f 473/473/473 341/341/341 472/472/472
f 472/472/472 341/341/341 342/342/342
f 472/472/472 342/342/342 471/471/471
f 471/471/471 342/342/342 470/470/470
f 342/342/342 343/343/343 470/470/470
f 470/470/470 343/343/343 344/344/344
f 470/470/470 344/344/344 469/469/469
f 469/469/469 344/344/344 345/345/345
f 469/469/469 345/345/345 468/468/468
f 468/468/468 345/345/345 467/467/467
f 345/345/345 346/346/346 467/467/467
f 467/467/467 346/346/346 347/347/347
f 467/467/467 347/347/347 466/466/466
f 466/466/466 347/347/347 348/348/348
f 466/466/466 348/348/348 465/465/465
f 465/465/465 348/348/348 349/349/349
f 465/465/465 349/349/349 464/464/464
f 464/464/464 349/349/349 350/350/350
f 464/464/464 350/350/350 463/463/463
f 463/463/463 350/350/350 351/351/351
f 463/463/463 351/351/351 462/462/462
f 462/462/462 351/351/351 352/352/352
f 462/462/462 352/352/352 461/461/461
f 461/461/461 352/352/352 353/353/353
f 461/461/461 353/353/353 460/460/460
f 460/460/460 353/353/353 459/459/459
f 353/353/353 354/354/354 459/459/459
f 459/459/459 354/354/354 355/355/355
f 459/459/459 355/355/355 458/458/458
f 458/458/458 355/355/355 356/356/356
f 458/458/458 356/356/356 457/457/457
f 457/457/457 356/356/356 357/357/357
f 457/457/457 357/357/357 456/456/456
f 456/456/456 357/357/357 455/455/455
f 455/455/455 357/357/357 454/454/454
f 454/454/454 357/357/357 358/358/358
f 454/454/454 358/358/358 359/359/359
f 359/359/359 360/360/360 454/454/454
f 454/454/454 360/360/360 453/453/453
f 453/453/453 360/360/360 452/452/452
f 452/452/452 360/360/360 361/361/361
f 452/452/452 361/361/361 451/451/451
f 451/451/451 361/361/361 362/362/362
f 451/451/451 362/362/362 450/450/450
f 450/450/450 362/362/362 363/363/363
f 450/450/450 363/363/363 449/449/449
f 449/449/449 363/363/363 364/364/364
f 449/449/449 364/364/364 448/448/448
f 448/448/448 364/364/364 365/365/365
f 448/448/448 365/365/365 447/447/447
f 447/447/447 365/365/365 366/366/366
f 447/447/447 366/366/366 446/446/446
f 446/446/446 366/366/366 367/367/367
f 446/446/446 367/367/367 445/445/445
f 445/445/445 367/367/367 368/368/368
f 445/445/445 368/368/368 444/444/444
f 444/444/444 368/368/368 443/443/443
f 368/368/368 369/369/369 443/443/443
f 443/443/443 369/369/369 370/370/370
f 443/443/443 370/370/370 371/371/371
f 424/424/424 425/425/425 387/387/387
f 387/387/387 425/425/425 426/426/426
f 387/387/387 426/426/426 386/386/386
f 386/386/386 426/426/426 427/427/427
f 386/386/386 427/427/427 385/385/385
f 385/385/385 427/427/427 428/428/428
f 385/385/385 428/428/428 384/384/384
f 384/384/384 428/428/428 429/429/429
f 384/384/384 429/429/429 383/383/383
f 383/383/383 429/429/429 430/430/430
f 383/383/383 430/430/430 382/382/382
f 382/382/382 430/430/430 431/431/431
f 382/382/382 431/431/431 381/381/381
f 381/381/381 431/431/431 432/432/432
f 381/381/381 432/432/432 380/380/380
f 380/380/380 432/432/432 433/433/433
f 380/380/380 433/433/433 379/379/379
f 379/379/379 433/433/433 434/434/434
f 379/379/379 434/434/434 378/378/378
f 378/378/378 434/434/434 435/435/435
f 378/378/378 435/435/435 377/377/377
f 377/377/377 435/435/435 436/436/436
f 377/377/377 436/436/436 376/376/376
f 376/376/376 436/436/436 437/437/437
f 376/376/376 437/437/437 375/375/375
f 375/375/375 437/437/437 438/438/438
f 375/375/375 438/438/438 374/374/374
f 374/374/374 438/438/438 439/439/439
f 374/374/374 439/439/439 373/373/373
f 373/373/373 439/439/439 440/440/440
f 373/373/373 440/440/440 372/372/372
f 372/372/372 440/440/440 441/441/441
f 372/372/372 441/441/441 371/371/371
f 371/371/371 441/441/441 442/442/442
f 371/371/371 442/442/442 443/443/443
f 387/387/387 388/388/388 424/424/424
f 424/424/424 388/388/388 389/389/389
f 424/424/424 389/389/389 423/423/423
f 423/423/423 389/389/389 390/390/390
f 423/423/423 390/390/390 422/422/422
f 422/422/422 390/390/390 391/391/391
f 422/422/422 391/391/391 421/421/421
f 421/421/421 391/391/391 392/392/392
f 421/421/421 392/392/392 420/420/420
f 420/420/420 392/392/392 393/393/393
f 420/420/420 393/393/393 419/419/419
f 419/419/419 393/393/393 394/394/394
f 419/419/419 394/394/394 418/418/418
f 418/418/418 394/394/394 395/395/395
f 418/418/418 395/395/395 417/417/417
f 417/417/417 395/395/395 396/396/396
f 417/417/417 396/396/396 416/416/416
f 416/416/416 396/396/396 397/397/397
f 416/416/416 397/397/397 415/415/415
f 415/415/415 397/397/397 398/398/398
f 415/415/415 398/398/398 414/414/414
f 414/414/414 398/398/398 399/399/399
f 414/414/414 399/399/399 413/413/413
f 413/413/413 399/399/399 400/400/400
f 413/413/413 400/400/400 412/412/412
f 412/412/412 400/400/400 401/401/401
f 412/412/412 401/401/401 411/411/411
f 411/411/411 401/401/401 402/402/402
f 411/411/411 402/402/402 410/410/410
f 410/410/410 402/402/402 403/403/403
f 410/410/410 403/403/403 409/409/409
f 409/409/409 403/403/403 404/404/404
f 409/409/409 404/404/404 408/408/408
f 408/408/408 404/404/404 405/405/405
f 408/408/408 405/405/405 407/407/407
f 407/407/407 405/405/405 305/305/305

# face 33
f 510/510/510 511/511/511 513/513/513
f 513/513/513 511/511/511 512/512/512

# face 34
f 514/514/514 515/515/515 527/527/527
f 527/527/527 515/515/515 526/526/526
f 515/515/515 516/516/516 526/526/526
f 526/526/526 516/516/516 525/525/525
f 516/516/516 517/517/517 525/525/525
f 525/525/525 517/517/517 524/524/524
f 517/517/517 518/518/518 524/524/524
f 524/524/524 518/518/518 523/523/523
f 518/518/518 519/519/519 523/523/523
f 523/523/523 519/519/519 522/522/522
f 519/519/519 520/520/520 522/522/522
f 522/522/522 520/520/520 521/521/521

# face 35
f 528/528/528 529/529/529 531/531/531
f 531/531/531 529/529/529 530/530/530

# face 36
f 532/532/532 533/533/533 535/535/535
f 535/535/535 533/533/533 534/534/534

# face 37
f 536/536/536 537/537/537 553/553/553
f 553/553/553 537/537/537 552/552/552
f 537/537/537 538/538/538 552/552/552
f 552/552/552 538/538/538 551/551/551
f 538/538/538 539/539/539 551/551/551
f 551/551/551 539/539/539 550/550/550
f 539/539/539 540/540/540 550/550/550
f 550/550/550 540/540/540 549/549/549
f 540/540/540 541/541/541 549/549/549
f 549/549/549 541/541/541 548/548/548
f 541/541/541 542/542/542 548/548/548
f 548/548/548 542/542/542 547/547/547
f 542/542/542 543/543/543 547/547/547
f 547/547/547 543/543/543 546/546/546
f 543/543/543 544/544/544 546/546/546
f 546/546/546 544/544/544 545/545/545

# face 38
f 554/554/554 555/555/555 557/557/557
f 557/557/557 555/555/555 556/556/556

# face 39
f 558/558/558 559/559/559 561/561/561
f 561/561/561 559/559/559 560/560/560

# face 40
f 562/562/562 563/563/563 580/580/580
f 580/580/580 563/563/563 579/579/579
f 563/563/563 564/564/564 579/579/579
f 579/579/579 564/564/564 578/578/578
f 564/564/564 565/565/565 578/578/578
f 578/578/578 565/565/565 577/577/577
f 565/565/565 566/566/566 577/577/577
f 577/577/577 566/566/566 567/567/567
f 577/577/577 567/567/567 576/576/576
f 576/576/576 567/567/567 568/568/568
f 576/576/576 568/568/568 575/575/575
f 575/575/575 568/568/568 569/569/569
f 575/575/575 569/569/569 574/574/574
f 574/574/574 569/569/569 570/570/570
f 574/574/574 570/570/570 573/573/573
f 573/573/573 570/570/570 571/571/571
f 573/573/573 571/571/571 572/572/572

# face 41
f 581/581/581 582/582/582 584/584/584
f 584/584/584 582/582/582 583/583/583

# face 42
f 585/585/585 586/586/586 588/588/588
f 588/588/588 586/586/586 587/587/587

# face 43
f 589/589/589 590/590/590 592/592/592
f 592/592/592 590/590/590 591/591/591

# face 44
f 593/593/593 594/594/594 597/597/597
f 597/597/597 594/594/594 596/596/596
f 594/594/594 595/595/595 596/596/596

# face 45
f 598/598/598 599/599/599 615/615/615
f 615/615/615 599/599/599 614/614/614
f 599/599/599 600/600/600 614/614/614
f 614/614/614 600/600/600 613/613/613
f 600/600/600 601/601/601 613/613/613
f 613/613/613 601/601/601 612/612/612
f 601/601/601 602/602/602 612/612/612
f 612/612/612 602/602/602 611/611/611
f 602/602/602 603/603/603 611/611/611
f 611/611/611 603/603/603 610/610/610
f 603/603/603 604/604/604 610/610/610
f 610/610/610 604/604/604 609/609/609
f 604/604/604 605/605/605 609/609/609
f 609/609/609 605/605/605 608/608/608
f 605/605/605 606/606/606 608/608/608
f 608/608/608 606/606/606 607/607/607

# face 46
f 616/616/616 617/617/617 619/619/619
f 619/619/619 617/617/617 618/618/618

# face 47
f 620/620/620 621/621/621 624/624/624
f 624/624/624 621/621/621 623/623/623
f 621/621/621 622/622/622 623/623/623

# face 48
f 625/625/625 626/626/626 655/655/655
f 655/655/655 626/626/626 654/654/654
f 626/626/626 627/627/627 654/654/654
f 654/654/654 627/627/627 653/653/653
f 627/627/627 628/628/628 653/653/653
f 653/653/653 628/628/628 652/652/652
f 628/628/628 629/629/629 652/652/652
f 652/652/652 629/629/629 651/651/651
f 629/629/629 630/630/630 651/651/651
f 651/651/651 630/630/630 631/631/631
f 651/651/651 631/631/631 650/650/650
f 650/650/650 631/631/631 632/632/632
f 650/650/650 632/632/632 649/649/649
f 649/649/649 632/632/632 633/633/633
f 649/649/649 633/633/633 648/648/648
f 648/648/648 633/633/633 634/634/634
f 648/648/648 634/634/634 647/647/647
f 647/647/647 634/634/634 635/635/635
f 647/647/647 635/635/635 646/646/646
f 646/646/646 635/635/635 636/636/636
f 646/646/646 636/636/636 637/637/637
f 646/646/646 637/637/637 645/645/645
f 645/645/645 637/637/637 638/638/638
f 645/645/645 638/638/638 644/644/644
f 644/644/644 638/638/638 639/639/639
f 644/644/644 639/639/639 643/643/643
f 643/643/643 639/639/639 640/640/640
f 643/643/643 640/640/640 642/642/642
f 642/642/642 640/640/640 641/641/641

# face 49
f 656/656/656 657/657/657 659/659/659
f 659/659/659 657/657/657 658/658/658

# face 50
f 660/660/660 661/661/661 664/664/664
f 664/664/664 661/661/661 663/663/663
f 661/661/661 662/662/662 663/663/663

# face 51
f 665/665/665 666/666/666 693/693/693
f 693/693/693 666/666/666 692/692/692
f 666/666/666 667/667/667 692/692/692
f 692/692/692 667/667/667 691/691/691
f 667/667/667 668/668/668 691/691/691
f 691/691/691 668/668/668 669/669/669
f 691/691/691 669/669/669 690/690/690
f 690/690/690 669/669/669 670/670/670
f 690/690/690 670/670/670 689/689/689
f 689/689/689 670/670/670 671/671/671
f 689/689/689 671/671/671 672/672/672
f 689/689/689 672/672/672 688/688/688
f 688/688/688 672/672/672 673/673/673
f 688/688/688 673/673/673 687/687/687
f 687/687/687 673/673/673 674/674/674
f 687/687/687 674/674/674 686/686/686
f 686/686/686 674/674/674 675/675/675
f 686/686/686 675/675/675 676/676/676
f 686/686/686 676/676/676 685/685/685
f 685/685/685 676/676/676 677/677/677
f 685/685/685 677/677/677 684/684/684
f 684/684/684 677/677/677 678/678/678
f 684/684/684 678/678/678 679/679/679
f 684/684/684 679/679/679 683/683/683
f 683/683/683 679/679/679 680/680/680
f 683/683/683 680/680/680 682/682/682
f 682/682/682 680/680/680 681/681/681

# face 52
f 694/694/694 695/695/695 697/697/697
f 697/697/697 695/695/695 696/696/696

# face 53
f 698/698/698 699/699/699 702/702/702
f 702/702/702 699/699/699 701/701/701
f 699/699/699 700/700/700 701/701/701

# face 54
f 703/703/703 704/704/704 720/720/720
f 720/720/720 704/704/704 719/719/719
f 704/704/704 705/705/705 719/719/719
f 719/719/719 705/705/705 718/718/718
f 705/705/705 706/706/706 718/718/718
f 718/718/718 706/706/706 717/717/717
f 706/706/706 707/707/707 717/717/717
f 717/717/717 707/707/707 716/716/716
f 707/707/707 708/708/708 716/716/716
f 716/716/716 708/708/708 715/715/715
f 708/708/708 709/709/709 715/715/715
f 715/715/715 709/709/709 714/714/714
f 709/709/709 710/710/710 714/714/714
f 714/714/714 710/710/710 713/713/713
f 710/710/710 711/711/711 713/713/713
f 713/713/713 711/711/711 712/712/712

# face 55
f 721/721/721 722/722/722 724/724/724
f 724/724/724 722/722/722 723/723/723

# face 56
f 725/725/725 726/726/726 729/729/729
f 729/729/729 726/726/726 728/728/728
f 726/726/726 727/727/727 728/728/728

# face 57
f 730/730/730 731/731/731 760/760/760
f 760/760/760 731/731/731 759/759/759
f 731/731/731 732/732/732 759/759/759
f 759/759/759 732/732/732 758/758/758
f 732/732/732 733/733/733 758/758/758
f 758/758/758 733/733/733 757/757/757
f 733/733/733 734/734/734 757/757/757
f 757/757/757 734/734/734 756/756/756
f 734/734/734 735/735/735 756/756/756
f 756/756/756 735/735/735 736/736/736
f 756/756/756 736/736/736 755/755/755
f 755/755/755 736/736/736 737/737/737
f 755/755/755 737/737/737 754/754/754
f 754/754/754 737/737/737 738/738/738
f 754/754/754 738/738/738 753/753/753
f 753/753/753 738/738/738 739/739/739
f 753/753/753 739/739/739 752/752/752
f 752/752/752 739/739/739 740/740/740
f 752/752/752 740/740/740 751/751/751
f 751/751/751 740/740/740 741/741/741
f 751/751/751 741/741/741 742/742/742
f 751/751/751 742/742/742 750/750/750
f 750/750/750 742/742/742 743/743/743
f 750/750/750 743/743/743 749/749/749
f 749/749/749 743/743/743 744/744/744
f 749/749/749 744/744/744 748/748/748
f 748/748/748 744/744/744 745/745/745
f 748/748/748 745/745/745 747/747/747
f 747/747/747 745/745/745 746/746/746

# face 58
f 761/761/761 762/762/762 764/764/764
f 764/764/764 762/762/762 763/763/763

# face 59
f 765/765/765 766/766/766 768/768/768
f 768/768/768 766/766/766 767/767/767

# face 60
f 769/769/769 770/770/770 798/798/798
f 798/798/798 770/770/770 797/797/797
f 770/770/770 771/771/771 797/797/797
f 797/797/797 771/771/771 796/796/796
f 771/771/771 772/772/772 796/796/796
f 796/796/796 772/772/772 773/773/773
f 796/796/796 773/773/773 795/795/795
f 795/795/795 773/773/773 774/774/774
f 795/795/795 774/774/774 794/794/794
f 794/794/794 774/774/774 775/775/775
f 794/794/794 775/775/775 776/776/776
f 794/794/794 776/776/776 793/793/793
f 793/793/793 776/776/776 777/777/777
f 793/793/793 777/777/777 792/792/792
f 792/792/792 777/777/777 778/778/778
f 792/792/792 778/778/778 779/779/779
f 792/792/792 779/779/779 791/791/791
f 791/791/791 779/779/779 780/780/780
f 791/791/791 780/780/780 790/790/790
f 790/790/790 780/780/780 781/781/781
f 790/790/790 781/781/781 782/782/782
f 790/790/790 782/782/782 789/789/789
f 789/789/789 782/782/782 783/783/783
f 789/789/789 783/783/783 788/788/788
f 788/788/788 783/783/783 784/784/784
f 788/788/788 784/784/784 785/785/785
f 786/786/786 787/787/787 785/785/785
f 785/785/785 787/787/787 788/788/788

# face 61
f 799/799/799 800/800/800 802/802/802
f 802/802/802 800/800/800 801/801/801

# face 62
f 803/803/803 804/804/804 806/806/806
f 806/806/806 804/804/804 805/805/805

# face 63
f 807/807/807 808/808/808 810/810/810
f 810/810/810 808/808/808 809/809/809

# face 64
f 811/811/811 812/812/812 830/830/830
f 830/830/830 812/812/812 829/829/829
f 812/812/812 813/813/813 829/829/829
f 829/829/829 813/813/813 828/828/828
f 813/813/813 814/814/814 828/828/828
f 828/828/828 814/814/814 827/827/827
f 814/814/814 815/815/815 827/827/827
f 827/827/827 815/815/815 826/826/826
f 815/815/815 816/816/816 826/826/826
f 826/826/826 816/816/816 825/825/825
f 816/816/816 817/817/817 825/825/825
f 825/825/825 817/817/817 824/824/824
f 817/817/817 818/818/818 824/824/824
f 824/824/824 818/818/818 823/823/823
f 818/818/818 819/819/819 823/823/823
f 823/823/823 819/819/819 822/822/822
f 819/819/819 820/820/820 822/822/822
f 822/822/822 820/820/820 821/821/821

# face 65
f 831/831/831 832/832/832 834/834/834
f 834/834/834 832/832/832 833/833/833

# face 66
f 835/835/835 836/836/836 870/870/870
f 870/870/870 836/836/836 869/869/869
f 836/836/836 837/837/837 869/869/869
f 869/869/869 837/837/837 868/868/868
f 837/837/837 838/838/838 868/868/868
f 868/868/868 838/838/838 867/867/867
f 838/838/838 839/839/839 867/867/867
f 867/867/867 839/839/839 866/866/866
f 839/839/839 840/840/840 866/866/866
f 866/866/866 840/840/840 865/865/865
f 840/840/840 841/841/841 865/865/865
f 865/865/865 841/841/841 864/864/864
f 841/841/841 842/842/842 864/864/864
f 864/864/864 842/842/842 863/863/863
f 842/842/842 843/843/843 863/863/863
f 863/863/863 843/843/843 862/862/862
f 843/843/843 844/844/844 862/862/862
f 862/862/862 844/844/844 861/861/861
f 844/844/844 845/845/845 861/861/861
f 861/861/861 845/845/845 860/860/860
f 845/845/845 846/846/846 860/860/860
f 860/860/860 846/846/846 859/859/859
f 846/846/846 847/847/847 859/859/859
f 859/859/859 847/847/847 858/858/858
f 847/847/847 848/848/848 858/858/858
f 858/858/858 848/848/848 857/857/857
f 848/848/848 849/849/849 857/857/857
f 857/857/857 849/849/849 856/856/856
f 849/849/849 850/850/850 856/856/856
f 856/856/856 850/850/850 855/855/855
f 850/850/850 851/851/851 855/855/855
f 855/855/855 851/851/851 854/854/854
f 851/851/851 852/852/852 854/854/854
f 854/854/854 852/852/852 853/853/853

# face 67
f 871/871/871 872/872/872 874/874/874
f 874/874/874 872/872/872 873/873/873

# face 68
f 875/875/875 876/876/876 904/904/904
f 904/904/904 876/876/876 903/903/903
f 876/876/876 877/877/877 903/903/903
f 903/903/903 877/877/877 902/902/902
f 877/877/877 878/878/878 902/902/902
f 902/902/902 878/878/878 901/901/901
f 878/878/878 879/879/879 901/901/901
f 901/901/901 879/879/879 900/900/900
f 879/879/879 880/880/880 900/900/900
f 900/900/900 880/880/880 899/899/899
f 880/880/880 881/881/881 899/899/899
f 899/899/899 881/881/881 898/898/898
f 881/881/881 882/882/882 898/898/898
f 898/898/898 882/882/882 897/897/897
f 882/882/882 883/883/883 897/897/897
f 897/897/897 883/883/883 896/896/896
f 883/883/883 884/884/884 896/896/896
f 896/896/896 884/884/884 895/895/895
f 884/884/884 885/885/885 895/895/895
f 895/895/895 885/885/885 894/894/894
f 885/885/885 886/886/886 894/894/894
f 894/894/894 886/886/886 893/893/893
f 886/886/886 887/887/887 893/893/893
f 893/893/893 887/887/887 892/892/892
f 887/887/887 888/888/888 892/892/892
f 892/892/892 888/888/888 891/891/891
f 888/888/888 889/889/889 891/891/891
f 891/891/891 889/889/889 890/890/890

# face 69
f 905/905/905 906/906/906 908/908/908
f 908/908/908 906/906/906 907/907/907

# face 70
f 909/909/909 910/910/910 912/912/912
f 912/912/912 910/910/910 911/911/911

# face 71
f 913/913/913 914/914/914 942/942/942
f 942/942/942 914/914/914 941/941/941
f 914/914/914 915/915/915 941/941/941
f 941/941/941 915/915/915 940/940/940
f 915/915/915 916/916/916 940/940/940
f 940/940/940 916/916/916 939/939/939
f 916/916/916 917/917/917 939/939/939
f 939/939/939 917/917/917 938/938/938
f 917/917/917 918/918/918 938/938/938
f 938/938/938 918/918/918 937/937/937
f 918/918/918 919/919/919 937/937/937
f 937/937/937 919/919/919 936/936/936
f 919/919/919 920/920/920 936/936/936
f 936/936/936 920/920/920 935/935/935
f 920/920/920 921/921/921 935/935/935
f 935/935/935 921/921/921 934/934/934
f 921/921/921 922/922/922 934/934/934
f 934/934/934 922/922/922 933/933/933
f 922/922/922 923/923/923 933/933/933
f 933/933/933 923/923/923 932/932/932
f 923/923/923 924/924/924 932/932/932
f 932/932/932 924/924/924 931/931/931
f 924/924/924 925/925/925 931/931/931
f 931/931/931 925/925/925 930/930/930
f 925/925/925 926/926/926 930/930/930
f 930/930/930 926/926/926 929/929/929
f 926/926/926 927/927/927 929/929/929
f 929/929/929 927/927/927 928/928/928

# face 72
f 943/943/943 944/944/944 946/946/946
f 946/946/946 944/944/944 945/945/945

# face 73
f 947/947/947 948/948/948 982/982/982
f 982/982/982 948/948/948 981/981/981
f 948/948/948 949/949/949 981/981/981
f 981/981/981 949/949/949 980/980/980
f 949/949/949 950/950/950 980/980/980
f 980/980/980 950/950/950 979/979/979
f 950/950/950 951/951/951 979/979/979
f 979/979/979 951/951/951 978/978/978
f 951/951/951 952/952/952 978/978/978
f 978/978/978 952/952/952 977/977/977
f 952/952/952 953/953/953 977/977/977
f 977/977/977 953/953/953 976/976/976
f 953/953/953 954/954/954 976/976/976
f 976/976/976 954/954/954 975/975/975
f 954/954/954 955/955/955 975/975/975
f 975/975/975 955/955/955 974/974/974
f 955/955/955 956/956/956 974/974/974
f 974/974/974 956/956/956 973/973/973
f 956/956/956 957/957/957 973/973/973
f 973/973/973 957/957/957 972/972/972
f 957/957/957 958/958/958 972/972/972
f 972/972/972 958/958/958 971/971/971
f 958/958/958 959/959/959 971/971/971
f 971/971/971 959/959/959 970/970/970
f 959/959/959 960/960/960 970/970/970
f 970/970/970 960/960/960 969/969/969
f 960/960/960 961/961/961 969/969/969
f 969/969/969 961/961/961 968/968/968
f 961/961/961 962/962/962 968/968/968
f 968/968/968 962/962/962 967/967/967
f 962/962/962 963/963/963 967/967/967
f 967/967/967 963/963/963 966/966/966
f 963/963/963 964/964/964 966/966/966
f 966/966/966 964/964/964 965/965/965

# face 74
f 983/983/983 984/984/984 986/986/986
f 986/986/986 984/984/984 985/985/985

# face 75
f 987/987/987 988/988/988 1006/1006/1006
f 1006/1006/1006 988/988/988 1005/1005/1005
f 988/988/988 989/989/989 1005/1005/1005
f 1005/1005/1005 989/989/989 1004/1004/1004
f 989/989/989 990/990/990 1004/1004/1004
f 1004/1004/1004 990/990/990 1003/1003/1003
f 990/990/990 991/991/991 1003/1003/1003
f 1003/1003/1003 991/991/991 1002/1002/1002
f 991/991/991 992/992/992 1002/1002/1002
f 1002/1002/1002 992/992/992 1001/1001/1001
f 992/992/992 993/993/993 1001/1001/1001
f 1001/1001/1001 993/993/993 1000/1000/1000
f 993/993/993 994/994/994 1000/1000/1000
f 1000/1000/1000 994/994/994 999/999/999
f 994/994/994 995/995/995 999/999/999
f 999/999/999 995/995/995 998/998/998
f 995/995/995 996/996/996 998/998/998
f 998/998/998 996/996/996 997/997/997

# face 76
f 1007/1007/1007 1008/1008/1008 1010/1010/1010
f 1010/1010/1010 1008/1008/1008 1009/1009/1009

# face 77
f 1011/1011/1011 1012/1012/1012 1014/1014/1014
f 1014/1014/1014 1012/1012/1012 1013/1013/1013

# face 78
f 1015/1015/1015 1016/1016/1016 1018/1018/1018
f 1018/1018/1018 1016/1016/1016 1017/1017/1017

# face 79
f 1028/1028/1028 1151/1151/1151 1027/1027/1027
f 1027/1027/1027 1151/1151/1151 1152/1152/1152
f 1027/1027/1027 1152/1152/1152 1026/1026/1026
f 1026/1026/1026 1152/1152/1152 1153/1153/1153
f 1026/1026/1026 1153/1153/1153 1025/1025/1025
f 1025/1025/1025 1153/1153/1153 1154/1154/1154
f 1025/1025/1025 1154/1154/1154 1024/1024/1024
f 1024/1024/1024 1154/1154/1154 1155/1155/1155
f 1024/1024/1024 1155/1155/1155 1023/1023/1023
f 1023/1023/1023 1155/1155/1155 1156/1156/1156
f 1023/1023/1023 1156/1156/1156 1022/1022/1022
f 1022/1022/1022 1156/1156/1156 1157/1157/1157
f 1022/1022/1022 1157/1157/1157 1021/1021/1021
f 1021/1021/1021 1157/1157/1157 1158/1158/1158
f 1021/1021/1021 1158/1158/1158 1020/1020/1020
f 1020/1020/1020 1158/1158/1158 1159/1159/1159
f 1020/1020/1020 1159/1159/1159 1019/1019/1019
f 1019/1019/1019 1159/1159/1159 1160/1160/1160
f 1019/1019/1019 1160/1160/1160 1161/1161/1161
f 1028/1028/1028 1029/1029/1029 1151/1151/1151
f 1151/1151/1151 1029/1029/1029 1150/1150/1150
f 1029/1029/1029 1030/1030/1030 1150/1150/1150
f 1150/1150/1150 1030/1030/1030 1149/1149/1149
f 1149/1149/1149 1030/1030/1030 1148/1148/1148
f 1148/1148/1148 1030/1030/1030 1031/1031/1031
f 1148/1148/1148 1031/1031/1031 1032/1032/1032
f 1148/1148/1148 1032/1032/1032 1147/1147/1147
f 1147/1147/1147 1032/1032/1032 1033/1033/1033
f 1147/1147/1147 1033/1033/1033 1146/1146/1146
f 1146/1146/1146 1033/1033/1033 1034/1034/1034
f 1146/1146/1146 1034/1034/1034 1145/1145/1145
f 1145/1145/1145 1034/1034/1034 1035/1035/1035
f 1145/1145/1145 1035/1035/1035 1144/1144/1144
f 1144/1144/1144 1035/1035/1035 1036/1036/1036
f 1144/1144/1144 1036/1036/1036 1143/1143/1143
f 1143/1143/1143 1036/1036/1036 1037/1037/1037
f 1143/1143/1143 1037/1037/1037 1142/1142/1142
f 1142/1142/1142 1037/1037/1037 1038/1038/1038
f 1142/1142/1142 1038/1038/1038 1141/1141/1141
f 1141/1141/1141 1038/1038/1038 1039/1039/1039
f 1141/1141/1141 1039/1039/1039 1140/1140/1140
f 1140/1140/1140 1039/1039/1039 1040/1040/1040
f 1140/1140/1140 1040/1040/1040 1139/1139/1139
f 1139/1139/1139 1040/1040/1040 1138/1138/1138
f 1040/1040/1040 1041/1041/1041 1138/1138/1138
f 1138/1138/1138 1041/1041/1041 1042/1042/1042
f 1138/1138/1138 1042/1042/1042 1043/1043/1043
f 1043/1043/1043 1044/1044/1044 1138/1138/1138
f 1138/1138/1138 1044/1044/1044 1045/1045/1045
f 1138/1138/1138 1045/1045/1045 1046/1046/1046
f 1138/1138/1138 1046/1046/1046 1137/1137/1137
f 1137/1137/1137 1046/1046/1046 1047/1047/1047
f 1137/1137/1137 1047/1047/1047 1136/1136/1136
f 1136/1136/1136 1047/1047/1047 1048/1048/1048
f 1136/1136/1136 1048/1048/1048 1135/1135/1135
f 1135/1135/1135 1048/1048/1048 1049/1049/1049
f 1135/1135/1135 1049/1049/1049 1134/1134/1134
f 1134/1134/1134 1049/1049/1049 1050/1050/1050
f 1134/1134/1134 1050/1050/1050 1133/1133/1133
f 1133/1133/1133 1050/1050/1050 1051/1051/1051
f 1133/1133/1133 1051/1051/1051 1132/1132/1132
f 1132/1132/1132 1051/1051/1051 1052/1052/1052
f 1132/1132/1132 1052/1052/1052 1131/1131/1131
f 1131/1131/1131 1052/1052/1052 1053/1053/1053
f 1131/1131/1131 1053/1053/1053 1130/1130/1130
f 1130/1130/1130 1053/1053/1053 1054/1054/1054
f 1130/1130/1130 1054/1054/1054 1129/1129/1129
f 1129/1129/1129 1054/1054/1054 1055/1055/1055
f 1129/1129/1129 1055/1055/1055 1128/1128/1128
f 1128/1128/1128 1055/1055/1055 1056/1056/1056
f 1128/1128/1128 1056/1056/1056 1127/1127/1127
f 1127/1127/1127 1056/1056/1056 1057/1057/1057
f 1127/1127/1127 1057/1057/1057 1126/1126/1126
f 1126/1126/1126 1057/1057/1057 1058/1058/1058
f 1126/1126/1126 1058/1058/1058 1125/1125/1125
f 1125/1125/1125 1058/1058/1058 1124/1124/1124
f 1124/1124/1124 1058/1058/1058 1123/1123/1123
f 1123/1123/1123 1058/1058/1058 1059/1059/1059
f 1123/1123/1123 1059/1059/1059 1060/1060/1060
f 1060/1060/1060 1061/1061/1061 1123/1123/1123
f 1123/1123/1123 1061/1061/1061 1062/1062/1062
f 1123/1123/1123 1062/1062/1062 1063/1063/1063
f 1123/1123/1123 1063/1063/1063 1122/1122/1122
f 1122/1122/1122 1063/1063/1063 1064/1064/1064
f 1122/1122/1122 1064/1064/1064 1121/1121/1121
f 1121/1121/1121 1064/1064/1064 1065/1065/1065
f 1121/1121/1121 1065/1065/1065 1120/1120/1120
f 1120/1120/1120 1065/1065/1065 1066/1066/1066
f 1120/1120/1120 1066/1066/1066 1119/1119/1119
f 1119/1119/1119 1066/1066/1066 1067/1067/1067
f 1119/1119/1119 1067/1067/1067 1118/1118/1118
f 1118/1118/1118 1067/1067/1067 1068/1068/1068
f 1118/1118/1118 1068/1068/1068 1117/1117/1117
f 1117/1117/1117 1068/1068/1068 1069/1069/1069
f 1117/1117/1117 1069/1069/1069 1116/1116/1116
f 1116/1116/1116 1069/1069/1069 1070/1070/1070
f 1116/1116/1116 1070/1070/1070 1115/1115/1115
f 1115/1115/1115 1070/1070/1070 1071/1071/1071
f 1115/1115/1115 1071/1071/1071 1114/1114/1114
f 1114/1114/1114 1071/1071/1071 1072/1072/1072
f 1114/1114/1114 1072/1072/1072 1113/1113/1113
f 1113/1113/1113 1072/1072/1072 1073/1073/1073
f 1113/1113/1113 1073/1073/1073 1112/1112/1112
f 1112/1112/1112 1073/1073/1073 1111/1111/1111
f 1073/1073/1073 1074/1074/1074 1111/1111/1111
f 1111/1111/1111 1074/1074/1074 1110/1110/1110
f 1110/1110/1110 1074/1074/1074 1109/1109/1109
f 1109/1109/1109 1074/1074/1074 1075/1075/1075
f 1109/1109/1109 1075/1075/1075 1108/1108/1108
f 1108/1108/1108 1075/1075/1075 1186/1186/1186
f 1075/1075/1075 1076/1076/1076 1186/1186/1186
f 1186/1186/1186 1076/1076/1076 1185/1185/1185
f 1076/1076/1076 1077/1077/1077 1185/1185/1185
f 1185/1185/1185 1077/1077/1077 1184/1184/1184
f 1077/1077/1077 1078/1078/1078 1184/1184/1184
f 1184/1184/1184 1078/1078/1078 1183/1183/1183
f 1078/1078/1078 1079/1079/1079 1183/1183/1183
f 1183/1183/1183 1079/1079/1079 1182/1182/1182
f 1079/1079/1079 1080/1080/1080 1182/1182/1182
f 1182/1182/1182 1080/1080/1080 1181/1181/1181
f 1080/1080/1080 1081/1081/1081 1181/1181/1181
f 1181/1181/1181 1081/1081/1081 1180/1180/1180
f 1081/1081/1081 1082/1082/1082 1180/1180/1180
f 1180/1180/1180 1082/1082/1082 1179/1179/1179
f 1082/1082/1082 1083/1083/1083 1179/1179/1179
f 1179/1179/1179 1083/1083/1083 1178/1178/1178
f 1083/1083/1083 1084/1084/1084 1178/1178/1178
f 1178/1178/1178 1084/1084/1084 1177/1177/1177
f 1084/1084/1084 1085/1085/1085 1177/1177/1177
f 1177/1177/1177 1085/1085/1085 1176/1176/1176
f 1085/1085/1085 1086/1086/1086 1176/1176/1176
f 1176/1176/1176 1086/1086/1086 1087/1087/1087
f 1176/1176/1176 1087/1087/1087 1088/1088/1088
f 1088/1088/1088 1089/1089/1089 1176/1176/1176
f 1176/1176/1176 1089/1089/1089 1090/1090/1090
f 1176/1176/1176 1090/1090/1090 1175/1175/1175
f 1175/1175/1175 1090/1090/1090 1174/1174/1174
f 1174/1174/1174 1090/1090/1090 1173/1173/1173
f 1173/1173/1173 1090/1090/1090 1091/1091/1091
f 1173/1173/1173 1091/1091/1091 1172/1172/1172
f 1172/1172/1172 1091/1091/1091 1092/1092/1092
f 1172/1172/1172 1092/1092/1092 1171/1171/1171
f 1171/1171/1171 1092/1092/1092 1093/1093/1093
f 1171/1171/1171 1093/1093/1093 1170/1170/1170
f 1170/1170/1170 1093/1093/1093 1094/1094/1094
f 1170/1170/1170 1094/1094/1094 1169/1169/1169
f 1169/1169/1169 1094/1094/1094 1095/1095/1095
f 1169/1169/1169 1095/1095/1095 1168/1168/1168
f 1168/1168/1168 1095/1095/1095 1096/1096/1096
f 1168/1168/1168 1096/1096/1096 1167/1167/1167
f 1167/1167/1167 1096/1096/1096 1097/1097/1097
f 1167/1167/1167 1097/1097/1097 1166/1166/1166
f 1166/1166/1166 1097/1097/1097 1098/1098/1098
f 1166/1166/1166 1098/1098/1098 1165/1165/1165
f 1165/1165/1165 1098/1098/1098 1099/1099/1099
f 1165/1165/1165 1099/1099/1099 1164/1164/1164
f 1164/1164/1164 1099/1099/1099 1100/1100/1100
f 1164/1164/1164 1100/1100/1100 1163/1163/1163
f 1163/1163/1163 1100/1100/1100 1101/1101/1101
f 1163/1163/1163 1101/1101/1101 1162/1162/1162
f 1162/1162/1162 1101/1101/1101 1102/1102/1102
f 1162/1162/1162 1102/1102/1102 1161/1161/1161
f 1161/1161/1161 1102/1102/1102 1103/1103/1103
f 1161/1161/1161 1103/1103/1103 1104/1104/1104
f 1104/1104/1104 1105/1105/1105 1161/1161/1161
f 1161/1161/1161 1105/1105/1105 1106/1106/1106
f 1161/1161/1161 1106/1106/1106 1107/1107/1107
f 1107/1107/1107 1019/1019/1019 1161/1161/1161

# face 80
f 1245/1245/1245 1187/1187/1187 1290/1290/1290
f 1290/1290/1290 1187/1187/1187 1188/1188/1188
f 1290/1290/1290 1188/1188/1188 1289/1289/1289
f 1289/1289/1289 1188/1188/1188 1189/1189/1189
f 1289/1289/1289 1189/1189/1189 1288/1288/1288
f 1288/1288/1288 1189/1189/1189 1190/1190/1190
f 1288/1288/1288 1190/1190/1190 1287/1287/1287
f 1287/1287/1287 1190/1190/1190 1191/1191/1191
f 1287/1287/1287 1191/1191/1191 1286/1286/1286
f 1286/1286/1286 1191/1191/1191 1192/1192/1192
f 1286/1286/1286 1192/1192/1192 1285/1285/1285
f 1285/1285/1285 1192/1192/1192 1193/1193/1193
f 1285/1285/1285 1193/1193/1193 1284/1284/1284
f 1284/1284/1284 1193/1193/1193 1194/1194/1194
f 1284/1284/1284 1194/1194/1194 1283/1283/1283
f 1283/1283/1283 1194/1194/1194 1195/1195/1195
f 1283/1283/1283 1195/1195/1195 1282/1282/1282
f 1282/1282/1282 1195/1195/1195 1281/1281/1281
f 1196/1196/1196 1274/1274/1274 1195/1195/1195
f 1195/1195/1195 1274/1274/1274 1275/1275/1275
f 1195/1195/1195 1275/1275/1275 1276/1276/1276
f 1196/1196/1196 1197/1197/1197 1274/1274/1274
f 1274/1274/1274 1197/1197/1197 1198/1198/1198
f 1274/1274/1274 1198/1198/1198 1273/1273/1273
f 1273/1273/1273 1198/1198/1198 1199/1199/1199
f 1273/1273/1273 1199/1199/1199 1272/1272/1272
f 1272/1272/1272 1199/1199/1199 1200/1200/1200
f 1272/1272/1272 1200/1200/1200 1271/1271/1271
f 1271/1271/1271 1200/1200/1200 1201/1201/1201
f 1271/1271/1271 1201/1201/1201 1270/1270/1270
f 1270/1270/1270 1201/1201/1201 1202/1202/1202
f 1270/1270/1270 1202/1202/1202 1269/1269/1269
f 1269/1269/1269 1202/1202/1202 1203/1203/1203
f 1269/1269/1269 1203/1203/1203 1268/1268/1268
f 1268/1268/1268 1203/1203/1203 1204/1204/1204
f 1268/1268/1268 1204/1204/1204 1267/1267/1267
f 1267/1267/1267 1204/1204/1204 1205/1205/1205
f 1267/1267/1267 1205/1205/1205 1266/1266/1266
f 1266/1266/1266 1205/1205/1205 1265/1265/1265
f 1206/1206/1206 1256/1256/1256 1205/1205/1205
f 1205/1205/1205 1256/1256/1256 1258/1258/1258
f 1205/1205/1205 1258/1258/1258 1259/1259/1259
f 1206/1206/1206 1207/1207/1207 1256/1256/1256
f 1256/1256/1256 1207/1207/1207 1208/1208/1208
f 1256/1256/1256 1208/1208/1208 1255/1255/1255
f 1255/1255/1255 1208/1208/1208 1209/1209/1209
f 1255/1255/1255 1209/1209/1209 1254/1254/1254
f 1254/1254/1254 1209/1209/1209 1210/1210/1210
f 1254/1254/1254 1210/1210/1210 1253/1253/1253
f 1253/1253/1253 1210/1210/1210 1211/1211/1211
f 1253/1253/1253 1211/1211/1211 1252/1252/1252
f 1252/1252/1252 1211/1211/1211 1212/1212/1212
f 1252/1252/1252 1212/1212/1212 1251/1251/1251
f 1251/1251/1251 1212/1212/1212 1213/1213/1213
f 1251/1251/1251 1213/1213/1213 1250/1250/1250
f 1250/1250/1250 1213/1213/1213 1214/1214/1214
f 1250/1250/1250 1214/1214/1214 1249/1249/1249
f 1249/1249/1249 1214/1214/1214 1215/1215/1215
f 1249/1249/1249 1215/1215/1215 1248/1248/1248
f 1248/1248/1248 1215/1215/1215 1247/1247/1247
f 1247/1247/1247 1215/1215/1215 1246/1246/1246
f 1246/1246/1246 1215/1215/1215 1216/1216/1216
f 1246/1246/1246 1216/1216/1216 1217/1217/1217
f 1246/1246/1246 1217/1217/1217 1334/1334/1334
f 1334/1334/1334 1217/1217/1217 1218/1218/1218
f 1334/1334/1334 1218/1218/1218 1333/1333/1333
f 1333/1333/1333 1218/1218/1218 1332/1332/1332
f 1332/1332/1332 1218/1218/1218 1331/1331/1331
f 1331/1331/1331 1218/1218/1218 1219/1219/1219
f 1331/1331/1331 1219/1219/1219 1330/1330/1330
f 1330/1330/1330 1219/1219/1219 1220/1220/1220
f 1330/1330/1330 1220/1220/1220 1329/1329/1329
f 1329/1329/1329 1220/1220/1220 1221/1221/1221
f 1329/1329/1329 1221/1221/1221 1328/1328/1328
f 1328/1328/1328 1221/1221/1221 1222/1222/1222
f 1328/1328/1328 1222/1222/1222 1327/1327/1327
f 1327/1327/1327 1222/1222/1222 1223/1223/1223
f 1327/1327/1327 1223/1223/1223 1326/1326/1326
f 1326/1326/1326 1223/1223/1223 1224/1224/1224
f 1326/1326/1326 1224/1224/1224 1325/1325/1325
f 1325/1325/1325 1224/1224/1224 1225/1225/1225
f 1325/1325/1325 1225/1225/1225 1324/1324/1324
f 1324/1324/1324 1225/1225/1225 1226/1226/1226
f 1324/1324/1324 1226/1226/1226 1227/1227/1227
f 1227/1227/1227 1228/1228/1228 1324/1324/1324
f 1324/1324/1324 1228/1228/1228 1322/1322/1322
f 1324/1324/1324 1322/1322/1322 1323/1323/1323
f 1236/1236/1236 1306/1306/1306 1235/1235/1235
f 1235/1235/1235 1306/1306/1306 1307/1307/1307
f 1235/1235/1235 1307/1307/1307 1234/1234/1234
f 1234/1234/1234 1307/1307/1307 1308/1308/1308
f 1234/1234/1234 1308/1308/1308 1233/1233/1233
f 1233/1233/1233 1308/1308/1308 1309/1309/1309
f 1233/1233/1233 1309/1309/1309 1232/1232/1232
f 1232/1232/1232 1309/1309/1309 1310/1310/1310
f 1232/1232/1232 1310/1310/1310 1231/1231/1231
f 1231/1231/1231 1310/1310/1310 1311/1311/1311
f 1231/1231/1231 1311/1311/1311 1230/1230/1230
f 1230/1230/1230 1311/1311/1311 1312/1312/1312
f 1230/1230/1230 1312/1312/1312 1229/1229/1229
f 1229/1229/1229 1312/1312/1312 1313/1313/1313
f 1229/1229/1229 1313/1313/1313 1228/1228/1228
f 1228/1228/1228 1313/1313/1313 1314/1314/1314
f 1228/1228/1228 1314/1314/1314 1315/1315/1315
f 1236/1236/1236 1237/1237/1237 1306/1306/1306
f 1306/1306/1306 1237/1237/1237 1238/1238/1238
f 1306/1306/1306 1238/1238/1238 1305/1305/1305
f 1305/1305/1305 1238/1238/1238 1304/1304/1304
f 1245/1245/1245 1291/1291/1291 1244/1244/1244
f 1244/1244/1244 1291/1291/1291 1292/1292/1292
f 1244/1244/1244 1292/1292/1292 1243/1243/1243
f 1243/1243/1243 1292/1292/1292 1293/1293/1293
f 1243/1243/1243 1293/1293/1293 1242/1242/1242
f 1242/1242/1242 1293/1293/1293 1294/1294/1294
f 1242/1242/1242 1294/1294/1294 1241/1241/1241
f 1241/1241/1241 1294/1294/1294 1295/1295/1295
f 1241/1241/1241 1295/1295/1295 1240/1240/1240
f 1240/1240/1240 1295/1295/1295 1296/1296/1296
f 1240/1240/1240 1296/1296/1296 1239/1239/1239
f 1239/1239/1239 1296/1296/1296 1297/1297/1297
f 1239/1239/1239 1297/1297/1297 1238/1238/1238
f 1238/1238/1238 1297/1297/1297 1298/1298/1298
f 1238/1238/1238 1298/1298/1298 1299/1299/1299
f 1256/1256/1256 1257/1257/1257 1258/1258/1258
f 1259/1259/1259 1260/1260/1260 1205/1205/1205
f 1205/1205/1205 1260/1260/1260 1261/1261/1261
f 1205/1205/1205 1261/1261/1261 1262/1262/1262
f 1262/1262/1262 1263/1263/1263 1205/1205/1205
f 1205/1205/1205 1263/1263/1263 1264/1264/1264
f 1205/1205/1205 1264/1264/1264 1265/1265/1265
f 1276/1276/1276 1277/1277/1277 1195/1195/1195
f 1195/1195/1195 1277/1277/1277 1278/1278/1278
f 1195/1195/1195 1278/1278/1278 1279/1279/1279
f 1279/1279/1279 1280/1280/1280 1195/1195/1195
f 1195/1195/1195 1280/1280/1280 1281/1281/1281
f 1290/1290/1290 1291/1291/1291 1245/1245/1245
f 1299/1299/1299 1300/1300/1300 1238/1238/1238
f 1238/1238/1238 1300/1300/1300 1301/1301/1301
f 1238/1238/1238 1301/1301/1301 1302/1302/1302
f 1302/1302/1302 1303/1303/1303 1238/1238/1238
f 1238/1238/1238 1303/1303/1303 1304/1304/1304
f 1315/1315/1315 1316/1316/1316 1228/1228/1228
f 1228/1228/1228 1316/1316/1316 1317/1317/1317
f 1228/1228/1228 1317/1317/1317 1318/1318/1318
f 1318/1318/1318 1319/1319/1319 1228/1228/1228
f 1228/1228/1228 1319/1319/1319 1320/1320/1320
f 1228/1228/1228 1320/1320/1320 1321/1321/1321
f 1321/1321/1321 1322/1322/1322 1228/1228/1228
