#
# Object file
# Created by SpaceClaim
#

mtllib Vánoční vykrajovátka - sněhulák.mtl

# Vánoční vykrajovátka\Těleso
v 448.331862688065 -9.11692436784506 14.996999874711
v 446.621865034103 -7.40692485123873 13.2870003581047
v 446.621865034103 -17.6788493990898 13.2870003581047
v 448.331862688065 -18.4280853718519 14.996999874711
v 444.240808486938 -25.6092343479395 13.756999745965
v 445.006221532822 -26.2776166200638 14.382597990334
v 445.773243904114 -27.013748884201 14.996999874711
v 445.525795221329 -25.7254671305418 14.996999874711
v 445.413142442703 -25.1122713088989 14.996999874711
v 445.34957408905 -24.6006585657597 14.996999874711
v 445.354074239731 -23.5839076340199 14.996999874711
v 445.528358221054 -22.5633028894663 14.996999874711
v 445.865422487259 -21.5809810906649 14.996999874711
v 446.356683969498 -20.6438284367323 14.996999874711
v 446.985572576523 -19.7714250534773 14.996999874711
v 447.749882936478 -18.9679749310017 14.996999874711
v 448.331862688065 -18.4280853718519 14.996999874711
v 446.621865034103 -17.6788493990898 13.2870003581047
v 445.742100477219 -18.5932032763958 13.2870003581047
v 445.670127868652 -18.6788141727448 13.2870003581047
v 444.987386465073 -19.6093693375587 13.2870003581047
v 444.902956485748 -19.7430066764355 13.2870003581047
v 444.379091262817 -20.7158848643303 13.2870003581047
v 444.295883178711 -20.9021903574467 13.2870003581047
v 443.937838077545 -21.8972023576498 13.2870003581047
v 443.871855735779 -22.1391655504704 13.2870003581047
v 443.682163953781 -23.1375526636839 13.2870003581047
v 443.650513887405 -23.4349779784679 13.2870003581047
v 443.625837564468 -24.4080163538456 13.2870003581047
v 443.646043539047 -24.752477183938 13.2870003581047
v 443.763434886932 -25.615593418479 13.2870003581047
v 441.820412874222 -43.0565178394318 14.996999874711
v 440.692454576492 -42.6373891532421 14.996999874711
v 439.637273550034 -42.0589819550514 14.996999874711
v 438.677221536636 -41.333544999361 14.996999874711
v 437.832623720169 -40.4764413833618 14.996999874711
v 437.121391296387 -39.5058244466782 14.996999874711
v 436.558544635773 -38.4422540664673 14.996999874711
v 436.156064271927 -37.3082533478737 14.996999874711
v 435.92244386673 -36.1278429627419 14.996999874711
v 435.862600803375 -34.9260196089745 14.996999874711
v 435.977846384048 -33.7282419204712 14.996999874711
v 436.265736818314 -32.559871673584 14.996999874711
v 436.720132827759 -31.4456634223461 14.996999874711
v 437.331467866898 -30.4092094302177 14.996999874711
v 438.086748123169 -29.4724628329277 14.996999874711
v 438.969999551773 -28.6552626639605 14.996999874711
v 439.962536096573 -27.974920347333 14.996999874711
v 441.04328751564 -27.4458397179842 14.996999874711
v 442.189395427704 -27.0792320370674 14.996999874711
v 443.376570940018 -26.8828589469194 14.996999874711
v 444.579690694809 -26.8608797341585 14.996999874711
v 445.773243904114 -27.013748884201 14.996999874711
v 445.006221532822 -26.2776166200638 14.382597990334
v 444.240808486938 -25.6092343479395 13.756999745965
v 442.944407463074 -25.6826225668192 13.756999745965
v 441.670119762421 -25.9319487959146 13.756999745965
v 440.441638231277 -26.3525638729334 13.756999745965
v 439.281970262527 -26.936624199152 13.756999745965
v 438.212633132935 -27.6732370257378 13.756999745965
v 437.253654003143 -28.5486672073603 13.756999745965
v 436.422914266586 -29.5465886592865 13.756999745965
v 435.73585152626 -30.6483898311853 13.756999745965
v 435.205310583115 -31.8335220217705 13.756999745965
v 434.841156005859 -33.0798886716366 13.756999745965
v 434.650242328644 -34.3642421066761 13.756999745965
v 434.636056423187 -35.6626324355602 13.756999745965
v 434.798926115036 -36.9508489966393 13.756999745965
v 435.135781764984 -38.2048599421978 13.756999745965
v 435.640335083008 -39.401289075613 13.756999745965
v 436.303198337555 -40.5178181827068 13.756999745965
v 437.112003564835 -41.5336228907108 13.756999745965
v 438.051670789719 -42.4297675490379 13.756999745965
v 439.104646444321 -43.1895367801189 13.756999745965
v 440.25132060051 -43.7987595796585 13.756999745965
v 441.820412874222 -43.3338135480881 14.7303771227598
v 443.763434886932 -25.615593418479 13.2870003581047
v 443.646043539047 -24.752477183938 13.2870003581047
v 443.625837564468 -24.4080163538456 13.2870003581047
v 443.650513887405 -23.4349779784679 13.2870003581047
v 443.682163953781 -23.1375526636839 13.2870003581047
v 443.871855735779 -22.1391655504704 13.2870003581047
v 443.937838077545 -21.8972023576498 13.2870003581047
v 444.295883178711 -20.9021903574467 13.2870003581047
v 444.379091262817 -20.7158848643303 13.2870003581047
v 444.902956485748 -19.7430066764355 13.2870003581047
v 444.987386465073 -19.6093693375587 13.2870003581047
v 445.670127868652 -18.6788141727448 13.2870003581047
v 445.742100477219 -18.5932032763958 13.2870003581047
v 446.621865034103 -17.6788493990898 13.2870003581047
v 446.621865034103 -17.6788475364447 9.99699998646975
v 445.742130279541 -18.593167886138 9.99699998646975
v 444.987386465073 -19.6093376725912 9.99699998646975
v 444.379091262817 -20.7158606499434 9.99699998646975
v 444.136291742325 -21.2980750948191 9.99699998646975
v 443.9377784729 -21.8969620764256 9.99699998646975
v 443.785846233368 -22.5111600011587 9.99699998646975
v 443.682163953781 -23.1375452131033 9.99699998646975
v 443.628311157227 -23.7714406102896 9.99699998646975
v 443.625897169113 -24.4081597775221 9.99699998646975
v 443.671703338623 -25.0154677778482 9.99699998646975
v 443.763434886932 -25.6155952811241 9.99699998646975
v 446.621865034103 -17.6788493990898 13.2870003581047
v 446.621865034103 -7.40692485123873 13.2870003581047
v 446.621865034103 -7.1169245056808 12.9969995468855
v 446.621865034103 -7.1169245056808 9.99699998646975
v 446.621865034103 -17.6788475364447 9.99699998646975
v 446.621865034103 -7.40692485123873 13.2870003581047
v 448.331862688065 -9.11692436784506 14.996999874711
v 464.61895108223 -9.11692436784506 14.996999874711
v 466.618925333023 -7.1169245056808 12.9969995468855
v 446.621865034103 -7.1169245056808 12.9969995468855
v 447.620391845703 -27.1681547164917 9.99699998646975
v 447.620391845703 -27.1681547164917 24.9969996511936
v 447.620391845703 -29.6244751662016 24.9969996511936
v 447.620391845703 -29.6244751662016 9.99699998646975
v 446.621865034103 -7.1169245056808 12.9969995468855
v 466.618925333023 -7.1169245056808 12.9969995468855
v 466.618925333023 -7.1169245056808 9.99699998646975
v 446.621865034103 -7.1169245056808 9.99699998646975
v 466.618925333023 -7.1169245056808 12.9969995468855
v 464.61895108223 -9.11692436784506 14.996999874711
v 464.61895108223 -18.5551475733519 14.996999874711
v 465.618759393692 -18.1170776486397 13.9971803873777
v 466.118842363358 -17.8979616612196 13.4970899671316
v 466.36888384819 -17.7884045988321 13.2470447570086
v 466.493904590607 -17.7336260676384 13.122022151947
v 466.556429862976 -17.706235870719 13.0595108494163
v 466.587692499161 -17.6925417035818 13.0282556638122
v 466.603308916092 -17.6856946200132 13.0126280710101
v 466.611117124557 -17.682271078229 13.0048142746091
v 466.61502122879 -17.6805593073368 13.0009073764086
v 466.616988182068 -17.6797024905682 12.998953461647
v 466.617792844772 -17.6793467253447 12.9981394857168
v 466.618925333023 -17.6788475364447 12.9969995468855
v 466.618925333023 -7.1169245056808 12.9969995468855
v 466.618925333023 -17.6788475364447 12.9969995468855
v 466.618925333023 -17.6788475364447 9.99699998646975
v 466.618925333023 -7.1169245056808 9.99699998646975
v 471.420407295227 -42.2616302967072 14.996999874711
v 471.420407295227 -42.548768222332 14.7232711315155
v 471.420407295227 -42.847353965044 14.4376354292035
v 471.535325050354 -42.8847223520279 14.3683394417167
v 472.591072320938 -43.1930273771286 13.7127256020904
v 473.682075738907 -43.4550121426582 12.9969995468855
v 474.777489900589 -42.7531115710735 12.9969995468855
v 475.766867399216 -41.9082455337048 12.9969995468855
v 476.631641387939 -40.9362278878689 12.9969995468855
v 477.355659008026 -39.8552641272545 12.9969995468855
v 477.925300598145 -38.6855825781822 12.9969995468855
v 478.329956531525 -37.4490916728973 12.9969995468855
v 478.562027215958 -36.1689366400242 12.9969995468855
v 478.617161512375 -34.8690859973431 12.9969995468855
v 478.494346141815 -33.5738770663738 12.9969995468855
v 478.195875883102 -32.3075540363789 12.9969995468855
v 477.727353572845 -31.093830242753 12.9969995468855
v 477.097511291504 -29.9554280936718 12.9969995468855
v 476.318180561066 -28.9136599749327 12.9969995468855
v 475.403904914856 -27.9880315065384 12.9969995468855
v 474.37185049057 -27.1958708763123 12.9969995468855
v 473.241329193115 -26.5520103275776 12.9969995468855
v 472.033500671387 -26.0685048997402 12.9969995468855
v 470.770955085754 -25.7544070482254 12.9969995468855
v 469.477355480194 -25.6155952811241 12.9969995468855
v 468.26183795929 -26.6497880220413 13.9956325292587
v 467.621326446533 -27.2610876709223 14.5093249157071
v 466.999739408493 -27.9118213802576 14.996999874711
v 468.142718076706 -27.6714097708464 14.996999874711
v 469.309121370316 -27.6111625134945 14.996999874711
v 470.470786094666 -27.7325361967087 14.996999874711
v 471.599549055099 -28.0325971543789 14.996999874711
v 472.66811132431 -28.5040829330683 14.996999874711
v 473.650634288788 -29.1355829685926 14.996999874711
v 474.523335695267 -29.911819845438 14.996999874711
v 475.265115499496 -30.8140069246292 14.996999874711
v 475.857973098755 -31.8203158676624 14.996999874711
v 476.287633180618 -32.9063944518566 14.996999874711
v 476.543635129929 -34.0459644794464 14.996999874711
v 476.619809865952 -35.2114476263523 14.996999874711
v 476.514309644699 -36.374643445015 14.996999874711
v 476.229697465897 -37.5074073672295 14.996999874711
v 475.772857666016 -38.5823249816895 14.996999874711
v 475.154846906662 -39.5733863115311 14.996999874711
v 474.390596151352 -40.4566153883934 14.996999874711
v 473.498612642288 -41.2106327712536 14.996999874711
v 472.500503063202 -41.8171994388103 14.996999874711
v 471.773326396942 -44.2452542483807 14.996999874711
v 471.420407295227 -43.776873499155 14.996999874711
v 471.420407295227 -44.1400110721588 14.996999874711
v 472.193568944931 -45.1451763510704 14.996999874711
v 472.890883684158 -46.1992062628269 14.996999874711
v 473.509103059769 -47.2969189286232 14.996999874711
v 474.04482960701 -48.4331622719765 14.996999874711
v 474.494904279709 -49.6026836335659 14.996999874711
v 474.857658147812 -50.7994964718819 14.996999874711
v 475.131720304489 -52.0174615085125 14.996999874711
v 475.315541028976 -53.2505139708519 14.996999874711
v 475.407272577286 -54.4930472970009 14.996999874711
v 475.40694475174 -55.7388812303543 14.996999874711
v 475.314974784851 -56.9816827774048 14.996999874711
v 475.131839513779 -58.2151152193546 14.996999874711
v 474.857926368713 -59.4328679144382 14.996999874711
v 474.49466586113 -60.6292746961117 14.996999874711
v 474.044382572174 -61.7987252771854 14.996999874711
v 473.509281873703 -62.935471534729 14.996999874711
v 472.89165854454 -64.0337467193604 14.996999874711
v 472.194015979767 -65.0879368185997 14.996999874711
v 471.420377492905 -66.0930648446083 14.996999874711
v 470.57518362999 -67.0443400740623 14.996999874711
v 469.662934541702 -67.9369568824768 14.996999874711
v 468.687981367111 -68.7661990523338 14.996999874711
v 467.654049396515 -69.5287957787514 14.996999874711
v 466.566324234009 -70.2216401696205 14.996999874711
v 465.430408716202 -70.8413496613503 14.996999874711
v 464.251965284348 -71.3845491409302 14.996999874711
v 463.036686182022 -71.8480199575424 14.996999874711
v 461.790561676025 -72.229839861393 14.996999874711
v 460.519731044769 -72.5286975502968 14.996999874711
v 459.23039317131 -72.7432817220688 14.996999874711
v 457.928627729416 -72.8722959756851 14.996999874711
v 456.62048459053 -72.9149580001831 14.996999874711
v 455.312192440033 -72.8716254234314 14.996999874711
v 454.01006937027 -72.7427676320076 14.996999874711
v 452.720463275909 -72.5288763642311 14.996999874711
v 451.449662446976 -72.2304284572601 14.996999874711
v 450.203955173492 -71.8480348587036 14.996999874711
v 448.989242315292 -71.3837966322899 14.996999874711
v 447.811186313629 -70.8405673503876 14.996999874711
v 446.675449609756 -70.2211931347847 14.996999874711
v 445.587694644928 -69.5285350084305 14.996999874711
v 444.553583860397 -68.7654614448547 14.996999874711
v 443.578332662582 -67.9352357983589 14.996999874711
v 442.665994167328 -67.0423582196236 14.996999874711
v 441.820859909058 -66.0914033651352 14.996999874711
v 441.047191619873 -65.0869607925415 14.996999874711
v 440.349251031876 -64.0335902571678 14.996999874711
v 439.731180667877 -62.935933470726 14.996999874711
v 439.195930957794 -61.7993548512459 14.996999874711
v 438.745498657227 -60.6297366321087 14.996999874711
v 438.381999731064 -59.4329461455345 14.996999874711
v 438.107520341873 -58.2148544490337 14.996999874711
v 437.924146652222 -56.9813288748264 14.996999874711
v 437.833070755005 -55.7385012507439 14.996999874711
v 437.833815813065 -54.4926933944225 14.996999874711
v 437.925904989243 -53.2500669360161 14.996999874711
v 438.108831644058 -52.0167835056782 14.996999874711
v 438.382089138031 -50.7990047335625 14.996999874711
v 438.745141029358 -49.6028736233711 14.996999874711
v 439.196139574051 -48.4340786933899 14.996999874711
v 439.732134342194 -47.2980029881001 14.996999874711
v 440.350145101547 -46.2000370025635 14.996999874711
v 441.047221422195 -45.1455749571323 14.996999874711
v 441.820412874222 -44.1400110721588 14.996999874711
v 441.820412874222 -43.776873499155 14.996999874711
v 440.820455551147 -45.1191104948521 14.996999874711
v 439.872294664383 -46.6176867485046 14.996999874711
v 439.079612493515 -48.1999553740025 14.996999874711
v 438.448131084442 -49.8615093529224 14.996999874711
v 438.196927309036 -50.7175996899605 14.996999874711
v 437.990814447403 -51.5860915184021 14.996999874711
v 437.830090522766 -52.4634085595608 14.996999874711
v 437.714964151382 -53.3459819853306 14.996999874711
v 437.62218952179 -55.1156289875507 14.996999874711
v 437.644630670547 -56.0044199228287 14.996999874711
v 437.713533639908 -56.8932630121708 14.996999874711
v 437.829554080963 -57.7784702181816 14.996999874711
v 437.992066144943 -58.6563013494015 14.996999874711
v 438.450634479523 -60.3764392435551 14.996999874711
v 439.079403877258 -62.0331428945065 14.996999874711
v 439.87700343132 -63.6257976293564 14.996999874711
v 440.834492444992 -65.1322975754738 14.996999874711
v 441.93297624588 -66.5327608585358 14.996999874711
v 443.156182765961 -67.8148716688156 14.996999874711
v 444.503128528595 -68.980373442173 14.996999874711
v 445.95867395401 -70.0142532587051 14.996999874711
v 447.500944137573 -70.906400680542 14.996999874711
v 449.10940527916 -71.650043129921 14.996999874711
v 450.784951448441 -72.2470730543137 14.996999874711
v 452.513724565506 -72.6904422044754 14.996999874711
v 454.274147748947 -72.9769393801689 14.996999874711
v 456.044375896454 -73.1064900755882 14.996999874711
v 457.818925380707 -73.0795413255692 14.996999874711
v 459.592521190643 -72.8938728570938 14.996999874711
v 461.343735456467 -72.5504383444786 14.996999874711
v 463.051915168762 -72.0540583133698 14.996999874711
v 464.7017121315 -71.4076459407806 14.996999874711
v 466.293662786484 -70.608451962471 14.996999874711
v 467.808693647385 -69.6646198630333 14.996999874711
v 469.225406646729 -68.5858353972435 14.996999874711
v 470.526069402695 -67.3825666308403 14.996999874711
v 471.710443496704 -66.0537108778954 14.996999874711
v 472.762554883957 -64.6114870905876 14.996999874711
v 473.662614822388 -63.0740150809288 14.996999874711
v 474.399119615555 -61.4622607827187 14.996999874711
v 474.971055984497 -59.7770102322102 14.996999874711
v 475.191831588745 -58.9119866490364 14.996999874711
v 475.366830825806 -58.0365173518658 14.996999874711
v 475.4958152771 -57.154219597578 14.996999874711
v 475.578844547272 -56.2686547636986 14.996999874711
v 475.60715675354 -54.4969402253628 14.996999874711
v 475.552201271057 -53.6090135574341 14.996999874711
v 475.450366735458 -52.7231283485889 14.996999874711
v 475.301831960678 -51.8429353833199 14.996999874711
v 475.108027458191 -50.9719476103783 14.996999874711
v 474.589884281158 -49.2709316313267 14.996999874711
v 473.903059959412 -47.6383157074451 14.996999874711
v 473.052054643631 -46.0796467959881 14.996999874711
v 472.052574157715 -44.6158908307552 14.996999874711
v 469.477355480194 -25.6155952811241 12.9969995468855
v 469.570696353912 -25.0000227242708 12.9969995468855
v 469.615906476974 -24.3799388408661 12.9969995468855
v 469.611495733261 -23.7575117498636 12.9969995468855
v 469.557344913483 -23.1324378401041 12.9969995468855
v 469.454795122147 -22.5122198462486 12.9969995468855
v 469.305157661438 -21.9043642282486 12.9969995468855
v 469.096153974533 -21.2758220732212 12.9969995468855
v 469.056516885757 -21.1728028953075 12.9969995468855
v 468.734920024872 -20.4524528235197 12.9969995468855
v 468.354046344757 -19.769387319684 12.9969995468855
v 467.921048402786 -19.1269125789404 12.9969995468855
v 467.443078756332 -18.5283329337835 12.9969995468855
v 467.402160167694 -18.4813663363457 12.9969995468855
v 466.716021299362 -17.7697483450174 12.9969995468855
v 466.66094660759 -17.7180822938681 12.9969995468855
v 466.618925333023 -17.6788475364447 12.9969995468855
v 466.617792844772 -17.6793467253447 12.9981394857168
v 466.616988182068 -17.6797024905682 12.998953461647
v 466.61502122879 -17.6805593073368 13.0009073764086
v 466.611117124557 -17.682271078229 13.0048142746091
v 466.603308916092 -17.6856946200132 13.0126280710101
v 466.587692499161 -17.6925417035818 13.0282556638122
v 466.556429862976 -17.706235870719 13.0595108494163
v 466.493904590607 -17.7336260676384 13.122022151947
v 466.36888384819 -17.7884045988321 13.2470447570086
v 466.118842363358 -17.8979616612196 13.4970899671316
v 465.618759393692 -18.1170776486397 13.9971803873777
v 464.61895108223 -18.5551475733519 14.996999874711
v 465.261876583099 -19.1480033099651 14.996999874711
v 465.296179056168 -19.1800575703382 14.996999874711
v 465.341180562973 -19.222266972065 14.996999874711
v 465.896934270859 -19.7982862591743 14.996999874711
v 465.929746627808 -19.8359694331884 14.996999874711
v 466.618925333023 -20.7662340253592 14.996999874711
v 466.93342924118 -21.322226151824 14.996999874711
v 467.194408178329 -21.9025686383247 14.996999874711
v 467.224687337875 -21.981205791235 14.996999874711
v 467.383235692978 -22.4576946347952 14.996999874711
v 467.57298707962 -23.3774557709694 14.996999874711
v 467.617034912109 -24.3121683597565 14.996999874711
v 467.513263225555 -25.238336995244 14.996999874711
v 467.412739992142 -25.7616546005011 14.996999874711
v 467.28128194809 -26.4461375772953 14.996999874711
v 466.999739408493 -27.9118213802576 14.996999874711
v 467.621326446533 -27.2610876709223 14.5093249157071
v 468.26183795929 -26.6497880220413 13.9956325292587
v 441.820412874222 -43.776873499155 14.996999874711
v 441.820412874222 -43.6509624123573 14.921230264008
v 441.820412874222 -43.3338135480881 14.7303771227598
v 441.528350114822 -43.4300228953362 14.5550351589918
v 440.25132060051 -43.7987595796585 13.756999745965
v 439.558744430542 -43.4550121426582 12.9969995468855
v 439.185529947281 -43.9671277999878 12.9969995468855
v 438.793659210205 -44.5445701479912 12.9969995468855
v 438.131064176559 -45.6336997449398 12.9969995468855
v 438.092589378357 -45.7020737230778 12.9969995468855
v 437.462389469147 -46.9259321689606 12.9969995468855
v 437.248766422272 -47.3949462175369 12.9969995468855
v 436.90899014473 -48.2183136045933 12.9969995468855
v 436.544597148895 -49.2478981614113 12.9969995468855
v 436.439871788025 -49.5833940804005 12.9969995468855
v 436.070948839188 -51.0007701814175 12.9969995468855
v 436.033606529236 -51.1746145784855 12.9969995468855
v 435.815811157227 -52.4099990725517 12.9969995468855
v 435.725688934326 -53.1389489769936 12.9969995468855
v 435.668498277664 -53.7961013615131 12.9969995468855
v 435.622215270996 -55.114172399044 12.9969995468855
v 435.622215270996 -55.1542416214943 12.9969995468855
v 435.670793056488 -56.4903318881989 12.9969995468855
v 435.724288225174 -57.1002438664436 12.9969995468855
v 435.810297727585 -57.7991791069508 12.9969995468855
v 436.035484075546 -59.0706206858158 12.9969995468855
v 436.043083667755 -59.1062605381012 12.9969995468855
v 436.372637748718 -60.4186654090881 12.9969995468855
v 436.547160148621 -60.9902739524841 12.9969995468855
v 436.801105737686 -61.7270320653915 12.9969995468855
v 437.247902154922 -62.8366470336914 12.9969995468855
v 437.334328889847 -63.0308091640472 12.9969995468855
v 437.980443239212 -64.330019056797 12.9969995468855
v 438.136667013168 -64.6113082766533 12.9969995468855
v 438.732266426086 -65.593995153904 12.9969995468855
v 439.202070236206 -66.2877783179283 12.9969995468855
v 439.557164907455 -66.7736306786537 12.9969995468855
v 440.421402454376 -67.8424015641212 12.9969995468855
v 440.441429615021 -67.8655058145523 12.9969995468855
v 441.37516617775 -68.8699409365654 12.9969995468855
v 441.776692867279 -69.2630037665367 12.9969995468855
v 442.358434200287 -69.7962939739227 12.9969995468855
v 443.268179893494 -70.5535709857941 12.9969995468855
v 443.392038345337 -70.6499814987183 12.9969995468855
v 444.500118494034 -71.4488849043846 12.9969995468855
v 444.877743721008 -71.6969817876816 12.9969995468855
v 445.681393146515 -72.1879601478577 12.9969995468855
v 446.580171585083 -72.6818293333054 12.9969995468855
v 446.931779384613 -72.8601664304733 12.9969995468855
v 448.248594999313 -73.4585374593735 12.9969995468855
v 448.353290557861 -73.5016092658043 12.9969995468855
v 449.639648199081 -73.9798247814178 12.9969995468855
v 450.20005106926 -74.1596296429634 12.9969995468855
v 451.056391000748 -74.4021981954575 12.9969995468855
v 452.104508876801 -74.6481716632843 12.9969995468855
v 452.471166849136 -74.7214779257774 12.9969995468855
v 453.874856233597 -74.9431699514389 12.9969995468855
v 454.040765762329 -74.963316321373 12.9969995468855
v 455.986529588699 -75.1056596636772 12.9969995468855
v 456.620931625366 -75.1149207353592 12.9969995468855
v 457.937717437744 -75.0760138034821 12.9969995468855
v 457.986742258072 -75.0730410218239 12.9969995468855
v 459.376245737076 -74.9426558613777 12.9969995468855
v 459.889441728592 -74.871763586998 12.9969995468855
v 460.780322551727 -74.7192203998566 12.9969995468855
v 461.81583404541 -74.4940489530563 12.9969995468855
v 462.191462516785 -74.3993371725082 12.9969995468855
v 463.601738214493 -73.9793553948402 12.9969995468855
v 463.696211576462 -73.9474669098854 12.9969995468855
v 464.986979961395 -73.4616741538048 12.9969995468855
v 465.515643358231 -73.2345506548882 12.9969995468855
v 466.308385133743 -72.8615745902061 12.9969995468855
v 467.271953821182 -72.3530203104019 12.9969995468855
v 467.561483383179 -72.1876993775368 12.9969995468855
v 468.742847442627 -71.4482516050339 12.9969995468855
v 468.944549560547 -71.310892701149 12.9969995468855
v 469.849616289139 -70.6504881381989 12.9969995468855
v 470.511823892593 -70.1172351837158 12.9969995468855
v 470.881313085556 -69.7992891073227 12.9969995468855
v 471.862316131592 -68.8757225871086 12.9969995468855
v 471.952855587006 -68.7841102480888 12.9969995468855
v 472.80016541481 -67.8668096661568 12.9969995468855
v 473.266243934631 -67.3105269670486 12.9969995468855
v 473.686754703522 -66.7716860771179 12.9969995468855
v 474.435240030289 -65.7079145312309 12.9969995468855
v 474.510908126831 -65.5916035175323 12.9969995468855
v 475.259244441986 -64.3310844898224 12.9969995468855
v 475.43740272522 -63.9959722757339 12.9969995468855
v 475.902140140533 -63.038595020771 12.9969995468855
v 476.257801055908 -62.2007548809052 12.9969995468855
v 476.435363292694 -61.7366507649422 12.9969995468855
v 476.866394281387 -60.4233331978321 12.9969995468855
v 476.895451545715 -60.3217892348766 12.9969995468855
v 477.196663618088 -59.1075755655766 12.9969995468855
v 477.337419986725 -58.3780482411385 12.9969995468855
v 477.42822766304 -57.8003451228142 12.9969995468855
v 477.567821741104 -56.49533867836 12.9969995468855
v 477.574229240417 -56.4038120210171 12.9969995468855
v 477.618038654327 -55.1648326218128 12.9969995468855
v 477.605909109116 -54.4254891574383 12.9969995468855
v 477.573394775391 -53.8021735846996 12.9969995468855
v 477.430492639542 -52.4419993162155 12.9969995468855
v 477.425783872604 -52.4090491235256 12.9969995468855
v 477.1688580513 -50.9984530508518 12.9969995468855
v 477.048337459564 -50.4861548542976 12.9969995468855
v 476.800918579102 -49.5876595377922 12.9969995468855
v 476.470649242401 -48.5906079411507 12.9969995468855
v 476.336061954498 -48.2297874987125 12.9969995468855
v 475.783437490463 -46.9351336359978 12.9969995468855
v 475.704401731491 -46.7692650854588 12.9969995468855
v 475.150227546692 -45.7048304378986 12.9969995468855
v 474.757164716721 -45.0341738760471 12.9969995468855
v 474.44686293602 -44.5439554750919 12.9969995468855
v 473.682075738907 -43.4550121426582 12.9969995468855
v 473.601520061493 -43.4385016560555 13.051456771791
v 472.493439912796 -43.1669652462006 13.7748206034303
v 471.420407295227 -42.847353965044 14.4376354292035
v 471.420407295227 -43.776873499155 14.996999874711
v 471.773326396942 -44.2452542483807 14.996999874711
v 472.052574157715 -44.6158908307552 14.996999874711
v 473.052054643631 -46.0796467959881 14.996999874711
v 473.903059959412 -47.6383157074451 14.996999874711
v 474.589884281158 -49.2709316313267 14.996999874711
v 475.108027458191 -50.9719476103783 14.996999874711
v 475.301831960678 -51.8429353833199 14.996999874711
v 475.450366735458 -52.7231283485889 14.996999874711
v 475.552201271057 -53.6090135574341 14.996999874711
v 475.60715675354 -54.4969402253628 14.996999874711
v 475.578844547272 -56.2686547636986 14.996999874711
v 475.4958152771 -57.154219597578 14.996999874711
v 475.366830825806 -58.0365173518658 14.996999874711
v 475.191831588745 -58.9119866490364 14.996999874711
v 474.971055984497 -59.7770102322102 14.996999874711
v 474.399119615555 -61.4622607827187 14.996999874711
v 473.662614822388 -63.0740150809288 14.996999874711
v 472.762554883957 -64.6114870905876 14.996999874711
v 471.710443496704 -66.0537108778954 14.996999874711
v 470.526069402695 -67.3825666308403 14.996999874711
v 469.225406646729 -68.5858353972435 14.996999874711
v 467.808693647385 -69.6646198630333 14.996999874711
v 466.293662786484 -70.608451962471 14.996999874711
v 464.7017121315 -71.4076459407806 14.996999874711
v 463.051915168762 -72.0540583133698 14.996999874711
v 461.343735456467 -72.5504383444786 14.996999874711
v 459.592521190643 -72.8938728570938 14.996999874711
v 457.818925380707 -73.0795413255692 14.996999874711
v 456.044375896454 -73.1064900755882 14.996999874711
v 454.274147748947 -72.9769393801689 14.996999874711
v 452.513724565506 -72.6904422044754 14.996999874711
v 450.784951448441 -72.2470730543137 14.996999874711
v 449.10940527916 -71.650043129921 14.996999874711
v 447.500944137573 -70.906400680542 14.996999874711
v 445.95867395401 -70.0142532587051 14.996999874711
v 444.503128528595 -68.980373442173 14.996999874711
v 443.156182765961 -67.8148716688156 14.996999874711
v 441.93297624588 -66.5327608585358 14.996999874711
v 440.834492444992 -65.1322975754738 14.996999874711
v 439.87700343132 -63.6257976293564 14.996999874711
v 439.079403877258 -62.0331428945065 14.996999874711
v 438.450634479523 -60.3764392435551 14.996999874711
v 437.992066144943 -58.6563013494015 14.996999874711
v 437.829554080963 -57.7784702181816 14.996999874711
v 437.713533639908 -56.8932630121708 14.996999874711
v 437.644630670547 -56.0044199228287 14.996999874711
v 437.62218952179 -55.1156289875507 14.996999874711
v 437.714964151382 -53.3459819853306 14.996999874711
v 437.830090522766 -52.4634085595608 14.996999874711
v 437.990814447403 -51.5860915184021 14.996999874711
v 438.196927309036 -50.7175996899605 14.996999874711
v 438.448131084442 -49.8615093529224 14.996999874711
v 439.079612493515 -48.1999553740025 14.996999874711
v 439.872294664383 -46.6176867485046 14.996999874711
v 440.820455551147 -45.1191104948521 14.996999874711
v 473.682075738907 -43.4550121426582 12.9969995468855
v 474.44686293602 -44.5439554750919 12.9969995468855
v 474.757164716721 -45.0341738760471 12.9969995468855
v 475.150227546692 -45.7048304378986 12.9969995468855
v 475.704401731491 -46.7692650854588 12.9969995468855
v 475.783437490463 -46.9351336359978 12.9969995468855
v 476.336061954498 -48.2297874987125 12.9969995468855
v 476.470649242401 -48.5906079411507 12.9969995468855
v 476.800918579102 -49.5876595377922 12.9969995468855
v 477.048337459564 -50.4861548542976 12.9969995468855
v 477.1688580513 -50.9984530508518 12.9969995468855
v 477.425783872604 -52.4090491235256 12.9969995468855
v 477.430492639542 -52.4419993162155 12.9969995468855
v 477.573394775391 -53.8021735846996 12.9969995468855
v 477.605909109116 -54.4254891574383 12.9969995468855
v 477.618038654327 -55.1648326218128 12.9969995468855
v 477.574229240417 -56.4038120210171 12.9969995468855
v 477.567821741104 -56.49533867836 12.9969995468855
v 477.42822766304 -57.8003451228142 12.9969995468855
v 477.337419986725 -58.3780482411385 12.9969995468855
v 477.196663618088 -59.1075755655766 12.9969995468855
v 476.895451545715 -60.3217892348766 12.9969995468855
v 476.866394281387 -60.4233331978321 12.9969995468855
v 476.435363292694 -61.7366507649422 12.9969995468855
v 476.257801055908 -62.2007548809052 12.9969995468855
v 475.902140140533 -63.038595020771 12.9969995468855
v 475.43740272522 -63.9959722757339 12.9969995468855
v 475.259244441986 -64.3310844898224 12.9969995468855
v 474.510908126831 -65.5916035175323 12.9969995468855
v 474.435240030289 -65.7079145312309 12.9969995468855
v 473.686754703522 -66.7716860771179 12.9969995468855
v 473.266243934631 -67.3105269670486 12.9969995468855
v 472.80016541481 -67.8668096661568 12.9969995468855
v 471.952855587006 -68.7841102480888 12.9969995468855
v 471.862316131592 -68.8757225871086 12.9969995468855
v 470.881313085556 -69.7992891073227 12.9969995468855
v 470.511823892593 -70.1172351837158 12.9969995468855
v 469.849616289139 -70.6504881381989 12.9969995468855
v 468.944549560547 -71.310892701149 12.9969995468855
v 468.742847442627 -71.4482516050339 12.9969995468855
v 467.561483383179 -72.1876993775368 12.9969995468855
v 467.271953821182 -72.3530203104019 12.9969995468855
v 466.308385133743 -72.8615745902061 12.9969995468855
v 465.515643358231 -73.2345506548882 12.9969995468855
v 464.986979961395 -73.4616741538048 12.9969995468855
v 463.696211576462 -73.9474669098854 12.9969995468855
v 463.601738214493 -73.9793553948402 12.9969995468855
v 462.191462516785 -74.3993371725082 12.9969995468855
v 461.81583404541 -74.4940489530563 12.9969995468855
v 460.780322551727 -74.7192203998566 12.9969995468855
v 459.889441728592 -74.871763586998 12.9969995468855
v 459.376245737076 -74.9426558613777 12.9969995468855
v 457.986742258072 -75.0730410218239 12.9969995468855
v 457.937717437744 -75.0760138034821 12.9969995468855
v 456.620931625366 -75.1149207353592 12.9969995468855
v 455.986529588699 -75.1056596636772 12.9969995468855
v 454.040765762329 -74.963316321373 12.9969995468855
v 453.874856233597 -74.9431699514389 12.9969995468855
v 452.471166849136 -74.7214779257774 12.9969995468855
v 452.104508876801 -74.6481716632843 12.9969995468855
v 451.056391000748 -74.4021981954575 12.9969995468855
v 450.20005106926 -74.1596296429634 12.9969995468855
v 449.639648199081 -73.9798247814178 12.9969995468855
v 448.353290557861 -73.5016092658043 12.9969995468855
v 448.248594999313 -73.4585374593735 12.9969995468855
v 446.931779384613 -72.8601664304733 12.9969995468855
v 446.580171585083 -72.6818293333054 12.9969995468855
v 445.681393146515 -72.1879601478577 12.9969995468855
v 444.877743721008 -71.6969817876816 12.9969995468855
v 444.500118494034 -71.4488849043846 12.9969995468855
v 443.392038345337 -70.6499814987183 12.9969995468855
v 443.268179893494 -70.5535709857941 12.9969995468855
v 442.358434200287 -69.7962939739227 12.9969995468855
v 441.776692867279 -69.2630037665367 12.9969995468855
v 441.37516617775 -68.8699409365654 12.9969995468855
v 440.441429615021 -67.8655058145523 12.9969995468855
v 440.421402454376 -67.8424015641212 12.9969995468855
v 439.557164907455 -66.7736306786537 12.9969995468855
v 439.202070236206 -66.2877783179283 12.9969995468855
v 438.732266426086 -65.593995153904 12.9969995468855
v 438.136667013168 -64.6113082766533 12.9969995468855
v 437.980443239212 -64.330019056797 12.9969995468855
v 437.334328889847 -63.0308091640472 12.9969995468855
v 437.247902154922 -62.8366470336914 12.9969995468855
v 436.801105737686 -61.7270320653915 12.9969995468855
v 436.547160148621 -60.9902739524841 12.9969995468855
v 436.372637748718 -60.4186654090881 12.9969995468855
v 436.043083667755 -59.1062605381012 12.9969995468855
v 436.035484075546 -59.0706206858158 12.9969995468855
v 435.810297727585 -57.7991791069508 12.9969995468855
v 435.724288225174 -57.1002438664436 12.9969995468855
v 435.670793056488 -56.4903318881989 12.9969995468855
v 435.622215270996 -55.1542416214943 12.9969995468855
v 435.622215270996 -55.114172399044 12.9969995468855
v 435.668498277664 -53.7961013615131 12.9969995468855
v 435.725688934326 -53.1389489769936 12.9969995468855
v 435.815811157227 -52.4099990725517 12.9969995468855
v 436.033606529236 -51.1746145784855 12.9969995468855
v 436.070948839188 -51.0007701814175 12.9969995468855
v 436.439871788025 -49.5833940804005 12.9969995468855
v 436.544597148895 -49.2478981614113 12.9969995468855
v 436.90899014473 -48.2183136045933 12.9969995468855
v 437.248766422272 -47.3949462175369 12.9969995468855
v 437.462389469147 -46.9259321689606 12.9969995468855
v 438.092589378357 -45.7020737230778 12.9969995468855
v 438.131064176559 -45.6336997449398 12.9969995468855
v 438.793659210205 -44.5445701479912 12.9969995468855
v 439.185529947281 -43.9671277999878 12.9969995468855
v 439.558744430542 -43.4550121426582 12.9969995468855
v 439.558744430542 -43.4550121426582 9.99699998646975
v 438.758939504623 -44.5978753268719 9.99699998646975
v 438.043057918549 -45.7910895347595 9.99699998646975
v 437.414258718491 -47.0288097858429 9.99699998646975
v 436.875700950623 -48.3051910996437 9.99699998646975
v 436.430543661118 -49.6143996715546 9.99699998646975
v 436.081677675247 -50.950899720192 9.99699998646975
v 435.830235481262 -52.3083321750164 9.99699998646975
v 435.676872730255 -53.6799505352974 9.99699998646975
v 435.622304677963 -55.0590008497238 9.99699998646975
v 435.667127370834 -56.4387403428555 9.99699998646975
v 435.81211566925 -57.8123144805431 9.99699998646975
v 436.056971549988 -59.172261506319 9.99699998646975
v 436.399579048157 -60.5120360851288 9.99699998646975
v 436.837494373322 -61.825305223465 9.99699998646975
v 437.368333339691 -63.1057396531105 9.99699998646975
v 437.989681959152 -64.3469989299774 9.99699998646975
v 438.699066638947 -65.5428394675255 9.99699998646975
v 439.492553472519 -66.6879713535309 9.99699998646975
v 440.36540389061 -67.7776336669922 9.99699998646975
v 441.312909126282 -68.8070580363274 9.99699998646975
v 442.330330610275 -69.771483540535 9.99699998646975
v 443.412959575653 -70.6661641597748 9.99699998646975
v 444.556623697281 -71.4871063828468 9.99699998646975
v 445.75572013855 -72.2313523292542 9.99699998646975
v 447.004318237305 -72.8960335254669 9.99699998646975
v 448.296397924423 -73.4782889485359 9.99699998646975
v 449.62602853775 -73.9752501249313 9.99699998646975
v 450.987190008163 -74.3840634822845 9.99699998646975
v 452.373743057251 -74.7029036283493 9.99699998646975
v 453.779250383377 -74.931263923645 9.99699998646975
v 455.197185277939 -75.0687420368195 9.99699998646975
v 456.621110439301 -75.1149281859398 9.99699998646975
v 458.044499158859 -75.0694051384926 9.99699998646975
v 459.461241960526 -74.9318301677704 9.99699998646975
v 460.866063833237 -74.7027918696404 9.99699998646975
v 462.252497673035 -74.3835344910622 9.99699998646975
v 463.613986968994 -73.9753171801567 9.99699998646975
v 464.94397521019 -73.4793990850449 9.99699998646975
v 466.236144304276 -72.8975534439087 9.99699998646975
v 467.484623193741 -72.2328349947929 9.99699998646975
v 468.683689832687 -71.4884400367737 9.99699998646975
v 469.827592372894 -70.667564868927 9.99699998646975
v 470.91069817543 -69.7733387351036 9.99699998646975
v 471.928387880325 -68.8090994954109 9.99699998646975
v 472.875982522964 -67.7794739603996 9.99699998646975
v 473.748773336411 -66.6892826557159 9.99699998646975
v 474.541991949081 -65.5433088541031 9.99699998646975
v 475.25092959404 -64.3464326858521 9.99699998646975
v 475.872159004211 -63.1045699119568 9.99699998646975
v 476.402968168259 -61.8241839110851 9.99699998646975
v 476.840645074844 -60.5117231607437 9.99699998646975
v 477.182507514954 -59.1734796762466 9.99699998646975
v 477.426469326019 -57.8141771256924 9.99699998646975
v 477.571815252304 -56.440643966198 9.99699998646975
v 477.61806845665 -55.0603717565536 9.99699998646975
v 477.564692497253 -53.6808520555496 9.99699998646975
v 477.411210536957 -52.3095689713955 9.99699998646975
v 477.158635854721 -50.9522706270218 9.99699998646975
v 476.809114217758 -49.6147759258747 9.99699998646975
v 476.364403963089 -48.3039990067482 9.99699998646975
v 475.826323032379 -47.0268502831459 9.99699998646975
v 475.197434425354 -45.7893833518028 9.99699998646975
v 474.481493234634 -44.5969216525555 9.99699998646975
v 473.682075738907 -43.4550121426582 9.99699998646975
v 440.25132060051 -43.7987595796585 13.756999745965
v 439.104646444321 -43.1895367801189 13.756999745965
v 438.051670789719 -42.4297675490379 13.756999745965
v 437.112003564835 -41.5336228907108 13.756999745965
v 436.303198337555 -40.5178181827068 13.756999745965
v 435.640335083008 -39.401289075613 13.756999745965
v 435.135781764984 -38.2048599421978 13.756999745965
v 434.798926115036 -36.9508489966393 13.756999745965
v 434.636056423187 -35.6626324355602 13.756999745965
v 434.650242328644 -34.3642421066761 13.756999745965
v 434.841156005859 -33.0798886716366 13.756999745965
v 435.205310583115 -31.8335220217705 13.756999745965
v 435.73585152626 -30.6483898311853 13.756999745965
v 436.422914266586 -29.5465886592865 13.756999745965
v 437.253654003143 -28.5486672073603 13.756999745965
v 438.212633132935 -27.6732370257378 13.756999745965
v 439.281970262527 -26.936624199152 13.756999745965
v 440.441638231277 -26.3525638729334 13.756999745965
v 441.670119762421 -25.9319487959146 13.756999745965
v 442.944407463074 -25.6826225668192 13.756999745965
v 444.240808486938 -25.6092343479395 13.756999745965
v 443.763434886932 -25.615593418479 13.2870003581047
v 443.763434886932 -25.6155952811241 9.99699998646975
v 442.469835281372 -25.7544070482254 9.99699998646975
v 441.207319498062 -26.0685048997402 9.99699998646975
v 439.999461174011 -26.5520103275776 9.99699998646975
v 438.868939876556 -27.1958708763123 9.99699998646975
v 437.836885452271 -27.9880315065384 9.99699998646975
v 436.922609806061 -28.9136599749327 9.99699998646975
v 436.143279075623 -29.9554280936718 9.99699998646975
v 435.513436794281 -31.093830242753 9.99699998646975
v 435.044914484024 -32.3075540363789 9.99699998646975
v 434.746444225311 -33.5738770663738 9.99699998646975
v 434.623628854752 -34.8690859973431 9.99699998646975
v 434.620410203934 -35.1169258356094 9.99699998646975
v 434.678763151169 -36.1689366400242 9.99699998646975
v 434.910833835602 -37.4490916728973 9.99699998646975
v 435.315489768982 -38.6855825781822 9.99699998646975
v 435.885161161423 -39.8552641272545 9.99699998646975
v 436.609148979187 -40.9362278878689 9.99699998646975
v 437.473922967911 -41.9082455337048 9.99699998646975
v 438.463300466537 -42.7531115710735 9.99699998646975
v 439.558744430542 -43.4550121426582 9.99699998646975
v 439.558744430542 -43.4550121426582 12.9969995468855
v 434.636056423187 -35.6626324355602 13.756999745965
v 434.620410203934 -35.1169258356094 9.99699998646975
v 469.477355480194 -25.6155952811241 12.9969995468855
v 470.770955085754 -25.7544070482254 12.9969995468855
v 472.033500671387 -26.0685048997402 12.9969995468855
v 473.241329193115 -26.5520103275776 12.9969995468855
v 474.37185049057 -27.1958708763123 12.9969995468855
v 475.403904914856 -27.9880315065384 12.9969995468855
v 476.318180561066 -28.9136599749327 12.9969995468855
v 477.097511291504 -29.9554280936718 12.9969995468855
v 477.727353572845 -31.093830242753 12.9969995468855
v 478.195875883102 -32.3075540363789 12.9969995468855
v 478.494346141815 -33.5738770663738 12.9969995468855
v 478.617161512375 -34.8690859973431 12.9969995468855
v 478.562027215958 -36.1689366400242 12.9969995468855
v 478.329956531525 -37.4490916728973 12.9969995468855
v 477.925300598145 -38.6855825781822 12.9969995468855
v 477.355659008026 -39.8552641272545 12.9969995468855
v 476.631641387939 -40.9362278878689 12.9969995468855
v 475.766867399216 -41.9082455337048 12.9969995468855
v 474.777489900589 -42.7531115710735 12.9969995468855
v 473.682075738907 -43.4550121426582 12.9969995468855
v 473.682075738907 -43.4550121426582 9.99699998646975
v 474.777489900589 -42.7531115710735 9.99699998646975
v 475.766867399216 -41.9082455337048 9.99699998646975
v 476.631641387939 -40.9362278878689 9.99699998646975
v 477.355659008026 -39.8552641272545 9.99699998646975
v 477.925300598145 -38.6855825781822 9.99699998646975
v 478.329956531525 -37.4490916728973 9.99699998646975
v 478.562027215958 -36.1689366400242 9.99699998646975
v 478.617161512375 -34.8690859973431 9.99699998646975
v 478.494346141815 -33.5738770663738 9.99699998646975
v 478.195875883102 -32.3075540363789 9.99699998646975
v 477.727353572845 -31.093830242753 9.99699998646975
v 477.097511291504 -29.9554280936718 9.99699998646975
v 476.318180561066 -28.9136599749327 9.99699998646975
v 475.403904914856 -27.9880315065384 9.99699998646975
v 474.37185049057 -27.1958708763123 9.99699998646975
v 473.241329193115 -26.5520103275776 9.99699998646975
v 472.033500671387 -26.0685048997402 9.99699998646975
v 470.770955085754 -25.7544070482254 9.99699998646975
v 469.477355480194 -25.6155952811241 9.99699998646975
v 478.562027215958 -36.1689366400242 12.9969995468855
v 478.562027215958 -36.1689366400242 9.99699998646975
v 445.773243904114 -27.013748884201 14.996999874711
v 444.579690694809 -26.8608797341585 14.996999874711
v 443.376570940018 -26.8828589469194 14.996999874711
v 442.189395427704 -27.0792320370674 14.996999874711
v 441.04328751564 -27.4458397179842 14.996999874711
v 439.962536096573 -27.974920347333 14.996999874711
v 438.969999551773 -28.6552626639605 14.996999874711
v 438.086748123169 -29.4724628329277 14.996999874711
v 437.331467866898 -30.4092094302177 14.996999874711
v 436.720132827759 -31.4456634223461 14.996999874711
v 436.265736818314 -32.559871673584 14.996999874711
v 435.977846384048 -33.7282419204712 14.996999874711
v 435.862600803375 -34.9260196089745 14.996999874711
v 435.92244386673 -36.1278429627419 14.996999874711
v 436.156064271927 -37.3082533478737 14.996999874711
v 436.558544635773 -38.4422540664673 14.996999874711
v 437.121391296387 -39.5058244466782 14.996999874711
v 437.832623720169 -40.4764413833618 14.996999874711
v 438.677221536636 -41.333544999361 14.996999874711
v 439.637273550034 -42.0589819550514 14.996999874711
v 440.692454576492 -42.6373891532421 14.996999874711
v 441.820412874222 -43.0565178394318 14.996999874711
v 441.820412874222 -42.0511513948441 14.996999874711
v 440.795391798019 -41.6208207607269 14.996999874711
v 439.847499132156 -41.0400070250034 14.996999874711
v 438.99866938591 -40.3221473097801 14.996999874711
v 438.268542289734 -39.4838489592075 14.996999874711
v 437.674015760422 -38.5445095598698 14.996999874711
v 437.228828668594 -37.525862455368 14.996999874711
v 436.943292617798 -36.451481282711 14.996999874711
v 436.82399392128 -35.3462174534798 14.996999874711
v 436.873733997345 -34.2356525361538 14.996999874711
v 437.091320753098 -33.1454761326313 14.996999874711
v 437.471747398376 -32.1009121835232 14.996999874711
v 438.006192445755 -31.1261359602213 14.996999874711
v 438.682317733765 -30.2436966449022 14.996999874711
v 439.484447240829 -29.4740125536919 14.996999874711
v 440.394043922424 -28.8348905742168 14.996999874711
v 441.390037536621 -28.3411238342524 14.996999874711
v 442.449420690536 -28.0041322112083 14.996999874711
v 443.547636270523 -27.8317146003246 14.996999874711
v 444.659322500229 -27.8278589248657 14.996999874711
v 445.758700370789 -27.9926564544439 14.996999874711
v 446.82040810585 -28.3222943544388 14.996999874711
v 446.82040810585 -27.4098571389914 14.996999874711
v 446.732848882675 -27.2693652659655 14.996999874711
v 446.255773305893 -26.3181086629629 14.996999874711
v 445.949643850327 -25.3217928111553 14.996999874711
v 445.863485336304 -24.812076240778 14.996999874711
v 445.82337141037 -24.2978222668171 14.996999874711
v 445.830464363098 -23.7821470946074 14.996999874711
v 445.884376764297 -23.2685729861259 14.996999874711
v 445.984184741974 -22.7601639926434 14.996999874711
v 446.128845214844 -22.2598668187857 14.996999874711
v 446.547955274582 -21.2914478033781 14.996999874711
v 447.129875421524 -20.3789640218019 14.996999874711
v 447.861850261688 -19.5378176867962 14.996999874711
v 448.322743177414 -19.1092733293772 14.996999874711
v 448.821842670441 -18.7066961079836 14.996999874711
v 448.821842670441 -9.31692495942116 14.996999874711
v 464.418947696686 -9.31692495942116 14.996999874711
v 464.418947696686 -18.7066961079836 14.996999874711
v 464.942574501038 -19.1305801272392 14.996999874711
v 465.423852205276 -19.5830706506968 14.996999874711
v 465.860098600388 -20.0626403093338 14.996999874711
v 466.247886419296 -20.567812025547 14.996999874711
v 466.584444046021 -21.0958663374186 14.996999874711
v 466.867387294769 -21.6437391936779 14.996999874711
v 467.094361782074 -22.208359092474 14.996999874711
v 467.262983322144 -22.7867383509874 14.996999874711
v 467.37152338028 -23.3757365494967 14.996999874711
v 467.418432235718 -23.9707883447409 14.996999874711
v 467.402279376984 -24.5670136064291 14.996999874711
v 467.323750257492 -25.1589771360159 14.996999874711
v 467.184573411942 -25.7426872849464 14.996999874711
v 466.986477375031 -26.3145267963409 14.996999874711
v 466.731190681458 -26.8713608384132 14.996999874711
v 466.420412063599 -27.4098571389914 14.996999874711
v 466.420412063599 -28.3222943544388 14.996999874711
v 467.482089996338 -27.9926564544439 14.996999874711
v 468.581467866898 -27.8278589248657 14.996999874711
v 469.693154096603 -27.8317146003246 14.996999874711
v 470.79136967659 -28.0041322112083 14.996999874711
v 471.850752830505 -28.3411238342524 14.996999874711
v 472.846746444702 -28.8348905742168 14.996999874711
v 473.756343126297 -29.4740125536919 14.996999874711
v 474.558472633362 -30.2436966449022 14.996999874711
v 475.234597921371 -31.1261359602213 14.996999874711
v 475.76904296875 -32.1009121835232 14.996999874711
v 476.149469614029 -33.1454761326313 14.996999874711
v 476.367056369781 -34.2356525361538 14.996999874711
v 476.416796445847 -35.3462174534798 14.996999874711
v 476.297527551651 -36.451481282711 14.996999874711
v 476.011961698532 -37.525862455368 14.996999874711
v 475.566774606705 -38.5445095598698 14.996999874711
v 474.972248077393 -39.4838489592075 14.996999874711
v 474.242120981216 -40.3221473097801 14.996999874711
v 473.39329123497 -41.0400070250034 14.996999874711
v 472.445398569107 -41.6208207607269 14.996999874711
v 471.420407295227 -42.0511513948441 14.996999874711
v 471.420407295227 -42.2616302967072 14.996999874711
v 472.500503063202 -41.8171994388103 14.996999874711
v 473.498612642288 -41.2106327712536 14.996999874711
v 474.390596151352 -40.4566153883934 14.996999874711
v 475.154846906662 -39.5733863115311 14.996999874711
v 475.772857666016 -38.5823249816895 14.996999874711
v 476.229697465897 -37.5074073672295 14.996999874711
v 476.514309644699 -36.374643445015 14.996999874711
v 476.619809865952 -35.2114476263523 14.996999874711
v 476.543635129929 -34.0459644794464 14.996999874711
v 476.287633180618 -32.9063944518566 14.996999874711
v 475.857973098755 -31.8203158676624 14.996999874711
v 475.265115499496 -30.8140069246292 14.996999874711
v 474.523335695267 -29.911819845438 14.996999874711
v 473.650634288788 -29.1355829685926 14.996999874711
v 472.66811132431 -28.5040829330683 14.996999874711
v 471.599549055099 -28.0325971543789 14.996999874711
v 470.470786094666 -27.7325361967087 14.996999874711
v 469.309121370316 -27.6111625134945 14.996999874711
v 468.142718076706 -27.6714097708464 14.996999874711
v 466.999739408493 -27.9118213802576 14.996999874711
v 467.412739992142 -25.7616546005011 14.996999874711
v 467.533826828003 -25.1253694295883 14.996999874711
v 467.60892868042 -24.4815889745951 14.996999874711
v 467.613130807877 -23.8326005637646 14.996999874711
v 467.545181512833 -23.1833551079035 14.996999874711
v 467.407613992691 -22.5446727126837 14.996999874711
v 467.204093933105 -21.9274368137121 14.996999874711
v 466.939479112625 -21.3341936469078 14.996999874711
v 466.618925333023 -20.7662340253592 14.996999874711
v 466.187864542007 -20.1506149023771 14.996999874711
v 465.701401233673 -19.5830129086971 14.996999874711
v 464.61895108223 -18.5551475733519 14.996999874711
v 464.61895108223 -9.11692436784506 14.996999874711
v 448.331862688065 -9.11692436784506 14.996999874711
v 448.331862688065 -18.4280853718519 14.996999874711
v 447.749882936478 -18.9679749310017 14.996999874711
v 446.985572576523 -19.7714250534773 14.996999874711
v 446.356683969498 -20.6438284367323 14.996999874711
v 445.865422487259 -21.5809810906649 14.996999874711
v 445.528358221054 -22.5633028894663 14.996999874711
v 445.354074239731 -23.5839076340199 14.996999874711
v 445.34957408905 -24.6006585657597 14.996999874711
v 445.413142442703 -25.1122713088989 14.996999874711
v 445.525795221329 -25.7254671305418 14.996999874711
v 466.618925333023 -17.6788475364447 12.9969995468855
v 466.66094660759 -17.7180822938681 12.9969995468855
v 466.716021299362 -17.7697483450174 12.9969995468855
v 467.402160167694 -18.4813663363457 12.9969995468855
v 467.443078756332 -18.5283329337835 12.9969995468855
v 467.921048402786 -19.1269125789404 12.9969995468855
v 468.354046344757 -19.769387319684 12.9969995468855
v 468.734920024872 -20.4524528235197 12.9969995468855
v 469.056516885757 -21.1728028953075 12.9969995468855
v 469.096153974533 -21.2758220732212 12.9969995468855
v 469.305157661438 -21.9043642282486 12.9969995468855
v 469.454795122147 -22.5122198462486 12.9969995468855
v 469.557344913483 -23.1324378401041 12.9969995468855
v 469.611495733261 -23.7575117498636 12.9969995468855
v 469.615906476974 -24.3799388408661 12.9969995468855
v 469.570696353912 -25.0000227242708 12.9969995468855
v 469.477355480194 -25.6155952811241 12.9969995468855
v 469.477355480194 -25.6155952811241 9.99699998646975
v 469.570696353912 -25.0013768672943 9.99699998646975
v 469.615906476974 -24.3796203285456 9.99699998646975
v 469.611585140228 -23.7517468631268 9.99699998646975
v 469.557285308838 -23.1267679482698 9.99699998646975
v 469.454526901245 -22.5091706961393 9.99699998646975
v 469.304889440536 -21.9034384936094 9.99699998646975
v 468.982040882111 -20.989378914237 9.99699998646975
v 468.557715415955 -20.1171636581421 9.99699998646975
v 468.041211366653 -19.2939564585686 9.99699998646975
v 467.441827058792 -18.526915460825 9.99699998646975
v 466.659426689148 -17.7166424691677 9.99699998646975
v 466.618925333023 -17.6788475364447 9.99699998646975
v 447.620391845703 -27.1681547164917 24.9969996511936
v 447.620391845703 -27.1681547164917 9.99699998646975
v 447.308421134949 -26.6685336828232 9.99699998646975
v 447.052955627441 -26.1534303426743 9.99699998646975
v 446.855545043945 -25.6259702146053 9.99699998646975
v 446.717351675034 -25.0893551856279 9.99699998646975
v 446.639269590378 -24.5468392968178 9.99699998646975
v 446.621745824814 -24.0017138421535 9.99699998646975
v 446.664899587631 -23.4572887420654 9.99699998646975
v 446.768432855606 -22.916866466403 9.99699998646975
v 446.931779384613 -22.3837234079838 9.99699998646975
v 447.153896093369 -21.8610987067223 9.99699998646975
v 447.433441877365 -21.3521607220173 9.99699998646975
v 447.768747806549 -20.8599977195263 9.99699998646975
v 448.157727718353 -20.3875973820686 9.99699998646975
v 448.598086833954 -19.9378244578838 9.99699998646975
v 449.087113142014 -19.5134077221155 9.99699998646975
v 449.621856212616 -19.1169250756502 9.99699998646975
v 449.621856212616 -19.1169250756502 24.9969996511936
v 449.087113142014 -19.5134077221155 24.9969996511936
v 448.598086833954 -19.9378244578838 24.9969996511936
v 448.157727718353 -20.3875973820686 24.9969996511936
v 447.768747806549 -20.8599977195263 24.9969996511936
v 447.433441877365 -21.3521607220173 24.9969996511936
v 447.153896093369 -21.8610987067223 24.9969996511936
v 446.931779384613 -22.3837234079838 24.9969996511936
v 446.768432855606 -22.916866466403 24.9969996511936
v 446.664899587631 -23.4572887420654 24.9969996511936
v 446.621745824814 -24.0017138421535 24.9969996511936
v 446.639269590378 -24.5468392968178 24.9969996511936
v 446.717351675034 -25.0893551856279 24.9969996511936
v 446.855545043945 -25.6259702146053 24.9969996511936
v 447.052955627441 -26.1534303426743 24.9969996511936
v 447.308421134949 -26.6685336828232 24.9969996511936
v 446.621745824814 -24.0017138421535 9.99699998646975
v 446.621745824814 -24.0017138421535 24.9969996511936
v 464.418947696686 -18.7066961079836 14.996999874711
v 464.418947696686 -9.31692495942116 14.996999874711
v 464.418947696686 -9.31692495942116 24.9969996511936
v 464.418947696686 -18.7066961079836 24.9969996511936
v 464.418947696686 -9.31692495942116 14.996999874711
v 448.821842670441 -9.31692495942116 14.996999874711
v 448.821842670441 -9.31692495942116 24.9969996511936
v 464.418947696686 -9.31692495942116 24.9969996511936
v 448.821842670441 -9.31692495942116 14.996999874711
v 448.821842670441 -18.7066961079836 14.996999874711
v 448.821842670441 -18.7066961079836 24.9969996511936
v 448.821842670441 -9.31692495942116 24.9969996511936
v 448.821842670441 -18.7066961079836 14.996999874711
v 447.861850261688 -19.5378176867962 14.996999874711
v 447.81693816185 -19.5830706506968 14.996999874711
v 447.380691766739 -20.0626403093338 14.996999874711
v 446.99290394783 -20.567812025547 14.996999874711
v 446.656346321106 -21.0958663374186 14.996999874711
v 446.373403072357 -21.6437391936779 14.996999874711
v 446.146458387375 -22.208359092474 14.996999874711
v 445.977807044983 -22.7867383509874 14.996999874711
v 445.869266986847 -23.3757365494967 14.996999874711
v 445.822387933731 -23.9707883447409 14.996999874711
v 445.838510990143 -24.5670136064291 14.996999874711
v 445.917040109634 -25.1589771360159 14.996999874711
v 446.056216955185 -25.7426872849464 14.996999874711
v 446.254342794418 -26.3145267963409 14.996999874711
v 446.732848882675 -27.2693652659655 14.996999874711
v 446.82040810585 -27.4098571389914 14.996999874711
v 446.82040810585 -27.4098571389914 24.9969996511936
v 446.509599685669 -26.8713608384132 24.9969996511936
v 446.254342794418 -26.3145267963409 24.9969996511936
v 446.056216955185 -25.7426872849464 24.9969996511936
v 445.917040109634 -25.1589771360159 24.9969996511936
v 445.838510990143 -24.5670136064291 24.9969996511936
v 445.822387933731 -23.9707883447409 24.9969996511936
v 445.869266986847 -23.3757365494967 24.9969996511936
v 445.977807044983 -22.7867383509874 24.9969996511936
v 446.146458387375 -22.208359092474 24.9969996511936
v 446.373403072357 -21.6437391936779 24.9969996511936
v 446.656346321106 -21.0958663374186 24.9969996511936
v 446.99290394783 -20.567812025547 24.9969996511936
v 447.380691766739 -20.0626403093338 24.9969996511936
v 447.81693816185 -19.5830706506968 24.9969996511936
v 448.298215866089 -19.1305801272392 24.9969996511936
v 448.821842670441 -18.7066961079836 24.9969996511936
v 446.82040810585 -27.4098571389914 14.996999874711
v 446.82040810585 -28.3222943544388 14.996999874711
v 446.82040810585 -28.3222943544388 24.9969996511936
v 446.82040810585 -27.4098571389914 24.9969996511936
v 446.82040810585 -28.3222943544388 14.996999874711
v 445.758700370789 -27.9926564544439 14.996999874711
v 444.659322500229 -27.8278589248657 14.996999874711
v 443.547636270523 -27.8317146003246 14.996999874711
v 442.449420690536 -28.0041322112083 14.996999874711
v 441.390037536621 -28.3411238342524 14.996999874711
v 440.394043922424 -28.8348905742168 14.996999874711
v 439.484447240829 -29.4740125536919 14.996999874711
v 438.682317733765 -30.2436966449022 14.996999874711
v 438.006192445755 -31.1261359602213 14.996999874711
v 437.471747398376 -32.1009121835232 14.996999874711
v 437.091320753098 -33.1454761326313 14.996999874711
v 436.873733997345 -34.2356525361538 14.996999874711
v 436.82399392128 -35.3462174534798 14.996999874711
v 436.943292617798 -36.451481282711 14.996999874711
v 437.228828668594 -37.525862455368 14.996999874711
v 437.674015760422 -38.5445095598698 14.996999874711
v 438.268542289734 -39.4838489592075 14.996999874711
v 438.99866938591 -40.3221473097801 14.996999874711
v 439.847499132156 -41.0400070250034 14.996999874711
v 440.795391798019 -41.6208207607269 14.996999874711
v 441.820412874222 -42.0511513948441 14.996999874711
v 441.820412874222 -42.0511513948441 24.9969996511936
v 440.795391798019 -41.6208207607269 24.9969996511936
v 439.847499132156 -41.0400070250034 24.9969996511936
v 438.99866938591 -40.3221473097801 24.9969996511936
v 438.268542289734 -39.4838489592075 24.9969996511936
v 437.674015760422 -38.5445095598698 24.9969996511936
v 437.228828668594 -37.525862455368 24.9969996511936
v 436.943292617798 -36.451481282711 24.9969996511936
v 436.82399392128 -35.3462174534798 24.9969996511936
v 436.873733997345 -34.2356525361538 24.9969996511936
v 437.091320753098 -33.1454761326313 24.9969996511936
v 437.471747398376 -32.1009121835232 24.9969996511936
v 438.006192445755 -31.1261359602213 24.9969996511936
v 438.682317733765 -30.2436966449022 24.9969996511936
v 439.484447240829 -29.4740125536919 24.9969996511936
v 440.394043922424 -28.8348905742168 24.9969996511936
v 441.390037536621 -28.3411238342524 24.9969996511936
v 442.449420690536 -28.0041322112083 24.9969996511936
v 443.547636270523 -27.8317146003246 24.9969996511936
v 444.659322500229 -27.8278589248657 24.9969996511936
v 445.758700370789 -27.9926564544439 24.9969996511936
v 446.82040810585 -28.3222943544388 24.9969996511936
v 436.82399392128 -35.3462174534798 24.9969996511936
v 436.82399392128 -35.3462174534798 14.996999874711
v 466.420412063599 -27.4098571389914 14.996999874711
v 466.808646917343 -26.7165116965771 14.996999874711
v 467.105001211166 -25.9946286678314 14.996999874711
v 467.323809862137 -25.1585599035025 14.996999874711
v 467.417150735855 -24.3054237216711 14.996999874711
v 467.374980449677 -23.4025660902262 14.996999874711
v 467.191070318222 -22.5131195038557 14.996999874711
v 466.952919960022 -21.8386836349964 14.996999874711
v 466.635525226593 -21.1861282587051 14.996999874711
v 466.242760419846 -20.5605067312717 14.996999874711
v 465.778559446335 -19.9668761342764 14.996999874711
v 465.159863233566 -19.3264000117779 14.996999874711
v 464.418947696686 -18.7066961079836 14.996999874711
v 464.418947696686 -18.7066961079836 24.9969996511936
v 465.159863233566 -19.3264000117779 24.9969996511936
v 465.778559446335 -19.9668761342764 24.9969996511936
v 466.242760419846 -20.5605067312717 24.9969996511936
v 466.635525226593 -21.1861282587051 24.9969996511936
v 466.952919960022 -21.8386836349964 24.9969996511936
v 467.191070318222 -22.5131195038557 24.9969996511936
v 467.374980449677 -23.4025660902262 24.9969996511936
v 467.417150735855 -24.3054237216711 24.9969996511936
v 467.323809862137 -25.1585599035025 24.9969996511936
v 467.105001211166 -25.9946286678314 24.9969996511936
v 466.808646917343 -26.7165116965771 24.9969996511936
v 466.420412063599 -27.4098571389914 24.9969996511936
v 466.420412063599 -28.3222943544388 14.996999874711
v 466.420412063599 -27.4098571389914 14.996999874711
v 466.420412063599 -27.4098571389914 24.9969996511936
v 466.420412063599 -28.3222943544388 24.9969996511936
v 471.420407295227 -42.0511513948441 14.996999874711
v 472.445398569107 -41.6208207607269 14.996999874711
v 473.39329123497 -41.0400070250034 14.996999874711
v 474.242120981216 -40.3221473097801 14.996999874711
v 474.972248077393 -39.4838489592075 14.996999874711
v 475.566774606705 -38.5445095598698 14.996999874711
v 476.011961698532 -37.525862455368 14.996999874711
v 476.297527551651 -36.451481282711 14.996999874711
v 476.416796445847 -35.3462174534798 14.996999874711
v 476.367056369781 -34.2356525361538 14.996999874711
v 476.149469614029 -33.1454761326313 14.996999874711
v 475.76904296875 -32.1009121835232 14.996999874711
v 475.234597921371 -31.1261359602213 14.996999874711
v 474.558472633362 -30.2436966449022 14.996999874711
v 473.756343126297 -29.4740125536919 14.996999874711
v 472.846746444702 -28.8348905742168 14.996999874711
v 471.850752830505 -28.3411238342524 14.996999874711
v 470.79136967659 -28.0041322112083 14.996999874711
v 469.693154096603 -27.8317146003246 14.996999874711
v 468.581467866898 -27.8278589248657 14.996999874711
v 467.482089996338 -27.9926564544439 14.996999874711
v 466.420412063599 -28.3222943544388 14.996999874711
v 466.420412063599 -28.3222943544388 24.9969996511936
v 467.482089996338 -27.9926564544439 24.9969996511936
v 468.581467866898 -27.8278589248657 24.9969996511936
v 469.693154096603 -27.8317146003246 24.9969996511936
v 470.79136967659 -28.0041322112083 24.9969996511936
v 471.850752830505 -28.3411238342524 24.9969996511936
v 472.846746444702 -28.8348905742168 24.9969996511936
v 473.756343126297 -29.4740125536919 24.9969996511936
v 474.558472633362 -30.2436966449022 24.9969996511936
v 475.234597921371 -31.1261359602213 24.9969996511936
v 475.76904296875 -32.1009121835232 24.9969996511936
v 476.149469614029 -33.1454761326313 24.9969996511936
v 476.367056369781 -34.2356525361538 24.9969996511936
v 476.416796445847 -35.3462174534798 24.9969996511936
v 476.297527551651 -36.451481282711 24.9969996511936
v 476.011961698532 -37.525862455368 24.9969996511936
v 475.566774606705 -38.5445095598698 24.9969996511936
v 474.972248077393 -39.4838489592075 24.9969996511936
v 474.242120981216 -40.3221473097801 24.9969996511936
v 473.39329123497 -41.0400070250034 24.9969996511936
v 472.445398569107 -41.6208207607269 24.9969996511936
v 471.420407295227 -42.0511513948441 24.9969996511936
v 476.367056369781 -34.2356525361538 24.9969996511936
v 476.367056369781 -34.2356525361538 14.996999874711
v 471.420407295227 -44.1400110721588 14.996999874711
v 471.420407295227 -43.776873499155 14.996999874711
v 471.420407295227 -42.847353965044 14.4376354292035
v 471.420407295227 -42.2616302967072 14.996999874711
v 471.420407295227 -42.0511513948441 14.996999874711
v 471.420407295227 -42.0511513948441 24.9969996511936
v 471.420407295227 -44.1400110721588 24.9969996511936
v 441.820412874222 -44.1400110721588 14.996999874711
v 441.047221422195 -45.1455749571323 14.996999874711
v 440.350145101547 -46.2000370025635 14.996999874711
v 439.732134342194 -47.2980029881001 14.996999874711
v 439.196139574051 -48.4340786933899 14.996999874711
v 438.745141029358 -49.6028736233711 14.996999874711
v 438.382089138031 -50.7990047335625 14.996999874711
v 438.108831644058 -52.0167835056782 14.996999874711
v 437.925904989243 -53.2500669360161 14.996999874711
v 437.833815813065 -54.4926933944225 14.996999874711
v 437.833070755005 -55.7385012507439 14.996999874711
v 437.924146652222 -56.9813288748264 14.996999874711
v 438.107520341873 -58.2148544490337 14.996999874711
v 438.381999731064 -59.4329461455345 14.996999874711
v 438.745498657227 -60.6297366321087 14.996999874711
v 439.195930957794 -61.7993548512459 14.996999874711
v 439.731180667877 -62.935933470726 14.996999874711
v 440.349251031876 -64.0335902571678 14.996999874711
v 441.047191619873 -65.0869607925415 14.996999874711
v 441.820859909058 -66.0914033651352 14.996999874711
v 442.665994167328 -67.0423582196236 14.996999874711
v 443.578332662582 -67.9352357983589 14.996999874711
v 444.553583860397 -68.7654614448547 14.996999874711
v 445.587694644928 -69.5285350084305 14.996999874711
v 446.675449609756 -70.2211931347847 14.996999874711
v 447.811186313629 -70.8405673503876 14.996999874711
v 448.989242315292 -71.3837966322899 14.996999874711
v 450.203955173492 -71.8480348587036 14.996999874711
v 451.449662446976 -72.2304284572601 14.996999874711
v 452.720463275909 -72.5288763642311 14.996999874711
v 454.01006937027 -72.7427676320076 14.996999874711
v 455.312192440033 -72.8716254234314 14.996999874711
v 456.62048459053 -72.9149580001831 14.996999874711
v 457.928627729416 -72.8722959756851 14.996999874711
v 459.23039317131 -72.7432817220688 14.996999874711
v 460.519731044769 -72.5286975502968 14.996999874711
v 461.790561676025 -72.229839861393 14.996999874711
v 463.036686182022 -71.8480199575424 14.996999874711
v 464.251965284348 -71.3845491409302 14.996999874711
v 465.430408716202 -70.8413496613503 14.996999874711
v 466.566324234009 -70.2216401696205 14.996999874711
v 467.654049396515 -69.5287957787514 14.996999874711
v 468.687981367111 -68.7661990523338 14.996999874711
v 469.662934541702 -67.9369568824768 14.996999874711
v 470.57518362999 -67.0443400740623 14.996999874711
v 471.420377492905 -66.0930648446083 14.996999874711
v 472.194015979767 -65.0879368185997 14.996999874711
v 472.89165854454 -64.0337467193604 14.996999874711
v 473.509281873703 -62.935471534729 14.996999874711
v 474.044382572174 -61.7987252771854 14.996999874711
v 474.49466586113 -60.6292746961117 14.996999874711
v 474.857926368713 -59.4328679144382 14.996999874711
v 475.131839513779 -58.2151152193546 14.996999874711
v 475.314974784851 -56.9816827774048 14.996999874711
v 475.40694475174 -55.7388812303543 14.996999874711
v 475.407272577286 -54.4930472970009 14.996999874711
v 475.315541028976 -53.2505139708519 14.996999874711
v 475.131720304489 -52.0174615085125 14.996999874711
v 474.857658147812 -50.7994964718819 14.996999874711
v 474.494904279709 -49.6026836335659 14.996999874711
v 474.04482960701 -48.4331622719765 14.996999874711
v 473.509103059769 -47.2969189286232 14.996999874711
v 472.890883684158 -46.1992062628269 14.996999874711
v 472.193568944931 -45.1451763510704 14.996999874711
v 471.420407295227 -44.1400110721588 14.996999874711
v 471.420407295227 -44.1400110721588 24.9969996511936
v 472.193568944931 -45.1451763510704 24.9969996511936
v 472.890883684158 -46.1992062628269 24.9969996511936
v 473.509103059769 -47.2969189286232 24.9969996511936
v 474.04482960701 -48.4331622719765 24.9969996511936
v 474.494904279709 -49.6026836335659 24.9969996511936
v 474.857658147812 -50.7994964718819 24.9969996511936
v 475.131720304489 -52.0174615085125 24.9969996511936
v 475.315541028976 -53.2505139708519 24.9969996511936
v 475.407272577286 -54.4930472970009 24.9969996511936
v 475.40694475174 -55.7388812303543 24.9969996511936
v 475.314974784851 -56.9816827774048 24.9969996511936
v 475.131839513779 -58.2151152193546 24.9969996511936
v 474.857926368713 -59.4328679144382 24.9969996511936
v 474.49466586113 -60.6292746961117 24.9969996511936
v 474.044382572174 -61.7987252771854 24.9969996511936
v 473.509281873703 -62.935471534729 24.9969996511936
v 472.89165854454 -64.0337467193604 24.9969996511936
v 472.194015979767 -65.0879368185997 24.9969996511936
v 471.420377492905 -66.0930648446083 24.9969996511936
v 470.57518362999 -67.0443400740623 24.9969996511936
v 469.662934541702 -67.9369568824768 24.9969996511936
v 468.687981367111 -68.7661990523338 24.9969996511936
v 467.654049396515 -69.5287957787514 24.9969996511936
v 466.566324234009 -70.2216401696205 24.9969996511936
v 465.430408716202 -70.8413496613503 24.9969996511936
v 464.251965284348 -71.3845491409302 24.9969996511936
v 463.036686182022 -71.8480199575424 24.9969996511936
v 461.790561676025 -72.229839861393 24.9969996511936
v 460.519731044769 -72.5286975502968 24.9969996511936
v 459.23039317131 -72.7432817220688 24.9969996511936
v 457.928627729416 -72.8722959756851 24.9969996511936
v 456.62048459053 -72.9149580001831 24.9969996511936
v 455.312192440033 -72.8716254234314 24.9969996511936
v 454.01006937027 -72.7427676320076 24.9969996511936
v 452.720463275909 -72.5288763642311 24.9969996511936
v 451.449662446976 -72.2304284572601 24.9969996511936
v 450.203955173492 -71.8480348587036 24.9969996511936
v 448.989242315292 -71.3837966322899 24.9969996511936
v 447.811186313629 -70.8405673503876 24.9969996511936
v 446.675449609756 -70.2211931347847 24.9969996511936
v 445.587694644928 -69.5285350084305 24.9969996511936
v 444.553583860397 -68.7654614448547 24.9969996511936
v 443.578332662582 -67.9352357983589 24.9969996511936
v 442.665994167328 -67.0423582196236 24.9969996511936
v 441.820859909058 -66.0914033651352 24.9969996511936
v 441.047191619873 -65.0869607925415 24.9969996511936
v 440.349251031876 -64.0335902571678 24.9969996511936
v 439.731180667877 -62.935933470726 24.9969996511936
v 439.195930957794 -61.7993548512459 24.9969996511936
v 438.745498657227 -60.6297366321087 24.9969996511936
v 438.381999731064 -59.4329461455345 24.9969996511936
v 438.107520341873 -58.2148544490337 24.9969996511936
v 437.924146652222 -56.9813288748264 24.9969996511936
v 437.833070755005 -55.7385012507439 24.9969996511936
v 437.833815813065 -54.4926933944225 24.9969996511936
v 437.925904989243 -53.2500669360161 24.9969996511936
v 438.108831644058 -52.0167835056782 24.9969996511936
v 438.382089138031 -50.7990047335625 24.9969996511936
v 438.745141029358 -49.6028736233711 24.9969996511936
v 439.196139574051 -48.4340786933899 24.9969996511936
v 439.732134342194 -47.2980029881001 24.9969996511936
v 440.350145101547 -46.2000370025635 24.9969996511936
v 441.047221422195 -45.1455749571323 24.9969996511936
v 441.820412874222 -44.1400110721588 24.9969996511936
v 441.820412874222 -42.0511513948441 14.996999874711
v 441.820412874222 -43.0565178394318 14.996999874711
v 441.820412874222 -43.3338135480881 14.7303771227598
v 441.820412874222 -43.6509624123573 14.921230264008
v 441.820412874222 -43.776873499155 14.996999874711
v 441.820412874222 -44.1400110721588 14.996999874711
v 441.820412874222 -44.1400110721588 24.9969996511936
v 441.820412874222 -42.0511513948441 24.9969996511936
v 449.621856212616 -10.1169245317578 24.9969996511936
v 449.621856212616 -19.1169250756502 24.9969996511936
v 449.621856212616 -19.1169250756502 9.99699998646975
v 449.621856212616 -10.1169245317578 9.99699998646975
v 447.620391845703 -29.6244751662016 24.9969996511936
v 446.668267250061 -29.1244741529226 24.9969996511936
v 445.646792650223 -28.7880897521973 24.9969996511936
v 444.583863019943 -28.6245085299015 24.9969996511936
v 443.50853562355 -28.6381952464581 24.9969996511936
v 442.450106143951 -28.8287755101919 24.9969996511936
v 441.437542438507 -29.1910488158464 24.9969996511936
v 440.498441457748 -29.7151207923889 24.9969996511936
v 439.658463001251 -30.3866844624281 24.9969996511936
v 438.940554857254 -31.1874020844698 24.9969996511936
v 438.364267349243 -32.0954099297523 24.9969996511936
v 437.945425510406 -33.0859161913395 24.9969996511936
v 437.695384025574 -34.1318808495998 24.9969996511936
v 437.620997428894 -35.2047383785248 24.9969996511936
v 437.72429227829 -36.2752005457878 24.9969996511936
v 438.002467155457 -37.3140349984169 24.9969996511936
v 438.447922468185 -38.2928773760796 24.9969996511936
v 439.04846906662 -39.1850098967552 24.9969996511936
v 439.787715673447 -39.9660617113113 24.9969996511936
v 440.645515918732 -40.6147167086601 24.9969996511936
v 441.598415374756 -41.1132574081421 24.9969996511936
v 442.620396614075 -41.4480790495872 24.9969996511936
v 442.620396614075 -41.4480790495872 9.99699998646975
v 441.598415374756 -41.1132574081421 9.99699998646975
v 440.645515918732 -40.6147167086601 9.99699998646975
v 439.787715673447 -39.9660617113113 9.99699998646975
v 439.04846906662 -39.1850098967552 9.99699998646975
v 438.447922468185 -38.2928773760796 9.99699998646975
v 438.002467155457 -37.3140349984169 9.99699998646975
v 437.72429227829 -36.2752005457878 9.99699998646975
v 437.620997428894 -35.2047383785248 9.99699998646975
v 437.695384025574 -34.1318808495998 9.99699998646975
v 437.945425510406 -33.0859161913395 9.99699998646975
v 438.364267349243 -32.0954099297523 9.99699998646975
v 438.940554857254 -31.1874020844698 9.99699998646975
v 439.658463001251 -30.3866844624281 9.99699998646975
v 440.498441457748 -29.7151207923889 9.99699998646975
v 441.437542438507 -29.1910488158464 9.99699998646975
v 442.450106143951 -28.8287755101919 9.99699998646975
v 443.50853562355 -28.6381952464581 9.99699998646975
v 444.583863019943 -28.6245085299015 9.99699998646975
v 445.646792650223 -28.7880897521973 9.99699998646975
v 446.668267250061 -29.1244741529226 9.99699998646975
v 447.620391845703 -29.6244751662016 9.99699998646975
v 437.620997428894 -35.2047383785248 9.99699998646975
v 437.620997428894 -35.2047383785248 24.9969996511936
v 442.620396614075 -41.4480790495872 24.9969996511936
v 442.620396614075 -44.4317571818829 24.9969996511936
v 442.620396614075 -44.4317571818829 9.99699998646975
v 442.620396614075 -41.4480790495872 9.99699998646975
v 442.620396614075 -44.4317571818829 24.9969996511936
v 441.560655832291 -45.8054542541504 24.9969996511936
v 440.651446580887 -47.272227704525 24.9969996511936
v 439.901828765869 -48.8174147903919 24.9969996511936
v 439.319372177124 -50.4255741834641 24.9969996511936
v 438.909828662872 -52.0806238055229 24.9969996511936
v 438.677310943604 -53.7660270929337 24.9969996511936
v 438.624173402786 -55.464930832386 24.9969996511936
v 438.750922679901 -57.1603588759899 24.9969996511936
v 439.056277275085 -58.835357427597 24.9969996511936
v 439.537197351456 -60.4731924831867 24.9969996511936
v 440.188884735107 -62.0574839413166 24.9969996511936
v 441.004812717438 -63.5723993182182 24.9969996511936
v 441.976845264435 -65.0027915835381 24.9969996511936
v 443.095237016678 -66.3343667984009 24.9969996511936
v 444.348841905594 -67.5538182258606 24.9969996511936
v 445.725083351135 -68.64894926548 24.9969996511936
v 447.210252285004 -69.6088224649429 24.9969996511936
v 448.78950715065 -70.4238265752792 24.9969996511936
v 450.446993112564 -71.0858330130577 24.9969996511936
v 452.166229486465 -71.5882182121277 24.9969996511936
v 453.929960727692 -71.9259530305862 24.9969996511936
v 455.720573663712 -72.0956698060036 24.9969996511936
v 457.520216703415 -72.0956698060036 24.9969996511936
v 459.310829639435 -71.9259530305862 24.9969996511936
v 461.074590682983 -71.5882182121277 24.9969996511936
v 462.793797254562 -71.0858330130577 24.9969996511936
v 464.451313018799 -70.4238265752792 24.9969996511936
v 466.030538082123 -69.6088224649429 24.9969996511936
v 467.515707015991 -68.64894926548 24.9969996511936
v 468.891948461533 -67.5538182258606 24.9969996511936
v 470.145553350449 -66.3343667984009 24.9969996511936
v 471.263945102692 -65.0027915835381 24.9969996511936
v 472.235977649689 -63.5723993182182 24.9969996511936
v 473.051905632019 -62.0574839413166 24.9969996511936
v 473.703593015671 -60.4731924831867 24.9969996511936
v 474.184542894363 -58.835357427597 24.9969996511936
v 474.489897489548 -57.1603588759899 24.9969996511936
v 474.61661696434 -55.464930832386 24.9969996511936
v 474.563479423523 -53.7660270929337 24.9969996511936
v 474.330961704254 -52.0806238055229 24.9969996511936
v 473.921418190002 -50.4255741834641 24.9969996511936
v 473.338961601257 -48.8174147903919 24.9969996511936
v 472.589373588562 -47.272227704525 24.9969996511936
v 471.680134534836 -45.8054542541504 24.9969996511936
v 470.620393753052 -44.4317571818829 24.9969996511936
v 470.620393753052 -44.4317571818829 9.99699998646975
v 471.680134534836 -45.8054542541504 9.99699998646975
v 472.589373588562 -47.272227704525 9.99699998646975
v 473.338961601257 -48.8174147903919 9.99699998646975
v 473.921418190002 -50.4255741834641 9.99699998646975
v 474.330961704254 -52.0806238055229 9.99699998646975
v 474.563479423523 -53.7660270929337 9.99699998646975
v 474.61661696434 -55.464930832386 9.99699998646975
v 474.489897489548 -57.1603588759899 9.99699998646975
v 474.184542894363 -58.835357427597 9.99699998646975
v 473.703593015671 -60.4731924831867 9.99699998646975
v 473.051905632019 -62.0574839413166 9.99699998646975
v 472.235977649689 -63.5723993182182 9.99699998646975
v 471.263945102692 -65.0027915835381 9.99699998646975
v 470.145553350449 -66.3343667984009 9.99699998646975
v 468.891948461533 -67.5538182258606 9.99699998646975
v 467.515707015991 -68.64894926548 9.99699998646975
v 466.030538082123 -69.6088224649429 9.99699998646975
v 464.451313018799 -70.4238265752792 9.99699998646975
v 462.793797254562 -71.0858330130577 9.99699998646975
v 461.074590682983 -71.5882182121277 9.99699998646975
v 459.310829639435 -71.9259530305862 9.99699998646975
v 457.520216703415 -72.0956698060036 9.99699998646975
v 455.720573663712 -72.0956698060036 9.99699998646975
v 453.929960727692 -71.9259530305862 9.99699998646975
v 452.166229486465 -71.5882182121277 9.99699998646975
v 450.446993112564 -71.0858330130577 9.99699998646975
v 448.78950715065 -70.4238265752792 9.99699998646975
v 447.210252285004 -69.6088224649429 9.99699998646975
v 445.725083351135 -68.64894926548 9.99699998646975
v 444.348841905594 -67.5538182258606 9.99699998646975
v 443.095237016678 -66.3343667984009 9.99699998646975
v 441.976845264435 -65.0027915835381 9.99699998646975
v 441.004812717438 -63.5723993182182 9.99699998646975
v 440.188884735107 -62.0574839413166 9.99699998646975
v 439.537197351456 -60.4731924831867 9.99699998646975
v 439.056277275085 -58.835357427597 9.99699998646975
v 438.750922679901 -57.1603588759899 9.99699998646975
v 438.624173402786 -55.464930832386 9.99699998646975
v 438.677310943604 -53.7660270929337 9.99699998646975
v 438.909828662872 -52.0806238055229 9.99699998646975
v 439.319372177124 -50.4255741834641 9.99699998646975
v 439.901828765869 -48.8174147903919 9.99699998646975
v 440.651446580887 -47.272227704525 9.99699998646975
v 441.560655832291 -45.8054542541504 9.99699998646975
v 442.620396614075 -44.4317571818829 9.99699998646975
v 474.563479423523 -53.7660270929337 9.99699998646975
v 474.563479423523 -53.7660270929337 24.9969996511936
v 470.620393753052 -44.4317571818829 24.9969996511936
v 470.620393753052 -41.4480790495872 24.9969996511936
v 470.620393753052 -41.4480790495872 9.99699998646975
v 470.620393753052 -44.4317571818829 9.99699998646975
v 470.620393753052 -41.4480790495872 24.9969996511936
v 471.642374992371 -41.1132574081421 24.9969996511936
v 472.595274448395 -40.6147167086601 24.9969996511936
v 473.45307469368 -39.9660617113113 24.9969996511936
v 474.192321300507 -39.1850098967552 24.9969996511936
v 474.792897701263 -38.2928773760796 24.9969996511936
v 475.23832321167 -37.3140349984169 24.9969996511936
v 475.516498088837 -36.2752005457878 24.9969996511936
v 475.619792938232 -35.2047383785248 24.9969996511936
v 475.545436143875 -34.1318808495998 24.9969996511936
v 475.295394659042 -33.0859161913395 24.9969996511936
v 474.876523017883 -32.0954099297523 24.9969996511936
v 474.300265312195 -31.1874020844698 24.9969996511936
v 473.582327365875 -30.3866844624281 24.9969996511936
v 472.742348909378 -29.7151207923889 24.9969996511936
v 471.803247928619 -29.1910488158464 24.9969996511936
v 470.790684223175 -28.8287755101919 24.9969996511936
v 469.732254743576 -28.6381952464581 24.9969996511936
v 468.656927347183 -28.6245085299015 24.9969996511936
v 467.593997716904 -28.7880897521973 24.9969996511936
v 466.572523117065 -29.1244741529226 24.9969996511936
v 465.620398521423 -29.6244751662016 24.9969996511936
v 465.620398521423 -29.6244751662016 9.99699998646975
v 466.572523117065 -29.1244741529226 9.99699998646975
v 467.593997716904 -28.7880897521973 9.99699998646975
v 468.656927347183 -28.6245085299015 9.99699998646975
v 469.732254743576 -28.6381952464581 9.99699998646975
v 470.790684223175 -28.8287755101919 9.99699998646975
v 471.803247928619 -29.1910488158464 9.99699998646975
v 472.742348909378 -29.7151207923889 9.99699998646975
v 473.582327365875 -30.3866844624281 9.99699998646975
v 474.300265312195 -31.1874020844698 9.99699998646975
v 474.876523017883 -32.0954099297523 9.99699998646975
v 475.295394659042 -33.0859161913395 9.99699998646975
v 475.545436143875 -34.1318808495998 9.99699998646975
v 475.619792938232 -35.2047383785248 9.99699998646975
v 475.516498088837 -36.2752005457878 9.99699998646975
v 475.23832321167 -37.3140349984169 9.99699998646975
v 474.792897701263 -38.2928773760796 9.99699998646975
v 474.192321300507 -39.1850098967552 9.99699998646975
v 473.45307469368 -39.9660617113113 9.99699998646975
v 472.595274448395 -40.6147167086601 9.99699998646975
v 471.642374992371 -41.1132574081421 9.99699998646975
v 470.620393753052 -41.4480790495872 9.99699998646975
v 475.545436143875 -34.1318808495998 9.99699998646975
v 475.545436143875 -34.1318808495998 24.9969996511936
v 465.620398521423 -29.6244751662016 24.9969996511936
v 465.620398521423 -27.1681547164917 24.9969996511936
v 465.620398521423 -27.1681547164917 9.99699998646975
v 465.620398521423 -29.6244751662016 9.99699998646975
v 465.620398521423 -27.1681547164917 24.9969996511936
v 465.932369232178 -26.6685336828232 24.9969996511936
v 466.187834739685 -26.1534303426743 24.9969996511936
v 466.385275125504 -25.6259702146053 24.9969996511936
v 466.523438692093 -25.0893551856279 24.9969996511936
v 466.601520776749 -24.5468392968178 24.9969996511936
v 466.619044542313 -24.0017138421535 24.9969996511936
v 466.575890779495 -23.4572887420654 24.9969996511936
v 466.47235751152 -22.916866466403 24.9969996511936
v 466.309010982513 -22.3837234079838 24.9969996511936
v 466.086894273758 -21.8610987067223 24.9969996511936
v 465.807348489761 -21.3521607220173 24.9969996511936
v 465.4720723629 -20.8599977195263 24.9969996511936
v 465.083062648773 -20.3875973820686 24.9969996511936
v 464.642703533173 -19.9378244578838 24.9969996511936
v 464.153677225113 -19.5134077221155 24.9969996511936
v 463.61893415451 -19.1169250756502 24.9969996511936
v 463.61893415451 -19.1169250756502 9.99699998646975
v 464.153677225113 -19.5134077221155 9.99699998646975
v 464.642703533173 -19.9378244578838 9.99699998646975
v 465.083062648773 -20.3875973820686 9.99699998646975
v 465.4720723629 -20.8599977195263 9.99699998646975
v 465.807348489761 -21.3521607220173 9.99699998646975
v 466.086894273758 -21.8610987067223 9.99699998646975
v 466.309010982513 -22.3837234079838 9.99699998646975
v 466.47235751152 -22.916866466403 9.99699998646975
v 466.575890779495 -23.4572887420654 9.99699998646975
v 466.619044542313 -24.0017138421535 9.99699998646975
v 466.601520776749 -24.5468392968178 9.99699998646975
v 466.523438692093 -25.0893551856279 9.99699998646975
v 466.385275125504 -25.6259702146053 9.99699998646975
v 466.187834739685 -26.1534303426743 9.99699998646975
v 465.932369232178 -26.6685336828232 9.99699998646975
v 465.620398521423 -27.1681547164917 9.99699998646975
v 466.619044542313 -24.0017138421535 9.99699998646975
v 466.619044542313 -24.0017138421535 24.9969996511936
v 463.61893415451 -19.1169250756502 24.9969996511936
v 463.61893415451 -10.1169245317578 24.9969996511936
v 463.61893415451 -10.1169245317578 9.99699998646975
v 463.61893415451 -19.1169250756502 9.99699998646975
v 463.61893415451 -10.1169245317578 24.9969996511936
v 449.621856212616 -10.1169245317578 24.9969996511936
v 449.621856212616 -10.1169245317578 9.99699998646975
v 463.61893415451 -10.1169245317578 9.99699998646975
v 449.621856212616 -19.1169250756502 24.9969996511936
v 449.621856212616 -10.1169245317578 24.9969996511936
v 463.61893415451 -10.1169245317578 24.9969996511936
v 463.61893415451 -19.1169250756502 24.9969996511936
v 464.153677225113 -19.5134077221155 24.9969996511936
v 464.642703533173 -19.9378244578838 24.9969996511936
v 465.083062648773 -20.3875973820686 24.9969996511936
v 465.4720723629 -20.8599977195263 24.9969996511936
v 465.807348489761 -21.3521607220173 24.9969996511936
v 466.086894273758 -21.8610987067223 24.9969996511936
v 466.309010982513 -22.3837234079838 24.9969996511936
v 466.47235751152 -22.916866466403 24.9969996511936
v 466.575890779495 -23.4572887420654 24.9969996511936
v 466.619044542313 -24.0017138421535 24.9969996511936
v 466.601520776749 -24.5468392968178 24.9969996511936
v 466.523438692093 -25.0893551856279 24.9969996511936
v 466.385275125504 -25.6259702146053 24.9969996511936
v 466.187834739685 -26.1534303426743 24.9969996511936
v 465.932369232178 -26.6685336828232 24.9969996511936
v 465.620398521423 -27.1681547164917 24.9969996511936
v 465.620398521423 -29.6244751662016 24.9969996511936
v 466.572523117065 -29.1244741529226 24.9969996511936
v 467.593997716904 -28.7880897521973 24.9969996511936
v 468.656927347183 -28.6245085299015 24.9969996511936
v 469.732254743576 -28.6381952464581 24.9969996511936
v 470.790684223175 -28.8287755101919 24.9969996511936
v 471.803247928619 -29.1910488158464 24.9969996511936
v 472.742348909378 -29.7151207923889 24.9969996511936
v 473.582327365875 -30.3866844624281 24.9969996511936
v 474.300265312195 -31.1874020844698 24.9969996511936
v 474.876523017883 -32.0954099297523 24.9969996511936
v 475.295394659042 -33.0859161913395 24.9969996511936
v 475.545436143875 -34.1318808495998 24.9969996511936
v 475.619792938232 -35.2047383785248 24.9969996511936
v 475.516498088837 -36.2752005457878 24.9969996511936
v 475.23832321167 -37.3140349984169 24.9969996511936
v 474.792897701263 -38.2928773760796 24.9969996511936
v 474.192321300507 -39.1850098967552 24.9969996511936
v 473.45307469368 -39.9660617113113 24.9969996511936
v 472.595274448395 -40.6147167086601 24.9969996511936
v 471.642374992371 -41.1132574081421 24.9969996511936
v 470.620393753052 -41.4480790495872 24.9969996511936
v 470.620393753052 -44.4317571818829 24.9969996511936
v 471.680134534836 -45.8054542541504 24.9969996511936
v 472.589373588562 -47.272227704525 24.9969996511936
v 473.338961601257 -48.8174147903919 24.9969996511936
v 473.921418190002 -50.4255741834641 24.9969996511936
v 474.330961704254 -52.0806238055229 24.9969996511936
v 474.563479423523 -53.7660270929337 24.9969996511936
v 474.61661696434 -55.464930832386 24.9969996511936
v 474.489897489548 -57.1603588759899 24.9969996511936
v 474.184542894363 -58.835357427597 24.9969996511936
v 473.703593015671 -60.4731924831867 24.9969996511936
v 473.051905632019 -62.0574839413166 24.9969996511936
v 472.235977649689 -63.5723993182182 24.9969996511936
v 471.263945102692 -65.0027915835381 24.9969996511936
v 470.145553350449 -66.3343667984009 24.9969996511936
v 468.891948461533 -67.5538182258606 24.9969996511936
v 467.515707015991 -68.64894926548 24.9969996511936
v 466.030538082123 -69.6088224649429 24.9969996511936
v 464.451313018799 -70.4238265752792 24.9969996511936
v 462.793797254562 -71.0858330130577 24.9969996511936
v 461.074590682983 -71.5882182121277 24.9969996511936
v 459.310829639435 -71.9259530305862 24.9969996511936
v 457.520216703415 -72.0956698060036 24.9969996511936
v 455.720573663712 -72.0956698060036 24.9969996511936
v 453.929960727692 -71.9259530305862 24.9969996511936
v 452.166229486465 -71.5882182121277 24.9969996511936
v 450.446993112564 -71.0858330130577 24.9969996511936
v 448.78950715065 -70.4238265752792 24.9969996511936
v 447.210252285004 -69.6088224649429 24.9969996511936
v 445.725083351135 -68.64894926548 24.9969996511936
v 444.348841905594 -67.5538182258606 24.9969996511936
v 443.095237016678 -66.3343667984009 24.9969996511936
v 441.976845264435 -65.0027915835381 24.9969996511936
v 441.004812717438 -63.5723993182182 24.9969996511936
v 440.188884735107 -62.0574839413166 24.9969996511936
v 439.537197351456 -60.4731924831867 24.9969996511936
v 439.056277275085 -58.835357427597 24.9969996511936
v 438.750922679901 -57.1603588759899 24.9969996511936
v 438.624173402786 -55.464930832386 24.9969996511936
v 438.677310943604 -53.7660270929337 24.9969996511936
v 438.909828662872 -52.0806238055229 24.9969996511936
v 439.319372177124 -50.4255741834641 24.9969996511936
v 439.901828765869 -48.8174147903919 24.9969996511936
v 440.651446580887 -47.272227704525 24.9969996511936
v 441.560655832291 -45.8054542541504 24.9969996511936
v 442.620396614075 -44.4317571818829 24.9969996511936
v 442.620396614075 -41.4480790495872 24.9969996511936
v 441.598415374756 -41.1132574081421 24.9969996511936
v 440.645515918732 -40.6147167086601 24.9969996511936
v 439.787715673447 -39.9660617113113 24.9969996511936
v 439.04846906662 -39.1850098967552 24.9969996511936
v 438.447922468185 -38.2928773760796 24.9969996511936
v 438.002467155457 -37.3140349984169 24.9969996511936
v 437.72429227829 -36.2752005457878 24.9969996511936
v 437.620997428894 -35.2047383785248 24.9969996511936
v 437.695384025574 -34.1318808495998 24.9969996511936
v 437.945425510406 -33.0859161913395 24.9969996511936
v 438.364267349243 -32.0954099297523 24.9969996511936
v 438.940554857254 -31.1874020844698 24.9969996511936
v 439.658463001251 -30.3866844624281 24.9969996511936
v 440.498441457748 -29.7151207923889 24.9969996511936
v 441.437542438507 -29.1910488158464 24.9969996511936
v 442.450106143951 -28.8287755101919 24.9969996511936
v 443.50853562355 -28.6381952464581 24.9969996511936
v 444.583863019943 -28.6245085299015 24.9969996511936
v 445.646792650223 -28.7880897521973 24.9969996511936
v 446.668267250061 -29.1244741529226 24.9969996511936
v 447.620391845703 -29.6244751662016 24.9969996511936
v 447.620391845703 -27.1681547164917 24.9969996511936
v 447.308421134949 -26.6685336828232 24.9969996511936
v 447.052955627441 -26.1534303426743 24.9969996511936
v 446.855545043945 -25.6259702146053 24.9969996511936
v 446.717351675034 -25.0893551856279 24.9969996511936
v 446.639269590378 -24.5468392968178 24.9969996511936
v 446.621745824814 -24.0017138421535 24.9969996511936
v 446.664899587631 -23.4572887420654 24.9969996511936
v 446.768432855606 -22.916866466403 24.9969996511936
v 446.931779384613 -22.3837234079838 24.9969996511936
v 447.153896093369 -21.8610987067223 24.9969996511936
v 447.433441877365 -21.3521607220173 24.9969996511936
v 447.768747806549 -20.8599977195263 24.9969996511936
v 448.157727718353 -20.3875973820686 24.9969996511936
v 448.598086833954 -19.9378244578838 24.9969996511936
v 449.087113142014 -19.5134077221155 24.9969996511936
v 446.82040810585 -28.3222943544388 24.9969996511936
v 445.758700370789 -27.9926564544439 24.9969996511936
v 444.659322500229 -27.8278589248657 24.9969996511936
v 443.547636270523 -27.8317146003246 24.9969996511936
v 442.449420690536 -28.0041322112083 24.9969996511936
v 441.390037536621 -28.3411238342524 24.9969996511936
v 440.394043922424 -28.8348905742168 24.9969996511936
v 439.484447240829 -29.4740125536919 24.9969996511936
v 438.682317733765 -30.2436966449022 24.9969996511936
v 438.006192445755 -31.1261359602213 24.9969996511936
v 437.471747398376 -32.1009121835232 24.9969996511936
v 437.091320753098 -33.1454761326313 24.9969996511936
v 436.873733997345 -34.2356525361538 24.9969996511936
v 436.82399392128 -35.3462174534798 24.9969996511936
v 436.943292617798 -36.451481282711 24.9969996511936
v 437.228828668594 -37.525862455368 24.9969996511936
v 437.674015760422 -38.5445095598698 24.9969996511936
v 438.268542289734 -39.4838489592075 24.9969996511936
v 438.99866938591 -40.3221473097801 24.9969996511936
v 439.847499132156 -41.0400070250034 24.9969996511936
v 440.795391798019 -41.6208207607269 24.9969996511936
v 441.820412874222 -42.0511513948441 24.9969996511936
v 441.820412874222 -44.1400110721588 24.9969996511936
v 440.796822309494 -45.505840331316 24.9969996511936
v 439.913094043732 -46.9569563865662 24.9969996511936
v 439.176470041275 -48.4801828861237 24.9969996511936
v 438.594192266464 -50.0623546540737 24.9969996511936
v 438.158273696899 -51.7619624733925 24.9969996511936
v 437.900543212891 -53.4947253763676 24.9969996511936
v 437.82240152359 -55.243544280529 24.9969996511936
v 437.92524933815 -56.991308927536 24.9969996511936
v 438.198357820511 -58.6665868759155 24.9969996511936
v 438.638776540756 -60.3092610836029 24.9969996511936
v 439.241290092468 -61.9045309722424 24.9969996511936
v 440.000623464584 -63.4376034140587 24.9969996511936
v 440.911084413528 -64.8939684033394 24.9969996511936
v 441.963285207748 -66.2612840533257 24.9969996511936
v 443.146467208862 -67.528024315834 24.9969996511936
v 444.449931383133 -68.6826482415199 24.9969996511936
v 445.941805839539 -69.765567779541 24.9969996511936
v 447.540163993835 -70.7016959786415 24.9969996511936
v 449.228316545486 -71.4825987815857 24.9969996511936
v 450.98951458931 -72.099857032299 24.9969996511936
v 452.806830406189 -72.5459530949593 24.9969996511936
v 454.661965370178 -72.8180557489395 24.9969996511936
v 456.536293029785 -72.9147493839264 24.9969996511936
v 458.411157131195 -72.8346332907677 24.9969996511936
v 459.860980510712 -72.6492628455162 24.9969996511936
v 461.291581392288 -72.3577737808228 24.9969996511936
v 462.694406509399 -71.9619989395142 24.9969996511936
v 464.06078338623 -71.4637488126755 24.9969996511936
v 465.38233757019 -70.8654224872589 24.9969996511936
v 466.651022434235 -70.1713413000107 24.9969996511936
v 467.858999967575 -69.3862065672874 24.9969996511936
v 468.998402357101 -68.5147419571877 24.9969996511936
v 470.062643289566 -67.5611048936844 24.9969996511936
v 471.046268939972 -66.5307641029358 24.9969996511936
v 471.94305062294 -65.4304176568985 24.9969996511936
v 472.746729850769 -64.2667785286903 24.9969996511936
v 473.451435565948 -63.0466639995575 24.9969996511936
v 474.053293466568 -61.7777816951275 24.9969996511936
v 474.549174308777 -60.4681596159935 24.9969996511936
v 474.935948848724 -59.1258443892002 24.9969996511936
v 475.242853164673 -57.5449541211128 24.9969996511936
v 475.39809346199 -55.9436455368996 24.9969996511936
v 475.400775671005 -54.3355420231819 24.9969996511936
v 475.249916315079 -52.7342744171619 24.9969996511936
v 475.034236907959 -51.5346638858318 24.9969996511936
v 474.733054637909 -50.3517054021358 24.9969996511936
v 474.347680807114 -49.1911210119724 24.9969996511936
v 473.879367113113 -48.0586364865303 24.9969996511936
v 473.365366458893 -47.0246411859989 24.9969996511936
v 472.782492637634 -46.0241958498955 24.9969996511936
v 472.133308649063 -45.0613126158714 24.9969996511936
v 471.420407295227 -44.1400110721588 24.9969996511936
v 471.420407295227 -42.0511513948441 24.9969996511936
v 472.445398569107 -41.6208207607269 24.9969996511936
v 473.39329123497 -41.0400070250034 24.9969996511936
v 474.242120981216 -40.3221473097801 24.9969996511936
v 474.972248077393 -39.4838489592075 24.9969996511936
v 475.566774606705 -38.5445095598698 24.9969996511936
v 476.011961698532 -37.525862455368 24.9969996511936
v 476.297527551651 -36.451481282711 24.9969996511936
v 476.416796445847 -35.3462174534798 24.9969996511936
v 476.367056369781 -34.2356525361538 24.9969996511936
v 476.149469614029 -33.1454761326313 24.9969996511936
v 475.76904296875 -32.1009121835232 24.9969996511936
v 475.234597921371 -31.1261359602213 24.9969996511936
v 474.558472633362 -30.2436966449022 24.9969996511936
v 473.756343126297 -29.4740125536919 24.9969996511936
v 472.846746444702 -28.8348905742168 24.9969996511936
v 471.850752830505 -28.3411238342524 24.9969996511936
v 470.79136967659 -28.0041322112083 24.9969996511936
v 469.693154096603 -27.8317146003246 24.9969996511936
v 468.581467866898 -27.8278589248657 24.9969996511936
v 467.482089996338 -27.9926564544439 24.9969996511936
v 466.420412063599 -28.3222943544388 24.9969996511936
v 466.420412063599 -27.4098571389914 24.9969996511936
v 466.808646917343 -26.7165116965771 24.9969996511936
v 467.105001211166 -25.9946286678314 24.9969996511936
v 467.323809862137 -25.1585599035025 24.9969996511936
v 467.417150735855 -24.3054237216711 24.9969996511936
v 467.374980449677 -23.4025660902262 24.9969996511936
v 467.191070318222 -22.5131195038557 24.9969996511936
v 466.952919960022 -21.8386836349964 24.9969996511936
v 466.635525226593 -21.1861282587051 24.9969996511936
v 466.242760419846 -20.5605067312717 24.9969996511936
v 465.778559446335 -19.9668761342764 24.9969996511936
v 465.159863233566 -19.3264000117779 24.9969996511936
v 464.418947696686 -18.7066961079836 24.9969996511936
v 464.418947696686 -9.31692495942116 24.9969996511936
v 448.821842670441 -9.31692495942116 24.9969996511936
v 448.821842670441 -18.7066961079836 24.9969996511936
v 448.08092713356 -19.3264000117779 24.9969996511936
v 447.462230920792 -19.9668761342764 24.9969996511936
v 446.998029947281 -20.5605067312717 24.9969996511936
v 446.605265140533 -21.1861282587051 24.9969996511936
v 446.287870407104 -21.8386836349964 24.9969996511936
v 446.049720048904 -22.5131195038557 24.9969996511936
v 445.86580991745 -23.4025660902262 24.9969996511936
v 445.823639631271 -24.3054237216711 24.9969996511936
v 445.91698050499 -25.1585599035025 24.9969996511936
v 446.13578915596 -25.9946286678314 24.9969996511936
v 446.432143449783 -26.7165116965771 24.9969996511936
v 446.82040810585 -27.4098571389914 24.9969996511936
v 473.682075738907 -43.4550121426582 9.99699998646975
v 474.307656288147 -44.3337224423885 9.99699998646975
v 474.883764982224 -45.2434346079826 9.99699998646975
v 475.408762693405 -46.1815781891346 9.99699998646975
v 475.880950689316 -47.1455901861191 9.99699998646975
v 476.408958435059 -48.4225228428841 9.99699998646975
v 476.843923330307 -49.7322678565979 9.99699998646975
v 477.184116840363 -51.0679669678211 9.99699998646975
v 477.427750825882 -52.4227693676949 9.99699998646975
v 477.598041296005 -54.2324855923653 9.99699998646975
v 477.594941854477 -56.0513027012348 9.99699998646975
v 477.419584989548 -57.8620992600918 9.99699998646975
v 477.073132991791 -59.6477426588535 9.99699998646975
v 476.636648178101 -61.1624121665955 9.99699998646975
v 476.077258586884 -62.6396164298058 9.99699998646975
v 475.398927927017 -64.0697777271271 9.99699998646975
v 474.605709314346 -65.4433071613312 9.99699998646975
v 473.702430725098 -66.75124168396 9.99699998646975
v 472.69594669342 -67.9862722754478 9.99699998646975
v 471.593350172043 -69.1412687301636 9.99699998646975
v 470.401674509048 -70.2091082930565 9.99699998646975
v 469.127625226974 -71.1836218833923 9.99699998646975
v 467.778950929642 -72.0602348446846 9.99699998646975
v 466.364204883575 -72.8341862559319 9.99699998646975
v 464.891850948334 -73.500744998455 9.99699998646975
v 463.370621204376 -74.055440723896 9.99699998646975
v 461.8099629879 -74.4957476854324 9.99699998646975
v 460.219591856003 -74.8197883367538 9.99699998646975
v 458.609282970428 -75.025700032711 9.99699998646975
v 457.569718360901 -75.0948265194893 9.99699998646975
v 456.527590751648 -75.1147046685219 9.99699998646975
v 455.485433340073 -75.0854909420013 9.99699998646975
v 454.445749521255 -75.0073492527008 9.99699998646975
v 453.411102294922 -74.8804360628128 9.99699998646975
v 452.384054660797 -74.7049152851105 9.99699998646975
v 451.367080211639 -74.4809508323669 9.99699998646975
v 450.362771749496 -74.2086991667747 9.99699998646975
v 449.373602867126 -73.8885179162025 9.99699998646975
v 448.401927947998 -73.5214203596115 9.99699998646975
v 447.45010137558 -73.1085240840912 9.99699998646975
v 446.520447731018 -72.6509541273117 9.99699998646975
v 445.615321397781 -72.1498355269432 9.99699998646975
v 444.737046957016 -71.6062933206558 9.99699998646975
v 443.887978792191 -71.0214450955391 9.99699998646975
v 443.070471286774 -70.3964307904243 9.99699998646975
v 442.325502634048 -69.7671994566917 9.99699998646975
v 441.611975431442 -69.1043436527252 9.99699998646975
v 440.931439399719 -68.4094503521919 9.99699998646975
v 440.285563468933 -67.6841214299202 9.99699998646975
v 439.675867557526 -66.9299364089966 9.99699998646975
v 439.103960990906 -66.1484971642494 9.99699998646975
v 438.57142329216 -65.341405570507 9.99699998646975
v 438.079833984375 -64.5102486014366 9.99699998646975
v 437.63056397438 -63.6567622423172 9.99699998646975
v 437.224417924881 -62.7830475568771 9.99699998646975
v 436.862260103226 -61.891220510006 9.99699998646975
v 436.544835567474 -60.9834007918835 9.99699998646975
v 436.272948980331 -60.0617080926895 9.99699998646975
v 436.047464609146 -59.1282658278942 9.99699998646975
v 435.869127511978 -58.1851974129677 9.99699998646975
v 435.738742351532 -57.2346188127995 9.99699998646975
v 435.6549680233 -56.2478080391884 9.99699998646975
v 435.622602701187 -55.258359760046 9.99699998646975
v 435.641437768936 -54.268766194582 9.99699998646975
v 435.711175203323 -53.2815121114254 9.99699998646975
v 435.831606388092 -52.2990860044956 9.99699998646975
v 436.002463102341 -51.323976367712 9.99699998646975
v 436.22350692749 -50.358671694994 9.99699998646975
v 436.494499444962 -49.4056604802608 9.99699998646975
v 437.063425779343 -47.8307642042637 9.99699998646975
v 437.767535448074 -46.3071167469025 9.99699998646975
v 438.601166009903 -44.8450744152069 9.99699998646975
v 439.558744430542 -43.4550121426582 9.99699998646975
v 438.463300466537 -42.7531115710735 9.99699998646975
v 437.473922967911 -41.9082455337048 9.99699998646975
v 436.609148979187 -40.9362278878689 9.99699998646975
v 435.885161161423 -39.8552641272545 9.99699998646975
v 435.315489768982 -38.6855825781822 9.99699998646975
v 434.910833835602 -37.4490916728973 9.99699998646975
v 434.678763151169 -36.1689366400242 9.99699998646975
v 434.623628854752 -34.8690859973431 9.99699998646975
v 434.746444225311 -33.5738770663738 9.99699998646975
v 435.044914484024 -32.3075540363789 9.99699998646975
v 435.513436794281 -31.093830242753 9.99699998646975
v 436.143279075623 -29.9554280936718 9.99699998646975
v 436.922609806061 -28.9136599749327 9.99699998646975
v 437.836885452271 -27.9880315065384 9.99699998646975
v 438.868939876556 -27.1958708763123 9.99699998646975
v 439.999461174011 -26.5520103275776 9.99699998646975
v 441.207319498062 -26.0685048997402 9.99699998646975
v 442.469835281372 -25.7544070482254 9.99699998646975
v 443.763434886932 -25.6155952811241 9.99699998646975
v 443.670123815536 -25.0013768672943 9.99699998646975
v 443.624883890152 -24.3796203285456 9.99699998646975
v 443.629205226898 -23.7517468631268 9.99699998646975
v 443.683505058289 -23.1267679482698 9.99699998646975
v 443.786263465881 -22.5091706961393 9.99699998646975
v 443.93590092659 -21.9034384936094 9.99699998646975
v 444.258749485016 -20.989378914237 9.99699998646975
v 444.683074951172 -20.1171636581421 9.99699998646975
v 445.199608802795 -19.2939564585686 9.99699998646975
v 445.798963308334 -18.526915460825 9.99699998646975
v 446.581393480301 -17.7166424691677 9.99699998646975
v 446.621865034103 -17.6788475364447 9.99699998646975
v 446.621865034103 -7.1169245056808 9.99699998646975
v 466.618925333023 -7.1169245056808 9.99699998646975
v 466.618925333023 -17.6788475364447 9.99699998646975
v 466.659426689148 -17.7166424691677 9.99699998646975
v 467.441827058792 -18.526915460825 9.99699998646975
v 468.041211366653 -19.2939564585686 9.99699998646975
v 468.557715415955 -20.1171636581421 9.99699998646975
v 468.982040882111 -20.989378914237 9.99699998646975
v 469.304889440536 -21.9034384936094 9.99699998646975
v 469.454526901245 -22.5091706961393 9.99699998646975
v 469.557285308838 -23.1267679482698 9.99699998646975
v 469.611585140228 -23.7517468631268 9.99699998646975
v 469.615906476974 -24.3796203285456 9.99699998646975
v 469.570696353912 -25.0013768672943 9.99699998646975
v 469.477355480194 -25.6155952811241 9.99699998646975
v 470.770955085754 -25.7544070482254 9.99699998646975
v 472.033500671387 -26.0685048997402 9.99699998646975
v 473.241329193115 -26.5520103275776 9.99699998646975
v 474.37185049057 -27.1958708763123 9.99699998646975
v 475.403904914856 -27.9880315065384 9.99699998646975
v 476.318180561066 -28.9136599749327 9.99699998646975
v 477.097511291504 -29.9554280936718 9.99699998646975
v 477.727353572845 -31.093830242753 9.99699998646975
v 478.195875883102 -32.3075540363789 9.99699998646975
v 478.494346141815 -33.5738770663738 9.99699998646975
v 478.617161512375 -34.8690859973431 9.99699998646975
v 478.562027215958 -36.1689366400242 9.99699998646975
v 478.329956531525 -37.4490916728973 9.99699998646975
v 477.925300598145 -38.6855825781822 9.99699998646975
v 477.355659008026 -39.8552641272545 9.99699998646975
v 476.631641387939 -40.9362278878689 9.99699998646975
v 475.766867399216 -41.9082455337048 9.99699998646975
v 474.777489900589 -42.7531115710735 9.99699998646975
v 463.61893415451 -10.1169245317578 9.99699998646975
v 449.621856212616 -10.1169245317578 9.99699998646975
v 449.621856212616 -19.1169250756502 9.99699998646975
v 449.087113142014 -19.5134077221155 9.99699998646975
v 448.598086833954 -19.9378244578838 9.99699998646975
v 448.157727718353 -20.3875973820686 9.99699998646975
v 447.768747806549 -20.8599977195263 9.99699998646975
v 447.433441877365 -21.3521607220173 9.99699998646975
v 447.153896093369 -21.8610987067223 9.99699998646975
v 446.931779384613 -22.3837234079838 9.99699998646975
v 446.768432855606 -22.916866466403 9.99699998646975
v 446.664899587631 -23.4572887420654 9.99699998646975
v 446.621745824814 -24.0017138421535 9.99699998646975
v 446.639269590378 -24.5468392968178 9.99699998646975
v 446.717351675034 -25.0893551856279 9.99699998646975
v 446.855545043945 -25.6259702146053 9.99699998646975
v 447.052955627441 -26.1534303426743 9.99699998646975
v 447.308421134949 -26.6685336828232 9.99699998646975
v 447.620391845703 -27.1681547164917 9.99699998646975
v 447.620391845703 -29.6244751662016 9.99699998646975
v 446.668267250061 -29.1244741529226 9.99699998646975
v 445.646792650223 -28.7880897521973 9.99699998646975
v 444.583863019943 -28.6245085299015 9.99699998646975
v 443.50853562355 -28.6381952464581 9.99699998646975
v 442.450106143951 -28.8287755101919 9.99699998646975
v 441.437542438507 -29.1910488158464 9.99699998646975
v 440.498441457748 -29.7151207923889 9.99699998646975
v 439.658463001251 -30.3866844624281 9.99699998646975
v 438.940554857254 -31.1874020844698 9.99699998646975
v 438.364267349243 -32.0954099297523 9.99699998646975
v 437.945425510406 -33.0859161913395 9.99699998646975
v 437.695384025574 -34.1318808495998 9.99699998646975
v 437.620997428894 -35.2047383785248 9.99699998646975
v 437.72429227829 -36.2752005457878 9.99699998646975
v 438.002467155457 -37.3140349984169 9.99699998646975
v 438.447922468185 -38.2928773760796 9.99699998646975
v 439.04846906662 -39.1850098967552 9.99699998646975
v 439.787715673447 -39.9660617113113 9.99699998646975
v 440.645515918732 -40.6147167086601 9.99699998646975
v 441.598415374756 -41.1132574081421 9.99699998646975
v 442.620396614075 -41.4480790495872 9.99699998646975
v 442.620396614075 -44.4317571818829 9.99699998646975
v 441.560655832291 -45.8054542541504 9.99699998646975
v 440.651446580887 -47.272227704525 9.99699998646975
v 439.901828765869 -48.8174147903919 9.99699998646975
v 439.319372177124 -50.4255741834641 9.99699998646975
v 438.909828662872 -52.0806238055229 9.99699998646975
v 438.677310943604 -53.7660270929337 9.99699998646975
v 438.624173402786 -55.464930832386 9.99699998646975
v 438.750922679901 -57.1603588759899 9.99699998646975
v 439.056277275085 -58.835357427597 9.99699998646975
v 439.537197351456 -60.4731924831867 9.99699998646975
v 440.188884735107 -62.0574839413166 9.99699998646975
v 441.004812717438 -63.5723993182182 9.99699998646975
v 441.976845264435 -65.0027915835381 9.99699998646975
v 443.095237016678 -66.3343667984009 9.99699998646975
v 444.348841905594 -67.5538182258606 9.99699998646975
v 445.725083351135 -68.64894926548 9.99699998646975
v 447.210252285004 -69.6088224649429 9.99699998646975
v 448.78950715065 -70.4238265752792 9.99699998646975
v 450.446993112564 -71.0858330130577 9.99699998646975
v 452.166229486465 -71.5882182121277 9.99699998646975
v 453.929960727692 -71.9259530305862 9.99699998646975
v 455.720573663712 -72.0956698060036 9.99699998646975
v 457.520216703415 -72.0956698060036 9.99699998646975
v 459.310829639435 -71.9259530305862 9.99699998646975
v 461.074590682983 -71.5882182121277 9.99699998646975
v 462.793797254562 -71.0858330130577 9.99699998646975
v 464.451313018799 -70.4238265752792 9.99699998646975
v 466.030538082123 -69.6088224649429 9.99699998646975
v 467.515707015991 -68.64894926548 9.99699998646975
v 468.891948461533 -67.5538182258606 9.99699998646975
v 470.145553350449 -66.3343667984009 9.99699998646975
v 471.263945102692 -65.0027915835381 9.99699998646975
v 472.235977649689 -63.5723993182182 9.99699998646975
v 473.051905632019 -62.0574839413166 9.99699998646975
v 473.703593015671 -60.4731924831867 9.99699998646975
v 474.184542894363 -58.835357427597 9.99699998646975
v 474.489897489548 -57.1603588759899 9.99699998646975
v 474.61661696434 -55.464930832386 9.99699998646975
v 474.563479423523 -53.7660270929337 9.99699998646975
v 474.330961704254 -52.0806238055229 9.99699998646975
v 473.921418190002 -50.4255741834641 9.99699998646975
v 473.338961601257 -48.8174147903919 9.99699998646975
v 472.589373588562 -47.272227704525 9.99699998646975
v 471.680134534836 -45.8054542541504 9.99699998646975
v 470.620393753052 -44.4317571818829 9.99699998646975
v 470.620393753052 -41.4480790495872 9.99699998646975
v 471.642374992371 -41.1132574081421 9.99699998646975
v 472.595274448395 -40.6147167086601 9.99699998646975
v 473.45307469368 -39.9660617113113 9.99699998646975
v 474.192321300507 -39.1850098967552 9.99699998646975
v 474.792897701263 -38.2928773760796 9.99699998646975
v 475.23832321167 -37.3140349984169 9.99699998646975
v 475.516498088837 -36.2752005457878 9.99699998646975
v 475.619792938232 -35.2047383785248 9.99699998646975
v 475.545436143875 -34.1318808495998 9.99699998646975
v 475.295394659042 -33.0859161913395 9.99699998646975
v 474.876523017883 -32.0954099297523 9.99699998646975
v 474.300265312195 -31.1874020844698 9.99699998646975
v 473.582327365875 -30.3866844624281 9.99699998646975
v 472.742348909378 -29.7151207923889 9.99699998646975
v 471.803247928619 -29.1910488158464 9.99699998646975
v 470.790684223175 -28.8287755101919 9.99699998646975
v 469.732254743576 -28.6381952464581 9.99699998646975
v 468.656927347183 -28.6245085299015 9.99699998646975
v 467.593997716904 -28.7880897521973 9.99699998646975
v 466.572523117065 -29.1244741529226 9.99699998646975
v 465.620398521423 -29.6244751662016 9.99699998646975
v 465.620398521423 -27.1681547164917 9.99699998646975
v 465.932369232178 -26.6685336828232 9.99699998646975
v 466.187834739685 -26.1534303426743 9.99699998646975
v 466.385275125504 -25.6259702146053 9.99699998646975
v 466.523438692093 -25.0893551856279 9.99699998646975
v 466.601520776749 -24.5468392968178 9.99699998646975
v 466.619044542313 -24.0017138421535 9.99699998646975
v 466.575890779495 -23.4572887420654 9.99699998646975
v 466.47235751152 -22.916866466403 9.99699998646975
v 466.309010982513 -22.3837234079838 9.99699998646975
v 466.086894273758 -21.8610987067223 9.99699998646975
v 465.807348489761 -21.3521607220173 9.99699998646975
v 465.4720723629 -20.8599977195263 9.99699998646975
v 465.083062648773 -20.3875973820686 9.99699998646975
v 464.642703533173 -19.9378244578838 9.99699998646975
v 464.153677225113 -19.5134077221155 9.99699998646975
v 463.61893415451 -19.1169250756502 9.99699998646975
vn -0.707106781186547 0 0.707106781186547
vn -0.707106781186547 0 0.707106781186547
vn -0.707106781186547 0 0.707106781186547
vn -0.707106781186547 0 0.707106781186547
vn -0.695404632108012 -0.128235992694953 0.707084102367081
vn -0.694413123523288 -0.133380785201891 0.707106767056827
vn -0.694413123523288 -0.133380785201891 0.707106767056827
vn -0.694413123523288 -0.133380785201891 0.707106767056827
vn -0.698348410748726 -0.112353743373005 0.706884809254522
vn -0.705134275578199 -0.0574513042929567 0.706742528110377
vn -0.704412529010917 0.0615849763642048 0.707114049965537
vn -0.685020565412199 0.175404012056129 0.70709282100511
vn -0.648937419514555 0.28083986708612 0.70711328272692
vn -0.600967997267333 0.372526790949225 0.707150094594891
vn -0.543985071927428 0.451749625420571 0.70710856129203
vn -0.486694934165243 0.513026060973166 0.70705890972411
vn -0.479337821212962 0.519841562346903 0.70710678345745
vn -0.485502784959412 0.514138406353234 0.707070537435419
vn -0.538715427981807 0.458023314662972 0.707107015153663
vn -0.543935123002961 0.451809766314907 0.707108560990618
vn -0.594527959906965 0.382724911028163 0.707147896388972
vn -0.600963520112716 0.372534028694303 0.707150086585956
vn -0.64220147492486 0.295899148920021 0.707121601475121
vn -0.648999460667203 0.280696484959329 0.70711327479065
vn -0.679285350185383 0.196454242659542 0.707090619061367
vn -0.685003186917764 0.175471759410908 0.707092847907364
vn -0.701617287974086 0.0878998770505286 0.707111584426666
vn -0.704411979153936 0.0615914199435266 0.707114036498906
vn -0.70660662616714 -0.0282332263749688 0.707043110980618
vn -0.704827590821131 -0.0609962255941168 0.706751390292621
vn -0.696296621766946 -0.123555822293311 0.707039583964973
vn -0.197409392977853 -0.678991561583642 0.707106774725234
vn -0.293871996695409 -0.643147940826702 0.707106764052378
vn -0.384110544953932 -0.593682654173912 0.707106777925522
vn -0.466213736247271 -0.531643454011241 0.707106774074013
vn -0.538442735647763 -0.458344225153514 0.707106775315141
vn -0.599267725018854 -0.375337454103186 0.707106773619137
vn -0.647400449424493 -0.284381185674991 0.707106780705044
vn -0.681821517839048 -0.187401829155202 0.707106761557929
vn -0.70180184053375 -0.0864533861491742 0.707106773158611
vn -0.706918296850208 0.0163261144811065 0.707106766736362
vn -0.697062493281737 0.118759825980922 0.70710677000919
vn -0.672443165330468 0.218678270316131 0.707106783655683
vn -0.633581771692529 0.313965178585981 0.707106784873706
vn -0.58130138816024 0.402602432105158 0.70710676547887
vn -0.516709263784782 0.482712711839318 0.707106763189067
vn -0.441173414588108 0.552599323567105 0.707106785325842
vn -0.356293678551369 0.610782146912728 0.707106769616168
vn -0.26386782422395 0.656028804563294 0.707106766282556
vn -0.165853322683219 0.687381033816233 0.707106773906644
vn -0.0643261296538898 0.704174814420839 0.707106766888232
vn 0.0385634711087253 0.706054445808456 0.707106765807088
vn 0.140636310802602 0.692980114691999 0.707106773214129
vn 0.0698506169191842 0.703648276853881 0.707106776800063
vn 0.00833329763793248 0.707057671111181 0.707106785339605
vn -0.0880754360361068 0.701600129468904 0.707106764142635
vn -0.182841661351232 0.683058510596998 0.707106779754891
vn -0.274198089708023 0.651778649388447 0.70710678104643
vn -0.360441064813744 0.608343849670125 0.707106780737158
vn -0.439962213768356 0.553564138176703 0.707106777920231
vn -0.511278566685518 0.488461104137251 0.707106764918156
vn -0.573060151384458 0.414248821567544 0.707106764728724
vn -0.624154810250002 0.332311274810946 0.707106773744466
vn -0.663609701114696 0.244176483670175 0.707106787839667
vn -0.690689041670149 0.151488098671651 0.707106783787017
vn -0.704887820875218 0.0559746186729413 0.707106782633433
vn -0.705941259107212 -0.0405827164216635 0.707106768329906
vn -0.693829669227466 -0.136383238123961 0.707106782924989
vn -0.668778967633208 -0.229640353762102 0.70710678145205
vn -0.631256297975035 -0.318614937811239 0.707106786610335
vn -0.581961451797859 -0.401647715957902 0.707106767671706
vn -0.52181363393343 -0.477190258748548 0.707106772981763
vn -0.451934605936809 -0.543833732725244 0.7071067692413
vn -0.373627544103568 -0.600335301019818 0.70710677032297
vn -0.288352727663069 -0.64564132639615 0.707106768528408
vn -0.191242535862198 -0.680754202237155 0.707106787277177
vn -0.982048498086358 -0.188628596470229 -2.87833669857631E-17
vn -0.996774922182567 -0.080248081023393 0
vn -0.999305588337751 -0.0372604497683656 2.4341037146984E-15
vn -0.996199131120823 0.0871050581431206 1.329160461382E-17
vn -0.992243296886804 0.124311060582738 0
vn -0.968768349208266 0.247967509106113 0
vn -0.960602506386812 0.277925933880549 2.34529655022689E-15
vn -0.917831056492969 0.396971222807145 -2.24087074991828E-15
vn -0.908227739094595 0.418476252539042 0
vn -0.849940732950491 0.526878307080091 0
vn -0.840836217930438 0.541289621752013 0
vn -0.769239311326359 0.638960782763816 1.87808614354603E-15
vn -0.761855753408372 0.647746718246076 0
vn -0.677886071686812 0.735166970023152 0
vn -0.677886071686812 0.735166970023152 0
vn -0.761855753408372 0.647746718246076 0
vn -0.840836217930438 0.541289621752013 0
vn -0.908227739094595 0.418476252539042 0
vn -0.936583936452994 0.350443333476632 0
vn -0.960602506386812 0.277925933880549 -2.04882994127685E-15
vn -0.979392486224941 0.201966229667558 -2.69228467509728E-17
vn -0.992243296886804 0.124311060582738 0
vn -0.999004920604619 0.0446000964994386 0
vn -0.999305588337751 -0.0372604497683656 4.96695644771242E-18
vn -0.993566753797102 -0.113247983421729 0
vn -0.982048437998658 -0.188628909301825 -2.09457120616529E-15
vn -1 0 0
vn -1 0 0
vn -1 0 0
vn -1 0 0
vn -1 0 0
vn 0 0.707106781186547 0.707106781186547
vn 0 0.707106781186547 0.707106781186547
vn 0 0.707106781186547 0.707106781186547
vn 0 0.707106781186547 0.707106781186547
vn 0 0.707106781186547 0.707106781186547
vn 1 0 0
vn 1 0 0
vn 1 0 0
vn 1 0 0
vn 0 1 0
vn 0 1 0
vn 0 1 0
vn 0 1 0
vn 0.707106781186547 3.71639862429611E-15 0.707106781186547
vn 0.707106781186547 3.71639862429611E-15 0.707106781186547
vn 0.707106781186547 3.71639862429611E-15 0.707106781186547
vn 0.707106781186547 3.71639862429611E-15 0.707106781186547
vn 0.707106781186547 3.71639862429611E-15 0.707106781186547
vn 0.707106781186547 3.71639862429611E-15 0.707106781186547
vn 0.707106781186547 3.71639862429611E-15 0.707106781186547
vn 0.707106781186547 3.71639862429611E-15 0.707106781186547
vn 0.707106781186547 3.71639862429611E-15 0.707106781186547
vn 0.707106781186547 3.71639862429611E-15 0.707106781186547
vn 0.707106781186547 3.71639862429611E-15 0.707106781186547
vn 0.707106781186547 3.71639862429611E-15 0.707106781186547
vn 0.707106781186547 3.71639862429611E-15 0.707106781186547
vn 0.707106781186547 3.71639862429611E-15 0.707106781186547
vn 0.707106781186547 3.71639862429611E-15 0.707106781186547
vn 1 5.25578099243957E-15 0
vn 1 5.25578099243957E-15 0
vn 1 5.25578099243957E-15 0
vn 1 5.25578099243957E-15 0
vn 0.217391285728395 -0.672860334932231 0.707106780171313
vn 0.209744709378223 -0.675283023236282 0.707106777945673
vn 0.202318755359525 -0.677544943358279 0.707106760651741
vn 0.21058257435951 -0.675022201254485 0.707106786270412
vn 0.279754459294675 -0.649413167122782 0.707106767661222
vn 0.339857933947572 -0.620077904466891 0.707106765011365
vn 0.421322504265464 -0.567879689650665 0.707106785062725
vn 0.494898951736854 -0.505049533471401 0.707106778577383
vn 0.559209768150824 -0.432763728728534 0.707106774328798
vn 0.613050932368446 -0.352375623526753 0.707106762990082
vn 0.655414405987708 -0.265390218722588 0.707106772864011
vn 0.685507055988829 -0.173436149168342 0.707106765878524
vn 0.70276546882374 -0.0782349486677336 0.707106773150919
vn 0.706866554931747 0.0184309834538492 0.707106761647665
vn 0.697733478341263 0.11475184830931 0.707106785790802
vn 0.675537297970238 0.208924296543143 0.707106779323338
vn 0.640693546732963 0.299185217076626 0.707106770620639
vn 0.593854557920442 0.383844710787294 0.707106782627444
vn 0.535897312783547 0.461317776114344 0.707106766756117
vn 0.467906838155161 0.53015393637376 0.707106777336384
vn 0.391156087200953 0.589064434052047 0.707106786829671
vn 0.307082031871508 0.636946330229807 0.707106779849018
vn 0.217258727608634 0.672903139158774 0.707106788673497
vn 0.123367840603916 0.696261715494813 0.707106780791237
vn 0.0271672294139892 0.706584703240663 0.707106780332555
vn -0.0706480829496291 0.703568650805088 0.707106782586513
vn -0.131827607036731 0.694709654859229 0.707106765254258
vn -0.198927925588949 0.678548222113568 0.70710677460154
vn -0.0912884783364273 0.70118928842048 0.707106778023943
vn 0.0185599439932089 0.706863169037723 0.707106773222345
vn 0.127959252950931 0.695432552162874 0.707106777634377
vn 0.23426224494118 0.667174047046725 0.70710677520613
vn 0.334896623987296 0.62277144174869 0.707106768871696
vn 0.427427259419137 0.563299175586527 0.70710676470317
vn 0.509615126742583 0.490196320772703 0.707106773900552
vn 0.579471467467506 0.40523183243837 0.707106767305826
vn 0.635305883217714 0.310461670999588 0.707106770996505
vn 0.675767354005017 0.208179039244039 0.707106760595943
vn 0.699876777555188 0.100858933110675 0.707106761282016
vn 0.707050750044698 -0.00890172936587612 0.707106778411526
vn 0.697115719789858 -0.118446990927695 0.707106769563156
vn 0.670312051930742 -0.225126104221144 0.707106774281373
vn 0.627288350842493 -0.326357667526801 0.707106779591153
vn 0.569085711662314 -0.419692124811844 0.707106762202651
vn 0.497112454666394 -0.502870978626925 0.70710677147822
vn 0.413110221018057 -0.573881499453489 0.707106759885258
vn 0.31911164958388 -0.631005355400727 0.707106778750888
vn 0 0 1
vn 0 0 1
vn 0 0 1
vn 0 0 1
vn 0 0 1
vn 0 0 1
vn 0 0 1
vn 0 0 1
vn 0 0 1
vn 0 0 1
vn 0 0 1
vn 0 0 1
vn 0 0 1
vn 0 0 1
vn 0 0 1
vn 0 0 1
vn 0 0 1
vn 0 0 1
vn 0 0 1
vn 0 0 1
vn 0 0 1
vn 0 0 1
vn 0 0 1
vn 0 0 1
vn 0 0 1
vn 0 0 1
vn 0 0 1
vn 0 0 1
vn 0 0 1
vn 0 0 1
vn 0 0 1
vn 0 0 1
vn 0 0 1
vn 0 0 1
vn 0 0 1
vn 0 0 1
vn 0 0 1
vn 0 0 1
vn 0 0 1
vn 0 0 1
vn 0 0 1
vn 0 0 1
vn 0 0 1
vn 0 0 1
vn 0 0 1
vn 0 0 1
vn 0 0 1
vn 0 0 1
vn 0 0 1
vn 0 0 1
vn 0 0 1
vn 0 0 1
vn 0 0 1
vn 0 0 1
vn 0 0 1
vn 0 0 1
vn 0 0 1
vn 0 0 1
vn 0 0 1
vn 0 0 1
vn 0 0 1
vn 0 0 1
vn 0 0 1
vn 0 0 1
vn 0 0 1
vn 0 0 1
vn 0 0 1
vn 0 0 1
vn 0 0 1
vn 0 0 1
vn 0 0 1
vn 0 0 1
vn 0 0 1
vn 0 0 1
vn 0 0 1
vn 0 0 1
vn 0 0 1
vn 0 0 1
vn 0 0 1
vn 0 0 1
vn 0 0 1
vn 0 0 1
vn 0 0 1
vn 0 0 1
vn 0 0 1
vn 0 0 1
vn 0 0 1
vn 0 0 1
vn 0 0 1
vn 0 0 1
vn 0 0 1
vn 0 0 1
vn 0 0 1
vn 0 0 1
vn 0 0 1
vn 0 0 1
vn 0 0 1
vn 0 0 1
vn 0 0 1
vn 0 0 1
vn 0 0 1
vn 0 0 1
vn 0 0 1
vn 0 0 1
vn 0 0 1
vn 0 0 1
vn 0 0 1
vn 0 0 1
vn 0 0 1
vn 0 0 1
vn 0 0 1
vn 0 0 1
vn 0 0 1
vn 0 0 1
vn 0 0 1
vn 0 0 1
vn 0 0 1
vn 0 0 1
vn 0 0 1
vn 0 0 1
vn 0 0 1
vn 0 0 1
vn 0.694413123523288 -0.133380785201891 0.707106767056827
vn 0.702657634442999 -0.0789567747450384 0.707133704811778
vn 0.706703601298654 -0.0238755065282552 0.707106767114792
vn 0.706300081730919 0.0332436786000114 0.707131566527783
vn 0.70145137195943 0.0889107002570877 0.707149814506111
vn 0.692449928501765 0.143107116464544 0.707130433325496
vn 0.67943473272122 0.195878629534503 0.707106785757094
vn 0.661562040269807 0.249671107126453 0.707106784821289
vn 0.658241931761026 0.258297445013381 0.70710677352934
vn 0.631961658094896 0.317148603274495 0.707135931868115
vn 0.602196524391064 0.370527750313608 0.707155239151107
vn 0.569657634858934 0.418872513581743 0.707132234035925
vn 0.534688887097184 0.462717858442066 0.707106765272093
vn 0.531827876267023 0.466003336654575 0.707106781364817
vn 0.485641780876812 0.513957265596573 0.707106773979215
vn 0.482076763433091 0.517302631608963 0.707106768096811
vn 0.479911951888462 0.519311843871649 0.707106588322606
vn 0.479783354202969 0.519430575604039 0.707106646947548
vn 0.479642275572476 0.519560758173788 0.707106714753534
vn 0.479347046185222 0.519833083578149 0.707106763177341
vn 0.479337821212962 0.519841562346903 0.70710678345745
vn 0.479337821212962 0.519841562346903 0.70710678345745
vn 0.479337821212962 0.519841562346903 0.70710678345745
vn 0.479337821212962 0.519841562346903 0.70710678345745
vn 0.479337821212962 0.519841562346903 0.70710678345745
vn 0.479337821212962 0.519841562346903 0.70710678345745
vn 0.479337821212962 0.519841562346903 0.70710678345745
vn 0.479337821212962 0.519841562346903 0.70710678345745
vn 0.479337821212962 0.519841562346903 0.70710678345745
vn 0.479337821212962 0.519841562346903 0.70710678345745
vn 0.481977079266534 0.517395500585243 0.707106774847934
vn 0.485542697146702 0.514050854410019 0.707106787075217
vn 0.531743119414958 0.466100046028875 0.707106782633805
vn 0.534599781042237 0.462820798163719 0.707106769092681
vn 0.599126032129596 0.37547337457012 0.707154680825611
vn 0.630430339363987 0.320177852394949 0.70713770232195
vn 0.658207230388749 0.25838589380459 0.7071067612085
vn 0.661529061767406 0.249758525772564 0.707106766507754
vn 0.679411584601046 0.195958985292554 0.707106763362513
vn 0.701450938833607 0.0889142447189092 0.707149798483685
vn 0.706704551176652 -0.0238474866292481 0.707106763316315
vn 0.694413123523288 -0.133380785201891 0.707106767056827
vn 0.694413123523288 -0.133380785201891 0.707106767056827
vn 0.694413123523288 -0.133380785201891 0.707106767056827
vn 0.694413123523288 -0.133380785201891 0.707106767056827
vn 0.694413123523288 -0.133380785201891 0.707106767056827
vn 0.694413123523288 -0.133380785201891 0.707106767056827
vn -0.564740781455291 0.425520691640516 0.707106774643719
vn -0.564740781455291 0.425520691640516 0.707106774643719
vn -0.564740781455291 0.425520691640516 0.707106774643719
vn -0.564740781455291 0.425520691640516 0.707106774643719
vn -0.564740781455291 0.425520691640516 0.707106774643719
vn -0.564740781455291 0.425520691640516 0.707106774643719
vn -0.57802759455274 0.407286486897065 0.707108066370778
vn -0.591976879480304 0.38672751087221 0.707110462725129
vn -0.615605176017189 0.347884983119336 0.707111240032928
vn -0.616980013184239 0.345441190682382 0.707111057126894
vn -0.639591622128477 0.301533454891319 0.707106874867137
vn -0.647304771710245 0.28459671068472 0.70710766138445
vn -0.659642778593436 0.254688361075447 0.707110488807961
vn -0.673017563873794 0.216903284977846 0.707107010065098
vn -0.676924587990815 0.204384521161603 0.707106830459873
vn -0.69062925321652 0.151752131255073 0.707108566813566
vn -0.692003133384181 0.14535781793055 0.707108738563556
vn -0.699985928322568 0.10008501360697 0.707108683443843
vn -0.703288735398754 0.073372014017086 0.707107843415909
vn -0.705393973169622 0.0491826573725289 0.707107070272778
vn -0.707106400017042 0.000484946408845173 0.70710699606348
vn -0.707105866590694 -0.000992616044638437 0.707106999078931
vn -0.705307139859561 -0.0504141161779303 0.70710696174845
vn -0.703311281575273 -0.0731657984719358 0.707106786237349
vn -0.700064950403453 -0.099557123119994 0.7071049741394
vn -0.691715179116788 -0.146774857863478 0.707097766987412
vn -0.69143595468207 -0.148085121959523 0.70709767163181
vn -0.679390718153947 -0.196056273581801 0.707099844205528
vn -0.673024424820366 -0.216893049946568 0.707103619337429
vn -0.66373116792028 -0.243846137076845 0.707106779888216
vn -0.647525603410292 -0.284094510212199 0.707107419134765
vn -0.644397759988379 -0.291119526915721 0.707107451502476
vn -0.620983304278897 -0.338200629675526 0.707106830609025
vn -0.615275669363229 -0.348476522519962 0.707106755689709
vn -0.593718948764556 -0.384057195795713 0.707105282285066
vn -0.577052892441276 -0.408672870046011 0.707104267144184
vn -0.564588306633748 -0.425727246909496 0.707104203955328
vn -0.534496725066793 -0.462940901917353 0.707106054439375
vn -0.533800483593001 -0.463743448989864 0.707106114550612
vn -0.501488446602806 -0.498506366623536 0.707107304699722
vn -0.487709232114664 -0.511994489370212 0.707107734199436
vn -0.467785494498865 -0.530260011784811 0.707107524382554
vn -0.436514154607369 -0.556287270352384 0.707106686201812
vn -0.432234281304381 -0.559619419013935 0.707106520920144
vn -0.394556261019454 -0.586795519080249 0.70710421839902
vn -0.381918342399367 -0.595099034228142 0.707103612775138
vn -0.355250545868528 -0.611393227854382 0.707103507694533
vn -0.325626796791271 -0.627670002144255 0.707105054160758
vn -0.314050759299609 -0.633540382751602 0.707105864780015
vn -0.270747606986155 -0.653218996667668 0.707107258981094
vn -0.267321532147872 -0.654628408630181 0.707107378737085
vn -0.225208536291392 -0.670283736289394 0.70710736670425
vn -0.20679917542912 -0.676190840411012 0.707106815400676
vn -0.178576390334367 -0.684184176059025 0.707108539084051
vn -0.144523550195898 -0.692173142977962 0.707113345637588
vn -0.132719727470019 -0.694531868954799 0.70711452887523
vn -0.0878497422199358 -0.701621163277033 0.707113969621358
vn -0.0825636831761481 -0.702263413035556 0.707113383363687
vn -0.0204469678379971 -0.706811087879754 0.707106786529779
vn -0.000193281942908882 -0.707106410350573 0.70710712560631
vn 0.0419960580926876 -0.705858230860879 0.707107126983335
vn 0.0435734982701126 -0.705762617358328 0.707107119316463
vn 0.0884910886968079 -0.70154350246646 0.707111053066169
vn 0.105010057217102 -0.699256196443519 0.707116439929524
vn 0.133600193893502 -0.694352287943199 0.707125086826696
vn 0.166821419149165 -0.687125022881401 0.707127864705736
vn 0.178903790712484 -0.684080311832279 0.707126269227891
vn 0.224610542261529 -0.670479252871968 0.707112208757019
vn 0.227699948499287 -0.669437403043188 0.707111233725087
vn 0.270287003793421 -0.653410128722013 0.707106879660958
vn 0.287856995541743 -0.645858584673007 0.707110344091967
vn 0.314055739463839 -0.63352167330106 0.707120415465178
vn 0.345817948517677 -0.616746238199842 0.707130839484016
vn 0.355375049570444 -0.611287590525216 0.707132276036584
vn 0.394612168660937 -0.586730845785038 0.707126686633369
vn 0.401371065001884 -0.582131211630391 0.707124119674182
vn 0.432015065298838 -0.55978322537094 0.707110828617515
vn 0.45481696897755 -0.541425468595284 0.707106771772447
vn 0.467529565553233 -0.530486763042567 0.707106710171969
vn 0.501397900374535 -0.498596690727464 0.7071078315898
vn 0.504529340786687 -0.4954271753794 0.70710823653875
vn 0.533832063726526 -0.463697663651265 0.707112299752902
vn 0.550022905732668 -0.444371704833928 0.707112855994276
vn 0.564738148730202 -0.425516183864106 0.707111589947805
vn 0.591340487306226 -0.387705985056339 0.707107132776872
vn 0.594068410483735 -0.383513452217988 0.707106891235809
vn 0.62110984509888 -0.337973416855425 0.707104327394702
vn 0.627522693951166 -0.325912200595496 0.707104310607192
vn 0.644273353370716 -0.291396802433215 0.707106604175176
vn 0.657152532574853 -0.261055022098198 0.707107364102345
vn 0.663584632104418 -0.244241261016898 0.707107942574343
vn 0.679289392811737 -0.196379361291776 0.707107535861481
vn 0.680356662086222 -0.192649761348937 0.707107404718047
vn 0.691552361027601 -0.147503991229796 0.707105299462839
vn 0.69678092980575 -0.120431193909119 0.707101593402715
vn 0.700129629361071 -0.0991381855489224 0.707099796532849
vn 0.705254814574764 -0.0511968002362655 0.707102916246768
vn 0.705490667620108 -0.0478300427775175 0.70710339053694
vn 0.707103611104308 -0.00206055562322407 0.70710694896442
vn 0.706653654622609 0.0252773333357789 0.707107961225118
vn 0.705446660567795 0.0484037064049588 0.707108259250314
vn 0.700086416607594 0.0993932786150092 0.707106770896515
vn 0.699909861405289 0.100629068271153 0.707106764588282
vn 0.690433558370314 0.152531250553191 0.707132037939724
vn 0.686019525643152 0.171266805563318 0.707138523733845
vn 0.676994316467214 0.204062817291572 0.707132987542029
vn 0.664955035249399 0.240475689936965 0.707111196097057
vn 0.660032762894211 0.253685986307867 0.707106902990799
vn 0.639777671411376 0.301137184333405 0.707107436939526
vn 0.636904245319872 0.307164790978418 0.707108742328016
vn 0.616937349477526 0.345497464869533 0.707120787834985
vn 0.602915181826253 0.369420417791565 0.707122223128451
vn 0.591891236908733 0.386844282451046 0.707118282047343
vn 0.564740781455291 0.425520691640516 0.707106774643719
vn 0.564740781455291 0.425520691640516 0.707106774643719
vn 0.564740781455291 0.425520691640516 0.707106774643719
vn 0.564740781455291 0.425520691640516 0.707106774643719
vn 0.564740781455291 0.425520691640516 0.707106774643719
vn 0.564740781455291 0.425520691640516 0.707106774643719
vn 0.564740781455291 0.425520691640516 0.707106774643719
vn 0.602935744170057 0.369386859604379 0.707122221651755
vn 0.636892866879441 0.307188367532161 0.707108749041485
vn 0.664983286144374 0.240397562529825 0.707111194281598
vn 0.686026348280289 0.171239602959701 0.707138492689668
vn 0.693941020067905 0.135734771209605 0.707122289672579
vn 0.700086490547603 0.0993926548014573 0.707106785375631
vn 0.704369417238749 0.0621455341497912 0.707107952609771
vn 0.706653381002021 0.0252842986391269 0.707107985643452
vn 0.705491906759015 -0.0478119481909394 0.707103377949587
vn 0.702090854912842 -0.0841332370610441 0.707099731204436
vn 0.696784032345864 -0.120413223643935 0.707101596547139
vn 0.689507839925322 -0.15677893113147 0.707106290054607
vn 0.680353680474571 -0.192660296078962 0.707107403284304
vn 0.657156470109995 -0.261045099366258 0.707107368006749
vn 0.627527588985485 -0.325902757130452 0.707104319005926
vn 0.591330839285487 -0.387720682802081 0.707107142261631
vn 0.550018376775098 -0.444377308474873 0.707112857274081
vn 0.504549246502043 -0.495406907605969 0.70710823340597
vn 0.454817054567539 -0.541425404446813 0.707106765838168
vn 0.401310473872515 -0.582172990123834 0.707124114374904
vn 0.345838218547016 -0.616734861649266 0.707130848583688
vn 0.287903851977194 -0.645837679559834 0.707110361738154
vn 0.227650535693628 -0.669454209919198 0.707111231999511
vn 0.166804469120773 -0.68712916646805 0.707127836865627
vn 0.105061703949109 -0.699248443222023 0.707116435260055
vn 0.0419921203376995 -0.705858467209541 0.707107124909756
vn -0.020446884054006 -0.706811089091116 0.707106787741648
vn -0.0825859161965706 -0.702260794580673 0.707113387541839
vn -0.144492451039457 -0.692179637814259 0.707113343522756
vn -0.206801845354339 -0.676190014504293 0.707106824350271
vn -0.267316694539037 -0.654630411599129 0.707107353257112
vn -0.325627456015955 -0.627669651404703 0.707105061920841
vn -0.381896345637257 -0.595113156402443 0.707103607872022
vn -0.436505990298567 -0.556293687976337 0.707106677348725
vn -0.48770749798908 -0.511996152431001 0.707107726093473
vn -0.53450028992099 -0.462936809104298 0.70710603932558
vn -0.577043132247732 -0.408686619517793 0.707104285486126
vn -0.615273362143369 -0.348480555666526 0.707106775642225
vn -0.6475242316555 -0.284097639083981 0.707107418208763
vn -0.673020665244338 -0.216904731012177 0.707103614627025
vn -0.691711143831458 -0.146793786122106 0.707097785214544
vn -0.69842922815888 -0.110461242699973 0.70710319410576
vn -0.703311520527881 -0.0731634962980284 0.707106786774253
vn -0.706180277604526 -0.0361801983523422 0.70710707023023
vn -0.707106401714591 0.000479970440873262 0.707106997761031
vn -0.703286000020118 0.073398166226624 0.707107849885908
vn -0.698580255064086 0.109465172812963 0.707108904749208
vn -0.692006821790655 0.145340292677612 0.707108731327498
vn -0.683506129279936 0.181158437823402 0.707107482383085
vn -0.673015589457753 0.216909436752234 0.707107002224318
vn -0.647312930809275 0.28457817067833 0.707107654024818
vn -0.615600695653351 0.347892934679399 0.707111228528628
vn -0.578036118684253 0.40727438762471 0.707108067187301
vn 0.798664070942458 0.601777119692682 0
vn 0.838768310894506 0.544488494496604 0
vn 0.854792119799664 0.518970550155206 0
vn 0.874915186578679 0.484276177706477 -7.52985241426712E-16
vn 0.90074995614561 0.434338021020129 0
vn 0.90480128405548 0.425834047924253 7.78706324787981E-16
vn 0.934892078883668 0.354932107367838 0
vn 0.9415945506435 0.33674872263821 3.62273447506635E-17
vn 0.95786447076044 0.287220569693089 0
vn 0.96995652278767 0.243278326000596 -8.34781467497355E-16
vn 0.975929822618438 0.218084803055932 0
vn 0.98982212396771 0.142310094174842 -1.53096850331619E-17
vn 0.990071378848556 0.14056551776634 0
vn 0.99719448361619 0.0748542707227903 0
vn 0.999120433022798 0.0419328071602358 0
vn 0.999996845021166 0.00251196093016346 0
vn 0.997719727997397 -0.0674932912577173 0
vn 0.997386033868992 -0.0722571757203474 0
vn 0.990014722457632 -0.140964000074979 -1.51648707703881E-17
vn 0.98499659818457 -0.172573756883324 0
vn 0.977227117627665 -0.212196042783851 0
vn 0.962187333805041 -0.272388572934229 0
vn 0.960678380646314 -0.277663553529765 0
vn 0.936771259506832 -0.349942291473871 -3.76467063373461E-17
vn 0.927649780157354 -0.373451315935575 0
vn 0.909621827106349 -0.415437277638522 0
vn 0.886614418530052 -0.462509321911049 0
vn 0.877945554029768 -0.478760487257839 0
vn 0.84175065822022 -0.539866492186564 0
vn 0.838088522486465 -0.545534259672528 0
vn 0.80184352783648 -0.597534063352666 0
vn 0.781400571836404 -0.624029763980646 0
vn 0.758615373509308 -0.651538728760872 0
vn 0.713386722369482 -0.700770564697838 0
vn 0.708967805329557 -0.705240846098829 -6.10164630839768E-16
vn 0.662615911388479 -0.748959380724225 0
vn 0.643727618790469 -0.765254697996917 0
vn 0.610075402054143 -0.792343362317421 -1.7048020032283E-16
vn 0.565277977253218 -0.824900483957011 -4.8649971186592E-16
vn 0.555455373943475 -0.831546347209411 0
vn 0.498931853454915 -0.866641220810575 0
vn 0.485310157853713 -0.874342067319195 -4.17676358808785E-16
vn 0.440520704359098 -0.897742451391803 3.79128850714385E-16
vn 0.404199811765806 -0.914670712425235 3.47869710634839E-16
vn 0.380192810505834 -0.924907253101453 0
vn 0.322512353184476 -0.94656525503708 2.77566392495733E-16
vn 0.318338248005642 -0.947977193742918 0
vn 0.255868023646377 -0.966711722529161 0
vn 0.239143256273767 -0.97098429594859 -2.05815774650365E-16
vn 0.192747648833503 -0.981248359931958 -1.65885946763234E-16
vn 0.152382923040612 -0.988321529040827 -1.31146532922046E-16
vn 0.128896089220603 -0.991658105489808 0
vn 0.0616347925307414 -0.998098768834875 0
vn 0.0594037178902692 -0.998234039842768 0
vn -0.000279130448995547 -0.999999961043096 0
vn -0.030363694388189 -0.999538916732661 0
vn -0.116635302586603 -0.99317481149621 0
vn -0.124130350865605 -0.99226592000027 0
vn -0.192229877829088 -0.981349924374488 0
vn -0.208771168731482 -0.977964518326964 0
vn -0.255883215529606 -0.966707701433183 0
vn -0.294241464132096 -0.955731113224531 0
vn -0.319112082632841 -0.947716982393864 0
vn -0.376007578159157 -0.926616588005463 1.99370362187148E-16
vn -0.380696564008767 -0.924700019547917 0
vn -0.440582133821103 -0.897712305450718 -3.79181716781621E-16
vn -0.456812398040211 -0.889563057347118 0
vn -0.498821790587554 -0.866704575524455 0
vn -0.537136438784239 -0.843495374101237 -4.62280039304766E-16
vn -0.555428884023157 -0.831564041305773 0
vn -0.61035799505939 -0.792125695749786 1.70433364112298E-16
vn -0.616626714841894 -0.787255672919093 0
vn -0.66289615762127 -0.748711349059807 0
vn -0.692184727199113 -0.72172037759252 -5.95720478856255E-16
vn -0.712253874651984 -0.701921945833891 0
vn -0.754782595536186 -0.655975025039565 0
vn -0.755765047459016 -0.654842876604207 0
vn -0.801606369333394 -0.597852179593028 0
vn -0.818773268678464 -0.574117004187808 5.81140675271102E-16
vn -0.84142338995212 -0.540376423284254 -1.16267130148062E-16
vn -0.870148798269637 -0.492789071378319 0
vn -0.877716678392493 -0.479179958336791 0
vn -0.909576767445226 -0.415535923987198 -7.82816303694053E-16
vn -0.913924803676661 -0.405883546383166 0
vn -0.93678803239477 -0.349897388332544 0
vn -0.950077488339502 -0.312014048001853 8.17672785839402E-16
vn -0.959327244227997 -0.282296366398715 7.95264112787714E-16
vn -0.977850064920411 -0.209306594581128 8.19057766104554E-16
vn -0.978246749799533 -0.207444683004049 0
vn -0.989969716326255 -0.141279725215309 0
vn -0.994760861973146 -0.102229288789683 0
vn -0.997642223225137 -0.0686293992280648 0
vn -0.999999073940892 -0.00136092518489217 0
vn -0.999999733398199 0.00073020786782988 0
vn -0.997153516920796 0.0753980350704668 0
vn -0.993993680401164 0.109437485911134 0
vn -0.989183775422863 0.146681486357926 -1.57799573258423E-17
vn -0.977967009553829 0.208759498524834 0
vn -0.976081415004948 0.217405315670842 0
vn -0.957782850387162 0.287492628608533 0
vn -0.952600784882724 0.304223182286983 -3.27282515430288E-17
vn -0.93459998924779 0.355700520238629 -8.0435227505291E-16
vn -0.917689803630988 0.397297652033987 0
vn -0.906973054998061 0.42118864836019 0
vn -0.872546440303771 0.488531175579633 0
vn -0.870602432044209 0.491987200360648 0
vn -0.838934670420185 0.544232136837743 0
vn -0.818426488210178 0.574611245448569 0
vn -0.798664070942458 0.601777119692682 0
vn -0.798664070942458 0.601777119692682 0
vn -0.838934670420185 0.544232136837743 0
vn -0.875051265519602 0.484030249790798 0
vn -0.906973054998061 0.42118864836019 0
vn -0.93459998924779 0.355700520238629 0
vn -0.957782850387162 0.287492628608533 0
vn -0.976081415004948 0.217405315670842 0
vn -0.989183775422863 0.146681486357926 0
vn -0.997153516920796 0.0753980350704668 0
vn -0.999993487850213 0.00360891357150897 0
vn -0.997642223225137 -0.0686293992280648 0
vn -0.989969716326255 -0.141279725215309 0
vn -0.977106940995707 -0.212748738792998 0
vn -0.959327244227997 -0.282296366398715 0
vn -0.93678803239477 -0.349897388332544 0
vn -0.909576767445226 -0.415535923987198 0
vn -0.877716678392493 -0.479179958336791 0
vn -0.84142338995212 -0.540376423284254 0
vn -0.801606369333394 -0.597852179593028 0
vn -0.758508014777476 -0.651663710450668 0
vn -0.712253874651984 -0.701921945833891 0
vn -0.66289615762127 -0.748711349059807 0
vn -0.61035799505939 -0.792125695749786 0
vn -0.555428884023157 -0.831564041305773 0
vn -0.498821790587554 -0.866704575524455 0
vn -0.440582133821103 -0.897712305450718 0
vn -0.380696564008767 -0.924700019547917 0
vn -0.319112082632841 -0.947716982393864 0
vn -0.255883215529606 -0.966707701433183 0
vn -0.192229877829088 -0.981349924374488 0
vn -0.128449377811445 -0.991716066896091 0
vn -0.0644909208925292 -0.997918293810888 0
vn -0.000279130448995547 -0.999999961043096 0
vn 0.0642664051092486 -0.997932777883528 0
vn 0.128896089220603 -0.991658105489808 0
vn 0.192747648833503 -0.981248359931958 0
vn 0.255868023646377 -0.966711722529161 0
vn 0.318338248005642 -0.947977193742918 0
vn 0.380192810505834 -0.924907253101453 0
vn 0.440520704359098 -0.897742451391803 0
vn 0.498931853454915 -0.866641220810575 0
vn 0.555455373943475 -0.831546347209411 0
vn 0.610075402054143 -0.792343362317421 0
vn 0.662615911388479 -0.748959380724225 0
vn 0.712189436400473 -0.701987326580457 0
vn 0.758615373509308 -0.651538728760872 0
vn 0.80184352783648 -0.597534063352666 0
vn 0.84175065822022 -0.539866492186564 0
vn 0.877945554029768 -0.478760487257839 0
vn 0.909621827106349 -0.415437277638522 0
vn 0.936771259506832 -0.349942291473871 0
vn 0.959340795661442 -0.282250310504119 0
vn 0.977227117627665 -0.212196042783851 0
vn 0.990014722457632 -0.140964000074979 0
vn 0.997588220438859 -0.0694099592395159 0
vn 0.999996845021166 0.00251196093016346 0
vn 0.99719448361619 0.0748542707227903 0
vn 0.989060690168735 0.147509156200371 0
vn 0.975929822618438 0.218084803055932 0
vn 0.95786447076044 0.287220569693089 0
vn 0.934892078883668 0.354932107367838 0
vn 0.907002525649731 0.421125181466283 0
vn 0.874915186578679 0.484276177706477 0
vn 0.838768310894506 0.544488494496604 0
vn 0.798664070942458 0.601777119692682 0
vn -0.407792319565947 -0.913074708938444 0
vn -0.528389110704517 -0.849002324901935 0
vn -0.639132063084509 -0.769097006844611 0
vn -0.737955924759801 -0.674848911321569 0
vn -0.823017720171561 -0.568015697215848 0
vn -0.89273123067213 -0.450589558004427 0
vn -0.945796291097773 -0.324760489816259 0
vn -0.981223333552396 -0.192875010543937 0
vn -0.998351684739135 -0.0573926265170957 0
vn -0.996861918421527 0.0791600631692138 0
vn -0.976781817590964 0.214236506748247 0
vn -0.938485851873711 0.345317688271069 0
vn -0.882688207356535 0.469959071189935 0
vn -0.810429409126201 0.58583630207026 0
vn -0.723057036697397 0.690788333487458 0
vn -0.622200481112985 0.782857944522996 0
vn -0.509740641542791 0.860328122497193 0
vn -0.387774681840402 0.921754195066979 0
vn -0.258577168397515 0.965990604500646 0
vn -0.124557470274987 0.992212394902773 0
vn 0.0117850628805025 0.999930553735059 0
vn -0.0384203042821866 0.999261667542023 0
vn -0.0384202633644823 0.999261669115254 0
vn -0.174468470770872 0.98466276090186 0
vn -0.307250235757905 0.95162875777622 0
vn -0.434279596247663 0.900778126001607 0
vn -0.553178236829687 0.833062925773317 0
vn -0.661720157969293 0.74975091366206 0
vn -0.757873223338612 0.652401852653977 0
vn -0.839837179100575 0.542838385341704 0
vn -0.90607748794994 0.423111788810388 0
vn -0.955354011744014 0.295463554850032 0
vn -0.986744155822205 0.162283612699263 0
vn -0.999660241163135 0.026065345531247 0
vn -1 1.22464685258517E-16 0
vn -0.993860445995513 -0.110640923195716 0
vn -0.969453353092202 -0.245275755382155 0
vn -0.926895920128639 -0.375318469101752 0
vn -0.866984914329231 -0.49833438404904 0
vn -0.79084199624063 -0.612020373012317 0
vn -0.699892760316096 -0.714247942984168 0
vn -0.595839964728917 -0.803103191645907 0
vn -0.480631710381739 -0.876922550157951 0
vn -0.480631710381739 -0.876922550157951 0
vn -0.998351684739135 -0.0573926265170957 0
vn -1 1.22464685258517E-16 0
vn 0.0384202633644823 0.999261669115254 0
vn 0.174468470770872 0.98466276090186 0
vn 0.307250235757905 0.95162875777622 0
vn 0.434279596247663 0.900778126001607 0
vn 0.553178236829687 0.833062925773317 0
vn 0.661720157969293 0.74975091366206 0
vn 0.757873223338612 0.652401852653977 0
vn 0.839837179100575 0.542838385341704 0
vn 0.90607748794994 0.423111788810388 0
vn 0.955354011744014 0.295463554850032 0
vn 0.986744155822205 0.162283612699263 0
vn 0.999660241163135 0.026065345531247 0
vn 0.993860445995513 -0.110640923195716 0
vn 0.969453353092202 -0.245275755382155 0
vn 0.926895920128639 -0.375318469101752 0
vn 0.866984914329231 -0.49833438404904 0
vn 0.79084199624063 -0.612020373012317 0
vn 0.699892760316096 -0.714247942984168 0
vn 0.595839964728917 -0.803103191645907 0
vn 0.480631710381739 -0.876922550157951 0
vn 0.480631710381739 -0.876922550157951 0
vn 0.595839964728917 -0.803103191645907 0
vn 0.699892760316096 -0.714247942984168 0
vn 0.79084199624063 -0.612020373012317 0
vn 0.866984914329231 -0.49833438404904 0
vn 0.926895920128639 -0.375318469101752 0
vn 0.969453353092202 -0.245275755382155 0
vn 0.993860445995513 -0.110640923195716 0
vn 0.999660241163135 0.026065345531247 0
vn 0.986744155822205 0.162283612699263 0
vn 0.955354011744014 0.295463554850032 0
vn 0.90607748794994 0.423111788810388 0
vn 0.839837179100575 0.542838385341704 0
vn 0.757873223338612 0.652401852653977 0
vn 0.661720157969293 0.74975091366206 0
vn 0.553178236829687 0.833062925773317 0
vn 0.434279596247663 0.900778126001607 0
vn 0.307250235757905 0.95162875777622 0
vn 0.174468470770872 0.98466276090186 0
vn 0.0384202633644823 0.999261669115254 0
vn 0.993860445995513 -0.110640923195716 0
vn 0.993860445995513 -0.110640923195716 0
vn 0 0 1
vn 0 0 1
vn 0 0 1
vn 0 0 1
vn 0 0 1
vn 0 0 1
vn 0 0 1
vn 0 0 1
vn 0 0 1
vn 0 0 1
vn 0 0 1
vn 0 0 1
vn 0 0 1
vn 0 0 1
vn 0 0 1
vn 0 0 1
vn 0 0 1
vn 0 0 1
vn 0 0 1
vn 0 0 1
vn 0 0 1
vn 0 0 1
vn 0 0 1
vn 0 0 1
vn 0 0 1
vn 0 0 1
vn 0 0 1
vn 0 0 1
vn 0 0 1
vn 0 0 1
vn 0 0 1
vn 0 0 1
vn 0 0 1
vn 0 0 1
vn 0 0 1
vn 0 0 1
vn 0 0 1
vn 0 0 1
vn 0 0 1
vn 0 0 1
vn 0 0 1
vn 0 0 1
vn 0 0 1
vn 0 0 1
vn 0 0 1
vn 0 0 1
vn 0 0 1
vn 0 0 1
vn 0 0 1
vn 0 0 1
vn 0 0 1
vn 0 0 1
vn 0 0 1
vn 0 0 1
vn 0 0 1
vn 0 0 1
vn 0 0 1
vn 0 0 1
vn 0 0 1
vn 0 0 1
vn 0 0 1
vn 0 0 1
vn 0 0 1
vn 0 0 1
vn 0 0 1
vn 0 0 1
vn 0 0 1
vn 0 0 1
vn 0 0 1
vn 0 0 1
vn 0 0 1
vn 0 0 1
vn 0 0 1
vn 0 0 1
vn 0 0 1
vn 0 0 1
vn 0 0 1
vn 0 0 1
vn 0 0 1
vn 0 0 1
vn 0 0 1
vn 0 0 1
vn 0 0 1
vn 0 0 1
vn 0 0 1
vn 0 0 1
vn 0 0 1
vn 0 0 1
vn 0 0 1
vn 0 0 1
vn 0 0 1
vn 0 0 1
vn 0 0 1
vn 0 0 1
vn 0 0 1
vn 0 0 1
vn 0 0 1
vn 0 0 1
vn 0 0 1
vn 0 0 1
vn 0 0 1
vn 0 0 1
vn 0 0 1
vn 0 0 1
vn 0 0 1
vn 0 0 1
vn 0 0 1
vn 0 0 1
vn 0 0 1
vn 0 0 1
vn 0 0 1
vn 0 0 1
vn 0 0 1
vn 0 0 1
vn 0 0 1
vn 0 0 1
vn 0 0 1
vn 0 0 1
vn 0 0 1
vn 0 0 1
vn 0 0 1
vn 0 0 1
vn 0 0 1
vn 0 0 1
vn 0 0 1
vn 0 0 1
vn 0 0 1
vn 0 0 1
vn 0 0 1
vn 0 0 1
vn 0 0 1
vn 0 0 1
vn 0 0 1
vn 0 0 1
vn 0 0 1
vn 0 0 1
vn 0 0 1
vn 0 0 1
vn 0 0 1
vn 0 0 1
vn 0 0 1
vn 0 0 1
vn 0 0 1
vn 0 0 1
vn 0 0 1
vn 0.681216586017374 0.732081937309502 0
vn 0.681759480633623 0.731576387376036 -1.78515286344134E-15
vn 0.686800855124489 0.726845640697027 -1.79835348411238E-15
vn 0.75099772685416 0.660304788911821 0
vn 0.755188762868653 0.655507385493797 0
vn 0.805594751903116 0.592466957480463 -2.10940937237788E-15
vn 0.85170239145526 0.524025797446453 0
vn 0.893801099963185 0.44846359239586 0
vn 0.93089463943276 0.365287791029692 5.9780483515936E-17
vn 0.935608553342218 0.353039140766121 0
vn 0.960891216679191 0.276926108752469 0
vn 0.979410237692846 0.201880128547719 0
vn 0.99216605601874 0.124926047260844 -2.59793690595486E-15
vn 0.998922213660133 0.0464156337491999 0
vn 0.999424410442591 -0.0339241479108873 0
vn 0.993763926118585 -0.111504525223757 1.82480609620389E-17
vn 0.982048437998658 -0.188628909301825 0
vn 0.982048437998658 -0.188628909301825 0
vn 0.993767249733975 -0.111474900117342 0
vn 0.999431135651071 -0.0337254368572159 0
vn 0.998890079419989 0.047102114987849 0
vn 0.992074143577652 0.125653864423937 0
vn 0.979341773032107 0.202211996662733 0
vn 0.960833050848794 0.277127855685057 0
vn 0.922155712373145 0.386818875105104 0
vn 0.873995779358245 0.485933511567141 0
vn 0.818231775426408 0.574888477604611 0
vn 0.756038254461121 0.654527430892993 0
vn 0.681618501645782 0.731707740982804 0
vn 0.677886071686812 0.735166970023152 -1.55496795042936E-15
vn 0.822353404473657 0.568977045363506 0
vn 0.822353404473657 0.568977045363506 0
vn 0.872799176752048 0.48807949870994 0
vn 0.917197073242886 0.398433844991466 0
vn 0.953693545675349 0.300780020841114 0
vn 0.980505505959726 0.19649160995488 0
vn 0.996158728917712 0.0875658997615451 0
vn 0.999723625667189 -0.0235089830246019 0
vn 0.990981099684678 -0.134001716659703 0
vn 0.970463531873964 -0.241247866939195 0
vn 0.93935644936138 -0.342942358193298 0
vn 0.899294956479295 -0.43734263598568 0
vn 0.852119027315106 -0.523348032658534 0
vn 0.79965108468153 -0.600464938832945 0
vn 0.743535227071552 -0.668696766930763 0
vn 0.685148286282809 -0.728403614628408 0
vn 0.625572309545621 -0.780166190968153 0
vn 0.565608500443605 -0.824673889623005 0
vn 0.565608500443605 -0.824673889623005 0
vn 0.625572309545621 -0.780166190968153 0
vn 0.685148286282809 -0.728403614628408 0
vn 0.743535227071552 -0.668696766930763 0
vn 0.79965108468153 -0.600464938832945 0
vn 0.852119027315106 -0.523348032658534 0
vn 0.899294956479295 -0.43734263598568 0
vn 0.93935644936138 -0.342942358193298 0
vn 0.970463531873964 -0.241247866939195 0
vn 0.990981099684678 -0.134001716659703 0
vn 0.999723625667189 -0.0235089830246019 0
vn 0.996158728917712 0.0875658997615451 0
vn 0.980505505959726 0.19649160995488 0
vn 0.953693545675349 0.300780020841114 0
vn 0.917197073242886 0.398433844991466 0
vn 0.872799176752048 0.48807949870994 0
vn 0.999723625667189 -0.0235089830246019 0
vn 0.999723625667189 -0.0235089830246019 0
vn 1 5.91187492569086E-15 0
vn 1 5.91187492569086E-15 0
vn 1 5.91187492569086E-15 0
vn 1 5.91187492569086E-15 0
vn 0 1 0
vn 0 1 0
vn 0 1 0
vn 0 1 0
vn -1 0 0
vn -1 0 0
vn -1 0 0
vn -1 0 0
vn -0.600827210801645 0.799378923139906 0
vn -0.707111936969395 0.707101625366107 0
vn -0.712448721070649 0.701724176471637 3.95488494939624E-15
vn -0.766670527993756 0.642040731967822 4.25587640210563E-15
vn -0.818799479770343 0.574079621592524 4.54524985732333E-15
vn -0.86654116356811 0.499105611911974 4.81026970495439E-15
vn -0.908959348717059 0.416884759111989 0
vn -0.944890230213541 0.327387313204104 5.24519451280664E-15
vn -0.972919148580362 0.231145690692394 5.48098069646253E-15
vn -0.991460942769813 0.130403983689124 5.50371401868652E-15
vn -0.999660088773426 0.0260711893381531 0
vn -0.996807171542514 -0.0798464949851434 5.53339145743412E-15
vn -0.983237004717135 -0.182332094143836 0
vn -0.959889457473127 -0.280378724998789 0
vn -0.927897291384911 -0.37283591114664 0
vn -0.855078292095739 -0.518498904903988 -1.79890437903598E-16
vn -0.842292732646571 -0.539020363744053 0
vn -0.842292732646571 -0.539020363744053 0
vn -0.888391479847947 -0.459086678671442 0
vn -0.927897291384911 -0.37283591114664 0
vn -0.959889457473127 -0.280378724998789 0
vn -0.983237004717135 -0.182332094143836 0
vn -0.996807171542514 -0.0798464949851434 0
vn -0.999660088773426 0.0260711893381531 0
vn -0.991460942769813 0.130403983689124 0
vn -0.972919148580362 0.231145690692394 0
vn -0.944890230213541 0.327387313204104 0
vn -0.908959348717059 0.416884759111989 0
vn -0.86654116356811 0.499105611911974 0
vn -0.818799479770343 0.574079621592524 0
vn -0.766670527993756 0.642040731967822 0
vn -0.712448721070649 0.701724176471637 0
vn -0.657237242395378 0.753683758089903 0
vn -0.600827210801645 0.799378923139906 0
vn -1 0 0
vn -1 0 0
vn -1 0 0
vn -1 0 0
vn 0.368297932913721 0.929707821098371 0
vn 0.223028034048218 0.974812031126302 0
vn 0.0725977865619249 0.997361299322522 0
vn -0.0795122064599413 0.996833892393247 0
vn -0.229782483017449 0.973242010241202 0
vn -0.374736095637308 0.927131521752176 0
vn -0.511019172058759 0.859569314126778 0
vn -0.635478430729434 0.772118620470751 0
vn -0.74523413323127 0.666802884417155 0
vn -0.837746865405536 0.546058778432504 0
vn -0.910875999197614 0.412680159549436 0
vn -0.962929540019923 0.269753036974598 0
vn -0.992703070881289 0.120584464434102 0
vn -0.999507709525747 -0.0313741708830015 0
vn -0.983186009204273 -0.18260687639017 0
vn -0.944115614423629 -0.329614481783634 0
vn -0.883200531829256 -0.468995544303483 0
vn -0.801850195077594 -0.597525116337401 0
vn -0.701946862038198 -0.71222931902213 0
vn -0.585802086450461 -0.810454141522077 0
vn -0.456103149333829 -0.889926916756518 0
vn -0.315851033769392 -0.948808792363776 0
vn -0.315851033769392 -0.948808792363776 0
vn -0.456103149333829 -0.889926916756518 0
vn -0.585802086450461 -0.810454141522077 0
vn -0.701946862038198 -0.71222931902213 0
vn -0.801850195077594 -0.597525116337401 0
vn -0.883200531829256 -0.468995544303483 0
vn -0.944115614423629 -0.329614481783634 0
vn -0.983186009204273 -0.18260687639017 0
vn -0.999507709525747 -0.0313741708830015 0
vn -0.992703070881289 0.120584464434102 0
vn -0.962929540019923 0.269753036974598 0
vn -0.910875999197614 0.412680159549436 0
vn -0.837746865405536 0.546058778432504 0
vn -0.74523413323127 0.666802884417155 0
vn -0.635478430729434 0.772118620470751 0
vn -0.511019172058759 0.859569314126778 0
vn -0.374736095637308 0.927131521752176 0
vn -0.229782483017449 0.973242010241202 0
vn -0.0795122064599413 0.996833892393247 0
vn 0.0725977865619249 0.997361299322522 0
vn 0.223028034048218 0.974812031126302 0
vn 0.368297932913721 0.929707821098371 0
vn -0.999507709525747 -0.0313741708830015 0
vn -0.999507709525747 -0.0313741708830015 0
vn 0.842292732646571 -0.539020363744053 0
vn 0.900205788407392 -0.435464738547022 -5.14822812212175E-15
vn 0.946848451864432 -0.321679979485712 1.11605166982614E-16
vn 0.983250156710135 -0.182261156941065 -5.5213695310122E-15
vn 0.999431135651071 -0.0337254368572159 -1.17008618760463E-17
vn 0.992061240591427 0.125755695362867 -5.5070460233651E-15
vn 0.960833050848794 0.277127855685057 0
vn 0.922278351858953 0.386526379038137 0
vn 0.874029059130884 0.485873650031345 0
vn 0.818091453490035 0.575088144310559 -4.54132014397095E-15
vn 0.756038254461121 0.654527430892993 0
vn 0.681618501645782 0.731707740982804 -3.78374270651379E-15
vn 0.600827210801645 0.799378923139906 0
vn 0.600827210801645 0.799378923139906 0
vn 0.681618501645782 0.731707740982804 0
vn 0.756038254461121 0.654527430892993 0
vn 0.818091453490035 0.575088144310559 0
vn 0.874029059130884 0.485873650031345 0
vn 0.922278351858953 0.386526379038137 0
vn 0.960833050848794 0.277127855685057 0
vn 0.992061240591427 0.125755695362867 0
vn 0.999431135651071 -0.0337254368572159 0
vn 0.983250156710135 -0.182261156941065 0
vn 0.946848451864432 -0.321679979485712 -3.57844653888099E-15
vn 0.900205788407392 -0.435464738547022 0
vn 0.842292732646571 -0.539020363744053 0
vn 1 0 0
vn 1 0 0
vn 1 0 0
vn 1 0 0
vn 0.315851033769392 -0.948808792363776 0
vn 0.456103149333829 -0.889926916756518 0
vn 0.585802086450461 -0.810454141522077 0
vn 0.701946862038198 -0.71222931902213 0
vn 0.801850195077594 -0.597525116337401 0
vn 0.883200531829256 -0.468995544303483 0
vn 0.944115614423629 -0.329614481783634 0
vn 0.983186009204273 -0.18260687639017 0
vn 0.999507709525747 -0.0313741708830015 0
vn 0.992703070881289 0.120584464434102 0
vn 0.962929540019923 0.269753036974598 0
vn 0.910875999197614 0.412680159549436 0
vn 0.837746865405536 0.546058778432504 0
vn 0.74523413323127 0.666802884417155 0
vn 0.635478430729434 0.772118620470751 0
vn 0.511019172058759 0.859569314126778 0
vn 0.374736095637308 0.927131521752176 0
vn 0.229782483017449 0.973242010241202 0
vn 0.0795122064599413 0.996833892393247 0
vn -0.0725977865619249 0.997361299322522 0
vn -0.223028034048218 0.974812031126302 0
vn -0.368297932913721 0.929707821098371 0
vn -0.368297932913721 0.929707821098371 0
vn -0.223028034048218 0.974812031126302 0
vn -0.0725977865619249 0.997361299322522 0
vn 0.0795122064599413 0.996833892393247 0
vn 0.229782483017449 0.973242010241202 0
vn 0.374736095637308 0.927131521752176 0
vn 0.511019172058759 0.859569314126778 0
vn 0.635478430729434 0.772118620470751 0
vn 0.74523413323127 0.666802884417155 0
vn 0.837746865405536 0.546058778432504 0
vn 0.910875999197614 0.412680159549436 0
vn 0.962929540019923 0.269753036974598 0
vn 0.992703070881289 0.120584464434102 0
vn 0.999507709525747 -0.0313741708830015 0
vn 0.983186009204273 -0.18260687639017 0
vn 0.944115614423629 -0.329614481783634 0
vn 0.883200531829256 -0.468995544303483 0
vn 0.801850195077594 -0.597525116337401 0
vn 0.701946862038198 -0.71222931902213 0
vn 0.585802086450461 -0.810454141522077 0
vn 0.456103149333829 -0.889926916756518 0
vn 0.315851033769392 -0.948808792363776 0
vn 0.992703070881289 0.120584464434102 0
vn 0.992703070881289 0.120584464434102 0
vn 1 0 0
vn 1 0 0
vn 1 0 0
vn 1 0 0
vn 1 0 0
vn 1 0 0
vn 1 0 0
vn -0.770489869022935 0.637452242707656 4.27707803032287E-15
vn -0.814012773969157 0.580846971081918 4.5186785670582E-15
vn -0.853349541220944 0.521339199080602 0
vn -0.888455600969626 0.458962574842111 4.93191905807051E-15
vn -0.919230855833813 0.393718978058001 0
vn -0.945507187327355 0.325601226521513 2.25931220037872E-16
vn -0.967000011268637 0.254776329760943 0
vn -0.983133178443302 0.18289109722447 5.45748526961488E-15
vn -0.993890458705534 0.110370992992282 0
vn -0.999303369480103 0.0373199108481249 2.58958890504681E-17
vn -0.999345598805791 -0.0361714548711429 -2.50989890802756E-17
vn -0.993931670295041 -0.109999249017938 5.44110174189888E-15
vn -0.982979869736302 -0.183713297540498 5.32915763276142E-15
vn -0.966812728708566 -0.255486100614292 5.18960950200149E-15
vn -0.945627459395402 -0.325251761005837 0
vn -0.919551444632635 -0.392969643451036 4.83185843219604E-15
vn -0.888647186834209 -0.458591514674712 4.93298259973055E-15
vn -0.852953456000537 -0.521986974834372 4.73484314656435E-15
vn -0.813343756008279 -0.581783408634473 3.70757794962307E-15
vn -0.770259441082447 -0.637730658995909 0
vn -0.723864459603702 -0.689942203465364 0
vn -0.674244871057684 -0.738507856324093 0
vn -0.621376081764944 -0.78351245364094 3.44933004552002E-15
vn -0.565633995756395 -0.824656402900417 3.13989937505783E-15
vn -0.508149320033338 -0.86126898733767 0
vn -0.448976808556211 -0.893543409901656 0
vn -0.388105119620571 -0.921615112790747 0
vn -0.325478400472134 -0.94554947560987 1.80676805125932E-15
vn -0.261072399077752 -0.965319223075863 0
vn -0.196115266858922 -0.980580849346373 0
vn -0.131057798598076 -0.991374729063953 7.27516914566462E-16
vn -0.0658255208018268 -0.997831148447055 3.65405030775762E-16
vn -0.000317392146119401 -0.999999949631111 1.76188024534953E-18
vn 0.065571911059093 -0.997847846357378 -1.38479202460984E-15
vn 0.131519453477953 -0.991313589817501 -7.30079623877979E-16
vn 0.196642817047514 -0.980475192191836 0
vn 0.261014587184824 -0.965334856553277 -1.44892199580833E-15
vn 0.324706462568621 -0.945814840846861 0
vn 0.387716079898032 -0.921778846247029 -2.15225648210445E-15
vn 0.449041426585851 -0.893510938494736 -1.23999556716122E-15
vn 0.508325200333915 -0.861165193621691 0
vn 0.565637772755466 -0.824653812234101 0
vn 0.620995577353375 -0.783814067816819 0
vn 0.674055625549059 -0.738680589744761 -3.7417603635785E-15
vn 0.723879351913169 -0.68992657861092 -4.01833751184456E-15
vn 0.770412819525067 -0.637545361140238 0
vn 0.813603673895453 -0.581419867070108 0
vn 0.853318928084107 -0.521389304621212 0
vn 0.888795859409625 -0.458303306006302 -5.56983162893568E-15
vn 0.919584506802736 -0.392892268756167 -5.37734331483471E-15
vn 0.945640342568333 -0.325214302433405 -2.25662763160846E-16
vn 0.966860216685485 -0.255306328536716 -5.36715217226812E-15
vn 0.983071741979873 -0.18322104169734 -1.27135145201927E-16
vn 0.993888699208383 -0.110386836107702 -7.6596251518802E-17
vn 0.999312111172701 -0.0370850975940397 0
vn 0.999329521555886 0.0366129396099711 2.54053308633631E-17
vn 0.993862032053413 0.110626675095385 7.67626784176362E-17
vn 0.982976448403409 0.183731602845619 0
vn 0.966948165660325 0.254973027840461 0
vn 0.945788840929069 0.324782186047892 0
vn 0.919501497674212 0.393086499100238 -5.10425873565057E-15
vn 0.888432242820866 0.459007788513752 0
vn 0.853169491248414 0.521633797987555 0
vn 0.813823154425519 0.581112616728374 0
vn 0.770489869022935 0.637452242707656 -4.27707803032287E-15
vn 0.770489869022935 0.637452242707656 0
vn 0.813823154425519 0.581112616728374 0
vn 0.853169491248414 0.521633797987555 0
vn 0.888432242820866 0.459007788513752 0
vn 0.919501497674212 0.393086499100238 0
vn 0.945788840929069 0.324782186047892 -3.34987992419319E-15
vn 0.966948165660325 0.254973027840461 0
vn 0.982976448403409 0.183731602845619 0
vn 0.993862032053413 0.110626675095385 0
vn 0.999329521555886 0.0366129396099711 0
vn 0.999312111172701 -0.0370850975940397 0
vn 0.993888699208383 -0.110386836107702 0
vn 0.983071741979873 -0.18322104169734 0
vn 0.966860216685485 -0.255306328536716 -3.69620437918662E-15
vn 0.945640342568333 -0.325214302433405 0
vn 0.919584506802736 -0.392892268756167 0
vn 0.888795859409625 -0.458303306006302 0
vn 0.853318928084107 -0.521389304621212 0
vn 0.813603673895453 -0.581419867070108 0
vn 0.770412819525067 -0.637545361140238 0
vn 0.723879351913169 -0.68992657861092 0
vn 0.674055625549059 -0.738680589744761 0
vn 0.620995577353375 -0.783814067816819 0
vn 0.565637772755466 -0.824653812234101 0
vn 0.508325200333915 -0.861165193621691 0
vn 0.449041426585851 -0.893510938494736 0
vn 0.387716079898032 -0.921778846247029 0
vn 0.324706462568621 -0.945814840846861 0
vn 0.261014587184824 -0.965334856553277 0
vn 0.196642817047514 -0.980475192191836 0
vn 0.131519453477953 -0.991313589817501 0
vn 0.065571911059093 -0.997847846357378 0
vn -0.000317392146119401 -0.999999949631111 0
vn -0.0658255208018268 -0.997831148447055 0
vn -0.131057798598076 -0.991374729063953 0
vn -0.196115266858922 -0.980580849346373 0
vn -0.261072399077752 -0.965319223075863 0
vn -0.325478400472134 -0.94554947560987 0
vn -0.388105119620571 -0.921615112790747 0
vn -0.448976808556211 -0.893543409901656 0
vn -0.508149320033338 -0.86126898733767 0
vn -0.565633995756395 -0.824656402900417 0
vn -0.621376081764944 -0.78351245364094 2.29955336368001E-15
vn -0.674244871057684 -0.738507856324093 0
vn -0.723864459603702 -0.689942203465364 0
vn -0.770259441082447 -0.637730658995909 0
vn -0.813343756008279 -0.581783408634473 0
vn -0.852953456000537 -0.521986974834372 0
vn -0.888647186834209 -0.458591514674712 0
vn -0.919551444632635 -0.392969643451036 0
vn -0.945627459395402 -0.325251761005837 0
vn -0.966812728708566 -0.255486100614292 3.45973973858707E-15
vn -0.982979869736302 -0.183713297540498 3.55277161400213E-15
vn -0.993931670295041 -0.109999249017938 0
vn -0.999345598805791 -0.0361714548711429 0
vn -0.999303369480103 0.0373199108481249 0
vn -0.993890458705534 0.110370992992282 0
vn -0.983133178443302 0.18289109722447 0
vn -0.967000011268637 0.254776329760943 0
vn -0.945507187327355 0.325601226521513 0
vn -0.919230855833813 0.393718978058001 0
vn -0.888455600969626 0.458962574842111 0
vn -0.853349541220944 0.521339199080602 0
vn -0.814012773969157 0.580846971081918 0
vn -0.770489869022935 0.637452242707656 0
vn -1 0 0
vn -1 0 0
vn -1 0 0
vn -1 0 0
vn -1 0 0
vn -1 0 0
vn -1 0 0
vn -1 0 0
vn 1 0 0
vn 1 0 0
vn 1 0 0
vn 1 0 0
vn -0.53648777215438 -0.843908093532009 0
vn -0.390193822069691 -0.920732741472055 0
vn -0.233246052788447 -0.972417749148281 0
vn -0.0699297636393338 -0.997551917524771 0
vn 0.0952958970463458 -0.995448990157774 0
vn 0.257919610428157 -0.966166380369648 0
vn 0.413501084043593 -0.910503626294137 0
vn 0.557792354369661 -0.829980535558968 0
vn 0.686853718710618 -0.726795685934772 0
vn 0.797161249897202 -0.603766462849942 0
vn 0.885703143686063 -0.46425202343622 0
vn 0.950061840435708 -0.312061691573821 0
vn 0.988480104908591 -0.1513508579424 0
vn 0.99990897237698 0.0134924779048524 0
vn 0.984036381321172 0.177967413411367 0
vn 0.941295723311495 0.337583117580678 0
vn 0.872853977736075 0.487981488942267 0
vn 0.780579878948401 0.625056039552375 0
vn 0.666992864573024 0.745064103690865 0
vn 0.535194344828709 0.844728958461452 0
vn 0.38878289656907 0.921329397846049 0
vn 0.231756123385868 0.972773919918269 0
vn 0.231756123385868 0.972773919918269 0
vn 0.38878289656907 0.921329397846049 0
vn 0.535194344828709 0.844728958461452 0
vn 0.666992864573024 0.745064103690865 0
vn 0.780579878948401 0.625056039552375 0
vn 0.872853977736075 0.487981488942267 0
vn 0.941295723311495 0.337583117580678 0
vn 0.984036381321172 0.177967413411367 0
vn 0.99990897237698 0.0134924779048524 0
vn 0.988480104908591 -0.1513508579424 0
vn 0.950061840435708 -0.312061691573821 0
vn 0.885703143686063 -0.46425202343622 0
vn 0.797161249897202 -0.603766462849942 0
vn 0.686853718710618 -0.726795685934772 0
vn 0.557792354369661 -0.829980535558968 0
vn 0.413501084043593 -0.910503626294137 0
vn 0.257919610428157 -0.966166380369648 0
vn 0.0952958970463458 -0.995448990157774 0
vn -0.0699297636393338 -0.997551917524771 0
vn -0.233246052788447 -0.972417749148281 0
vn -0.390193822069691 -0.920732741472055 0
vn -0.53648777215438 -0.843908093532009 0
vn 0.99990897237698 0.0134924779048524 0
vn 0.99990897237698 0.0134924779048524 0
vn 1 0 0
vn 1 0 0
vn 1 0 0
vn 1 0 0
vn 0.759813567169865 -0.650141017891199 0
vn 0.821855492918818 -0.56969601434376 0
vn 0.875942105433927 -0.482416239287173 0
vn 0.921180890079949 -0.389134639619133 0
vn 0.956766633943655 -0.29085667977911 0
vn 0.982025586207327 -0.188747842462254 0
vn 0.996456744876111 -0.0841068106095123 0
vn 0.999765077274426 0.0216746456132558 0
vn 0.991882027234975 0.127161488070233 0
vn 0.972970380261875 0.230929944210495 0
vn 0.943412772098398 0.331620779568494 0
vn 0.903785521990988 0.427985665927583 0
vn 0.854821460599779 0.518922220085112 0
vn 0.79736691637538 0.603494822405311 0
vn 0.73233746727017 0.680941872726529 0
vn 0.660677667886498 0.750669713759692 0
vn 0.583327117384011 0.81223732623197 0
vn 0.501195557571899 0.865334047099843 0
vn 0.415146645337228 0.909754506922195 0
vn 0.325990520752643 0.94537303768376 0
vn 0.234483915587579 0.972119999450025 0
vn 0.141335935697576 0.989961692834875 0
vn 0.0472187778416297 0.998884571419112 0
vn -0.0472187778416297 0.998884571419112 0
vn -0.141335935697576 0.989961692834875 0
vn -0.234483915587579 0.972119999450025 0
vn -0.325990520752643 0.94537303768376 0
vn -0.415146645337228 0.909754506922195 0
vn -0.501195557571899 0.865334047099843 0
vn -0.583327117384011 0.81223732623197 0
vn -0.660677667886498 0.750669713759692 0
vn -0.73233746727017 0.680941872726529 0
vn -0.79736691637538 0.603494822405311 0
vn -0.854821460599779 0.518922220085112 0
vn -0.903785521990988 0.427985665927583 0
vn -0.943412772098398 0.331620779568494 0
vn -0.972970380261875 0.230929944210495 0
vn -0.991882027234975 0.127161488070233 0
vn -0.999765077274426 0.0216746456132558 0
vn -0.996456744876111 -0.0841068106095123 0
vn -0.982025586207327 -0.188747842462254 0
vn -0.956766633943655 -0.29085667977911 0
vn -0.921180890079949 -0.389134639619133 0
vn -0.875942105433927 -0.482416239287173 0
vn -0.821855492918818 -0.56969601434376 0
vn -0.759813567169865 -0.650141017891199 0
vn -0.759813567169865 -0.650141017891199 0
vn -0.821855492918818 -0.56969601434376 0
vn -0.875942105433927 -0.482416239287173 0
vn -0.921180890079949 -0.389134639619133 0
vn -0.956766633943655 -0.29085667977911 0
vn -0.982025586207327 -0.188747842462254 0
vn -0.996456744876111 -0.0841068106095123 0
vn -0.999765077274426 0.0216746456132558 0
vn -0.991882027234975 0.127161488070233 0
vn -0.972970380261875 0.230929944210495 0
vn -0.943412772098398 0.331620779568494 0
vn -0.903785521990988 0.427985665927583 0
vn -0.854821460599779 0.518922220085112 0
vn -0.79736691637538 0.603494822405311 0
vn -0.73233746727017 0.680941872726529 0
vn -0.660677667886498 0.750669713759692 0
vn -0.583327117384011 0.81223732623197 0
vn -0.501195557571899 0.865334047099843 0
vn -0.415146645337228 0.909754506922195 0
vn -0.325990520752643 0.94537303768376 0
vn -0.234483915587579 0.972119999450025 0
vn -0.141335935697576 0.989961692834875 0
vn -0.0472187778416297 0.998884571419112 0
vn 0.0472187778416297 0.998884571419112 0
vn 0.141335935697576 0.989961692834875 0
vn 0.234483915587579 0.972119999450025 0
vn 0.325990520752643 0.94537303768376 0
vn 0.415146645337228 0.909754506922195 0
vn 0.501195557571899 0.865334047099843 0
vn 0.583327117384011 0.81223732623197 0
vn 0.660677667886498 0.750669713759692 0
vn 0.73233746727017 0.680941872726529 0
vn 0.79736691637538 0.603494822405311 0
vn 0.854821460599779 0.518922220085112 0
vn 0.903785521990988 0.427985665927583 0
vn 0.943412772098398 0.331620779568494 0
vn 0.972970380261875 0.230929944210495 0
vn 0.991882027234975 0.127161488070233 0
vn 0.999765077274426 0.0216746456132558 0
vn 0.996456744876111 -0.0841068106095123 0
vn 0.982025586207327 -0.188747842462254 0
vn 0.956766633943655 -0.29085667977911 0
vn 0.921180890079949 -0.389134639619133 0
vn 0.875942105433927 -0.482416239287173 0
vn 0.821855492918818 -0.56969601434376 0
vn 0.759813567169865 -0.650141017891199 0
vn -0.996456744876111 -0.0841068106095123 0
vn -0.996456744876111 -0.0841068106095123 0
vn -1 0 0
vn -1 0 0
vn -1 0 0
vn -1 0 0
vn -0.231756123385868 0.972773919918269 0
vn -0.38878289656907 0.921329397846049 0
vn -0.535194344828709 0.844728958461452 0
vn -0.666992864573024 0.745064103690865 0
vn -0.780579878948401 0.625056039552375 0
vn -0.872853977736075 0.487981488942267 0
vn -0.941295723311495 0.337583117580678 0
vn -0.984036381321172 0.177967413411367 0
vn -0.99990897237698 0.0134924779048524 0
vn -0.988480104908591 -0.1513508579424 0
vn -0.950061840435708 -0.312061691573821 0
vn -0.885703143686063 -0.46425202343622 0
vn -0.797161249897202 -0.603766462849942 0
vn -0.686853718710618 -0.726795685934772 0
vn -0.557792354369661 -0.829980535558968 0
vn -0.413501084043593 -0.910503626294137 0
vn -0.257919610428157 -0.966166380369648 0
vn -0.0952958970463458 -0.995448990157774 0
vn 0.0699297636393338 -0.997551917524771 0
vn 0.233246052788447 -0.972417749148281 0
vn 0.390193822069691 -0.920732741472055 0
vn 0.53648777215438 -0.843908093532009 0
vn 0.53648777215438 -0.843908093532009 0
vn 0.390193822069691 -0.920732741472055 0
vn 0.233246052788447 -0.972417749148281 0
vn 0.0699297636393338 -0.997551917524771 0
vn -0.0952958970463458 -0.995448990157774 0
vn -0.257919610428157 -0.966166380369648 0
vn -0.413501084043593 -0.910503626294137 0
vn -0.557792354369661 -0.829980535558968 0
vn -0.686853718710618 -0.726795685934772 0
vn -0.797161249897202 -0.603766462849942 0
vn -0.885703143686063 -0.46425202343622 0
vn -0.950061840435708 -0.312061691573821 0
vn -0.988480104908591 -0.1513508579424 0
vn -0.99990897237698 0.0134924779048524 0
vn -0.984036381321172 0.177967413411367 0
vn -0.941295723311495 0.337583117580678 0
vn -0.872853977736075 0.487981488942267 0
vn -0.780579878948401 0.625056039552375 0
vn -0.666992864573024 0.745064103690865 0
vn -0.535194344828709 0.844728958461452 0
vn -0.38878289656907 0.921329397846049 0
vn -0.231756123385868 0.972773919918269 0
vn -0.988480104908591 -0.1513508579424 0
vn -0.988480104908591 -0.1513508579424 0
vn -1 0 0
vn -1 0 0
vn -1 0 0
vn -1 0 0
vn -0.822353404473657 0.568977045363506 0
vn -0.872799176752048 0.48807949870994 0
vn -0.917197073242886 0.398433844991466 0
vn -0.953693545675349 0.300780020841114 0
vn -0.980505505959726 0.19649160995488 0
vn -0.996158728917712 0.0875658997615451 0
vn -0.999723625667189 -0.0235089830246019 0
vn -0.990981099684678 -0.134001716659703 0
vn -0.970463531873964 -0.241247866939195 0
vn -0.93935644936138 -0.342942358193298 0
vn -0.899294956479295 -0.43734263598568 0
vn -0.852119027315106 -0.523348032658534 0
vn -0.79965108468153 -0.600464938832945 0
vn -0.743535227071552 -0.668696766930763 0
vn -0.685148286282809 -0.728403614628408 0
vn -0.625572309545621 -0.780166190968153 0
vn -0.565608500443605 -0.824673889623005 0
vn -0.565608500443605 -0.824673889623005 0
vn -0.625572309545621 -0.780166190968153 0
vn -0.685148286282809 -0.728403614628408 0
vn -0.743535227071552 -0.668696766930763 0
vn -0.79965108468153 -0.600464938832945 0
vn -0.852119027315106 -0.523348032658534 0
vn -0.899294956479295 -0.43734263598568 0
vn -0.93935644936138 -0.342942358193298 0
vn -0.970463531873964 -0.241247866939195 0
vn -0.990981099684678 -0.134001716659703 0
vn -0.999723625667189 -0.0235089830246019 0
vn -0.996158728917712 0.0875658997615451 0
vn -0.980505505959726 0.19649160995488 0
vn -0.953693545675349 0.300780020841114 0
vn -0.917197073242886 0.398433844991466 0
vn -0.872799176752048 0.48807949870994 0
vn -0.822353404473657 0.568977045363506 0
vn -0.999723625667189 -0.0235089830246019 0
vn -0.999723625667189 -0.0235089830246019 0
vn -1 -6.16790588059152E-15 0
vn -1 -6.16790588059152E-15 0
vn -1 -6.16790588059152E-15 0
vn -1 -6.16790588059152E-15 0
vn 0 -1 0
vn 0 -1 0
vn 0 -1 0
vn 0 -1 0
vn 0 0 1
vn 0 0 1
vn 0 0 1
vn 0 0 1
vn 0 0 1
vn 0 0 1
vn 0 0 1
vn 0 0 1
vn 0 0 1
vn 0 0 1
vn 0 0 1
vn 0 0 1
vn 0 0 1
vn 0 0 1
vn 0 0 1
vn 0 0 1
vn 0 0 1
vn 0 0 1
vn 0 0 1
vn 0 0 1
vn 0 0 1
vn 0 0 1
vn 0 0 1
vn 0 0 1
vn 0 0 1
vn 0 0 1
vn 0 0 1
vn 0 0 1
vn 0 0 1
vn 0 0 1
vn 0 0 1
vn 0 0 1
vn 0 0 1
vn 0 0 1
vn 0 0 1
vn 0 0 1
vn 0 0 1
vn 0 0 1
vn 0 0 1
vn 0 0 1
vn 0 0 1
vn 0 0 1
vn 0 0 1
vn 0 0 1
vn 0 0 1
vn 0 0 1
vn 0 0 1
vn 0 0 1
vn 0 0 1
vn 0 0 1
vn 0 0 1
vn 0 0 1
vn 0 0 1
vn 0 0 1
vn 0 0 1
vn 0 0 1
vn 0 0 1
vn 0 0 1
vn 0 0 1
vn 0 0 1
vn 0 0 1
vn 0 0 1
vn 0 0 1
vn 0 0 1
vn 0 0 1
vn 0 0 1
vn 0 0 1
vn 0 0 1
vn 0 0 1
vn 0 0 1
vn 0 0 1
vn 0 0 1
vn 0 0 1
vn 0 0 1
vn 0 0 1
vn 0 0 1
vn 0 0 1
vn 0 0 1
vn 0 0 1
vn 0 0 1
vn 0 0 1
vn 0 0 1
vn 0 0 1
vn 0 0 1
vn 0 0 1
vn 0 0 1
vn 0 0 1
vn 0 0 1
vn 0 0 1
vn 0 0 1
vn 0 0 1
vn 0 0 1
vn 0 0 1
vn 0 0 1
vn 0 0 1
vn 0 0 1
vn 0 0 1
vn 0 0 1
vn 0 0 1
vn 0 0 1
vn 0 0 1
vn 0 0 1
vn 0 0 1
vn 0 0 1
vn 0 0 1
vn 0 0 1
vn 0 0 1
vn 0 0 1
vn 0 0 1
vn 0 0 1
vn 0 0 1
vn 0 0 1
vn 0 0 1
vn 0 0 1
vn 0 0 1
vn 0 0 1
vn 0 0 1
vn 0 0 1
vn 0 0 1
vn 0 0 1
vn 0 0 1
vn 0 0 1
vn 0 0 1
vn 0 0 1
vn 0 0 1
vn 0 0 1
vn 0 0 1
vn 0 0 1
vn 0 0 1
vn 0 0 1
vn 0 0 1
vn 0 0 1
vn 0 0 1
vn 0 0 1
vn 0 0 1
vn 0 0 1
vn 0 0 1
vn 0 0 1
vn 0 0 1
vn 0 0 1
vn 0 0 1
vn 0 0 1
vn 0 0 1
vn 0 0 1
vn 0 0 1
vn 0 0 1
vn 0 0 1
vn 0 0 1
vn 0 0 1
vn 0 0 1
vn 0 0 1
vn 0 0 1
vn 0 0 1
vn 0 0 1
vn 0 0 1
vn 0 0 1
vn 0 0 1
vn 0 0 1
vn 0 0 1
vn 0 0 1
vn 0 0 1
vn 0 0 1
vn 0 0 1
vn 0 0 1
vn 0 0 1
vn 0 0 1
vn 0 0 1
vn 0 0 1
vn 0 0 1
vn 0 0 1
vn 0 0 1
vn 0 0 1
vn 0 0 1
vn 0 0 1
vn 0 0 1
vn 0 0 1
vn 0 0 1
vn 0 0 1
vn 0 0 1
vn 0 0 1
vn 0 0 1
vn 0 0 1
vn 0 0 1
vn 0 0 1
vn 0 0 1
vn 0 0 1
vn 0 0 1
vn 0 0 1
vn 0 0 1
vn 0 0 1
vn 0 0 1
vn 0 0 1
vn 0 0 1
vn 0 0 1
vn 0 0 1
vn 0 0 1
vn 0 0 1
vn 0 0 1
vn 0 0 1
vn 0 0 1
vn 0 0 1
vn 0 0 1
vn 0 0 1
vn 0 0 1
vn 0 0 1
vn 0 0 1
vn 0 0 1
vn 0 0 1
vn 0 0 1
vn 0 0 1
vn 0 0 1
vn 0 0 1
vn 0 0 1
vn 0 0 1
vn 0 0 1
vn 0 0 1
vn 0 0 1
vn 0 0 1
vn 0 0 1
vn 0 0 1
vn 0 0 1
vn 0 0 1
vn 0 0 1
vn 0 0 1
vn 0 0 1
vn 0 0 1
vn 0 0 1
vn 0 0 1
vn 0 0 1
vn 0 0 1
vn 0 0 1
vn 0 0 1
vn 0 0 1
vn 0 0 1
vn 0 0 1
vn 0 0 1
vn 0 0 1
vn 0 0 1
vn 0 0 1
vn 0 0 1
vn 0 0 1
vn 0 0 1
vn 0 0 1
vn 0 0 1
vn 0 0 1
vn 0 0 1
vn 0 0 1
vn 0 0 1
vn 0 0 1
vn 0 0 1
vn 0 0 1
vn 0 0 -1
vn 0 0 -1
vn 0 0 -1
vn 0 0 -1
vn 0 0 -1
vn 0 0 -1
vn 0 0 -1
vn 0 0 -1
vn 0 0 -1
vn 0 0 -1
vn 0 0 -1
vn 0 0 -1
vn 0 0 -1
vn 0 0 -1
vn 0 0 -1
vn 0 0 -1
vn 0 0 -1
vn 0 0 -1
vn 0 0 -1
vn 0 0 -1
vn 0 0 -1
vn 0 0 -1
vn 0 0 -1
vn 0 0 -1
vn 0 0 -1
vn 0 0 -1
vn 0 0 -1
vn 0 0 -1
vn 0 0 -1
vn 0 0 -1
vn 0 0 -1
vn 0 0 -1
vn 0 0 -1
vn 0 0 -1
vn 0 0 -1
vn 0 0 -1
vn 0 0 -1
vn 0 0 -1
vn 0 0 -1
vn 0 0 -1
vn 0 0 -1
vn 0 0 -1
vn 0 0 -1
vn 0 0 -1
vn 0 0 -1
vn 0 0 -1
vn 0 0 -1
vn 0 0 -1
vn 0 0 -1
vn 0 0 -1
vn 0 0 -1
vn 0 0 -1
vn 0 0 -1
vn 0 0 -1
vn 0 0 -1
vn 0 0 -1
vn 0 0 -1
vn 0 0 -1
vn 0 0 -1
vn 0 0 -1
vn 0 0 -1
vn 0 0 -1
vn 0 0 -1
vn 0 0 -1
vn 0 0 -1
vn 0 0 -1
vn 0 0 -1
vn 0 0 -1
vn 0 0 -1
vn 0 0 -1
vn 0 0 -1
vn 0 0 -1
vn 0 0 -1
vn 0 0 -1
vn 0 0 -1
vn 0 0 -1
vn 0 0 -1
vn 0 0 -1
vn 0 0 -1
vn 0 0 -1
vn 0 0 -1
vn 0 0 -1
vn 0 0 -1
vn 0 0 -1
vn 0 0 -1
vn 0 0 -1
vn 0 0 -1
vn 0 0 -1
vn 0 0 -1
vn 0 0 -1
vn 0 0 -1
vn 0 0 -1
vn 0 0 -1
vn 0 0 -1
vn 0 0 -1
vn 0 0 -1
vn 0 0 -1
vn 0 0 -1
vn 0 0 -1
vn 0 0 -1
vn 0 0 -1
vn 0 0 -1
vn 0 0 -1
vn 0 0 -1
vn 0 0 -1
vn 0 0 -1
vn 0 0 -1
vn 0 0 -1
vn 0 0 -1
vn 0 0 -1
vn 0 0 -1
vn 0 0 -1
vn 0 0 -1
vn 0 0 -1
vn 0 0 -1
vn 0 0 -1
vn 0 0 -1
vn 0 0 -1
vn 0 0 -1
vn 0 0 -1
vn 0 0 -1
vn 0 0 -1
vn 0 0 -1
vn 0 0 -1
vn 0 0 -1
vn 0 0 -1
vn 0 0 -1
vn 0 0 -1
vn 0 0 -1
vn 0 0 -1
vn 0 0 -1
vn 0 0 -1
vn 0 0 -1
vn 0 0 -1
vn 0 0 -1
vn 0 0 -1
vn 0 0 -1
vn 0 0 -1
vn 0 0 -1
vn 0 0 -1
vn 0 0 -1
vn 0 0 -1
vn 0 0 -1
vn 0 0 -1
vn 0 0 -1
vn 0 0 -1
vn 0 0 -1
vn 0 0 -1
vn 0 0 -1
vn 0 0 -1
vn 0 0 -1
vn 0 0 -1
vn 0 0 -1
vn 0 0 -1
vn 0 0 -1
vn 0 0 -1
vn 0 0 -1
vn 0 0 -1
vn 0 0 -1
vn 0 0 -1
vn 0 0 -1
vn 0 0 -1
vn 0 0 -1
vn 0 0 -1
vn 0 0 -1
vn 0 0 -1
vn 0 0 -1
vn 0 0 -1
vn 0 0 -1
vn 0 0 -1
vn 0 0 -1
vn 0 0 -1
vn 0 0 -1
vn 0 0 -1
vn 0 0 -1
vn 0 0 -1
vn 0 0 -1
vn 0 0 -1
vn 0 0 -1
vn 0 0 -1
vn 0 0 -1
vn 0 0 -1
vn 0 0 -1
vn 0 0 -1
vn 0 0 -1
vn 0 0 -1
vn 0 0 -1
vn 0 0 -1
vn 0 0 -1
vn 0 0 -1
vn 0 0 -1
vn 0 0 -1
vn 0 0 -1
vn 0 0 -1
vn 0 0 -1
vn 0 0 -1
vn 0 0 -1
vn 0 0 -1
vn 0 0 -1
vn 0 0 -1
vn 0 0 -1
vn 0 0 -1
vn 0 0 -1
vn 0 0 -1
vn 0 0 -1
vn 0 0 -1
vn 0 0 -1
vn 0 0 -1
vn 0 0 -1
vn 0 0 -1
vn 0 0 -1
vn 0 0 -1
vn 0 0 -1
vn 0 0 -1
vn 0 0 -1
vn 0 0 -1
vn 0 0 -1
vn 0 0 -1
vn 0 0 -1
vn 0 0 -1
vn 0 0 -1
vn 0 0 -1
vn 0 0 -1
vn 0 0 -1
vn 0 0 -1
vn 0 0 -1
vn 0 0 -1
vn 0 0 -1
vn 0 0 -1
vn 0 0 -1
vn 0 0 -1
vn 0 0 -1
vn 0 0 -1
vn 0 0 -1
vn 0 0 -1
vn 0 0 -1
vn 0 0 -1
vn 0 0 -1
vn 0 0 -1
vn 0 0 -1
vn 0 0 -1
vn 0 0 -1
vn 0 0 -1
vn 0 0 -1
vn 0 0 -1
vn 0 0 -1
vn 0 0 -1
vn 0 0 -1
vn 0 0 -1
vn 0 0 -1
vn 0 0 -1
vn 0 0 -1
vn 0 0 -1
vn 0 0 -1
vn 0 0 -1
vn 0 0 -1
vn 0 0 -1
vn 0 0 -1
vn 0 0 -1
vn 0 0 -1
vn 0 0 -1
vn 0 0 -1
vn 0 0 -1
vt 0.00120915262959898 0.00914048030972481
vt -0.00120915262959898 0.0108504807576537
vt -0.00120915484149009 0.000578555336687714
vt 0.00120915262959898 -0.000170679501025006
vt 0.00175362487789243 0
vt 0.000869359239004552 0
vt 0 0
vt 0 0
vt 0 0
vt 0 0
vt 0 0
vt 0 0
vt 0 0
vt 0 0
vt 0 0
vt 0 0
vt 0 0
vt 0.00241830525919795 0
vt 0.00241830525919795 0
vt 0.00241830525919795 0
vt 0.00241830525919795 0
vt 0.00241830525919795 0
vt 0.00241830525919795 0
vt 0.00241830525919795 0
vt 0.00241830525919795 0
vt 0.00241830525919795 0
vt 0.00241830525919795 0
vt 0.00241830525919795 0
vt 0.00241830525919795 0
vt 0.00241830525919795 0
vt 0.00241830525919795 0
vt -0.0135043524205685 -0.000876812380738556
vt -0.0122096659615636 -0.000876812380738556
vt -0.0109149795025587 -0.000876812380738556
vt -0.00962029304355383 -0.000876812380738556
vt -0.00832560658454895 -0.000876812380738556
vt -0.00703091965988278 -0.000876812380738556
vt -0.0057362332008779 -0.000876812380738556
vt -0.00444154674187303 -0.000876812380738556
vt -0.00314686028286815 -0.000876812380738556
vt -0.00185217394027859 -0.000876812380738556
vt -0.00055748742306605 -0.000876812380738556
vt 0.000737198977731168 -0.000876812380738556
vt 0.00203188555315137 -0.000876812380738556
vt 0.00332657201215625 -0.000876812380738556
vt 0.00462125847116113 -0.000876812380738556
vt 0.00591594493016601 -0.000876812380738556
vt 0.00721063138917089 -0.000876812380738556
vt 0.00850531738251448 -0.000876812380738556
vt 0.00980000384151936 -0.000876812380738556
vt 0.0110946903005242 -0.000876812380738556
vt 0.0123893767595291 -0.000876812380738556
vt 0.013684063218534 -0.000876803125720471
vt 0.0127838514745235 -7.91570710134692E-06
vt 0.0120091447606683 0.000876812438946217
vt 0.0107943974435329 0.000876812380738556
vt 0.00957965012639761 0.000876812380738556
vt 0.00836490374058485 0.000876812380738556
vt 0.00715015642344952 0.000876812380738556
vt 0.00593540957197547 0.000876812380738556
vt 0.00472066272050142 0.000876812380738556
vt 0.00350591586902738 0.000876812380738556
vt 0.00229116878472269 0.000876812380738556
vt 0.00107642193324864 0.000876812380738556
vt -0.000138325005536899 0.000876812380738556
vt -0.0013530720025301 0.000876812380738556
vt -0.00256781885400414 0.000876812380738556
vt -0.00378256570547819 0.000876812380738556
vt -0.00499731255695224 0.000876812380738556
vt -0.00621205987408757 0.000876812380738556
vt -0.00742680672556162 0.000876812380738556
vt -0.00864155311137438 0.000876812380738556
vt -0.00985630042850971 0.000876812380738556
vt -0.011071047745645 0.000876812380738556
vt -0.0122857941314578 0.000876812438946217
vt -0.0135849742218852 -0.000499750662129372
vt -0.0338760875165462 0.00328999990597367
vt -0.0347486063838005 0.00328999990597367
vt -0.0350929908454418 0.00328999990597367
vt -0.0360620021820068 0.00328999990597367
vt -0.0363598614931107 0.00328999990597367
vt -0.0373753979802132 0.00328999990597367
vt -0.0376267358660698 0.00328999990597367
vt -0.0386887937784195 0.00328999990597367
vt -0.0388936065137386 0.00328999990597367
vt -0.0400021858513355 0.00328999990597367
vt -0.0401604771614075 0.00328999990597367
vt -0.0413155816495419 0.00328999990597367
vt -0.0414273478090763 0.00328999990597367
vt -0.0426942184567451 0.00328999990597367
vt -0.0426942184567451 0
vt -0.0414273478090763 0
vt -0.0401604771614075 0
vt -0.0388936065137386 0
vt -0.0382601693272591 0
vt -0.0376267358660698 0
vt -0.0369932986795902 0
vt -0.0363598614931107 0
vt -0.0357264280319214 0
vt -0.0350929908454418 0
vt -0.034484539180994 0
vt -0.0338760875165462 0
vt 0.00528096407651901 0.00328999990597367
vt -0.00499096140265465 0.00328999990597367
vt -0.00528096128255129 0.00300000002607703
vt -0.00528096128255129 -5.33427468862868E-16
vt 0.00528096128255129 -2.47198095326695E-16
vt -0.00999854225665331 0.00100409158039838
vt -0.0082885418087244 -0.00141421356238425
vt 0.00799854192882776 -0.00141421356238425
vt 0.00999854225665331 0.00141421356238425
vt -0.00999854225665331 0.00141421356238425
vt 0.00122816080693156 0
vt 0.00122816080693156 0.0149999996647239
vt -0.00122816080693156 0.0149999996647239
vt -0.00122816080693156 0
vt 0.00999854225665331 0.00300000002607703
vt -0.00999854225665331 0.00300000002607703
vt -0.00999854225665331 5.24753851482984E-16
vt 0.00999854225665331 5.33427468862868E-16
vt 0.00141421356238425 0.0111404806375504
vt -0.00141421356238425 0.00914048030972481
vt -0.00141421356238425 -0.000297743215924129
vt -2.55365705470467E-07 0.000140328396810219
vt 0.00070697907358408 0.000359443336492404
vt 0.00106059631798416 0.000469000777229667
vt 0.00123740499839187 0.000523779541254044
vt 0.00132580928038806 0.000551168865058571
vt 0.00137001136317849 0.000564863556064665
vt 0.00139211246278137 0.000571710930671543
vt 0.00140316307079047 0.000575134588871151
vt 0.0014086882583797 0.000576846417970955
vt 0.00141145091038197 0.000577702303417027
vt 0.0014126020250842 0.000578058941755444
vt 0.00141421356238425 0.00057855824707076
vt 0.00528096128255129 0.00300000002607703
vt -0.00528096128255129 0.00300000002607703
vt -0.00528096128255129 -2.60208521396521E-16
vt 0.00528096128255129 -5.23886489744996E-16
vt 0.01267693284899 -0.00141421356238425
vt 0.0127734467387199 -0.00102710200008005
vt 0.0128668518736959 -0.00062315323157236
vt 0.0127628883346915 -0.000525152892805636
vt 0.0118749774992466 0.000402700447011739
vt 0.0110699506476521 0.00141421356238425
vt 0.00990487728267908 0.00141421356238425
vt 0.00873980484902859 0.00141421356238425
vt 0.00757473148405552 0.00141421356238425
vt 0.00640965858474374 0.00141421356238425
vt 0.00524458615109324 0.00141421356238425
vt 0.00407951325178146 0.00141421356238425
vt 0.00291444011963904 0.00141421356238425
vt 0.00174936733674258 0.00141421356238425
vt 0.000584294379223138 0.00141421356238425
vt -0.000580778461880982 0.00141421356238425
vt -0.00174585136119276 0.00141421356238425
vt -0.00291092414408922 0.00141421356238425
vt -0.004075997043401 0.00141421356238425
vt -0.00524106994271278 0.00141421356238425
vt -0.00640614284202456 0.00141421356238425
vt -0.00757121574133635 0.00141421356238425
vt -0.00873628910630941 0.00141421356238425
vt -0.00990136153995991 0.00141421356238425
vt -0.011066434904933 0.00141421356238425
vt -0.0122448820620775 1.93392997971387E-06
vt -0.0129889287054539 -0.000724537298083305
vt -0.0138197205960751 -0.00141421356238425
vt -0.0124948872253299 -0.00141421356238425
vt -0.0111700547859073 -0.00141421356238425
vt -0.00984522234648466 -0.00141421356238425
vt -0.00852038990706205 -0.00141421356238425
vt -0.00719555700197816 -0.00141421356238425
vt -0.00587072456255555 -0.00141421356238425
vt -0.00454589165747166 -0.00141421356238425
vt -0.00322105921804905 -0.00141421356238425
vt -0.00189622642938048 -0.00141421356238425
vt -0.000571393815334886 -0.00141421356238425
vt 0.000753438856918365 -0.00141421356238425
vt 0.00207827147096395 -0.00141421356238425
vt 0.00340310414321721 -0.00141421356238425
vt 0.00472793681547046 -0.00141421356238425
vt 0.00605276925489306 -0.00141421356238425
vt 0.00737760215997696 -0.00141421356238425
vt 0.00870243459939957 -0.00141421356238425
vt 0.0100272670388222 -0.00141421356238425
vt 0.0113521004095674 -0.00141421356238425
vt 0.0151529144495726 0.0201283283531666
vt 0.0148000000044703 0.0196599494665861
vt 0.0148000000044703 0.0200230851769447
vt 0.0155731607228518 0.0210282504558563
vt 0.016270499676466 0.0220822803676128
vt 0.01688870228827 0.0231799967586994
vt 0.0174244195222855 0.0243162363767624
vt 0.0178744923323393 0.025485759600997
vt 0.0182372536510229 0.0266825724393129
vt 0.0185113158077002 0.0279005374759436
vt 0.0186951570212841 0.0291335880756378
vt 0.0187868755310774 0.030376123264432
vt 0.0187865439802408 0.0316219553351402
vt 0.0186945851892233 0.0328647568821907
vt 0.0185114275664091 0.0340981893241405
vt 0.0182375200092793 0.0353159420192242
vt 0.0178742706775665 0.0365123488008976
vt 0.0174239724874496 0.0376817993819714
vt 0.0168888811022043 0.0388185456395149
vt 0.0162712577730417 0.0399168208241463
vt 0.015573619864881 0.0409710071980953
vt 0.0147999720647931 0.0419761389493942
vt 0.0139547847211361 0.0429274179041386
vt 0.013042526319623 0.043820034712553
vt 0.0120675880461931 0.0446492731571198
vt 0.0110336570069194 0.0454118698835373
vt 0.00994591414928436 0.0461047142744064
vt 0.0088100042194128 0.0467244237661362
vt 0.00763157149776816 0.0472676269710064
vt 0.0064162933267653 0.0477310977876186
vt 0.00517016323283315 0.0481129176914692
vt 0.00389934121631086 0.0484117716550827
vt 0.00260998797602952 0.048626359552145
vt 0.00130824407096952 0.048755370080471
vt 9.75930802837865E-08 0.048798032104969
vt -0.00130819866899401 0.048754695802927
vt -0.00261032045818865 0.0486258454620838
vt -0.00389994354918599 0.0484119541943073
vt -0.00517074391245842 0.0481135025620461
vt -0.00641643907874823 0.0477311126887798
vt -0.00763115147128701 0.0472668744623661
vt -0.00880921259522438 0.0467236414551735
vt -0.00994495488703251 0.0461042672395706
vt -0.0110327107831836 0.0454116128385067
vt -0.0120668122544885 0.0446485355496407
vt -0.0130420783534646 0.0438183099031448
vt -0.0139544038102031 0.0429254323244095
vt -0.0147995334118605 0.0419744811952114
vt -0.0155732035636902 0.0409700348973274
vt -0.0162711534649134 0.039916668087244
vt -0.0168892070651054 0.0388190075755119
vt -0.0174244772642851 0.0376824289560318
vt -0.017874900251627 0.0365128107368946
vt -0.0182383917272091 0.0353160239756107
vt -0.0185128692537546 0.0340979285538197
vt -0.0186962559819221 0.0328644029796124
vt -0.0187873281538486 0.0316215753555298
vt -0.0187865719199181 0.0303757693618536
vt -0.0186944846063852 0.029133141040802
vt -0.0185115616768599 0.0278998594731092
vt -0.0182383004575968 0.0266820825636387
vt -0.0178752522915602 0.0254859495908022
vt -0.0174242574721575 0.024317154660821
vt -0.0168882645666599 0.023181077092886
vt -0.0162702444940805 0.0220831111073494
vt -0.0155731672421098 0.0210286490619183
vt -0.0148000000044703 0.0200230851769447
vt -0.0148000000044703 0.0196599494665861
vt -0.0157999563962221 0.0210021883249283
vt -0.0167481079697609 0.0225007627159357
vt -0.0175407789647579 0.0240830294787884
vt -0.0181722603738308 0.0257445834577084
vt -0.0184234697371721 0.0266006756573915
vt -0.0186295714229345 0.027469165623188
vt -0.0187903083860874 0.0283464845269918
vt -0.0189054477959871 0.0292290579527617
vt -0.0189981944859028 0.0309987049549818
vt -0.0189757626503706 0.0318874940276146
vt -0.0189068578183651 0.0327763371169567
vt -0.018790852278471 0.0336615443229675
vt -0.0186283383518457 0.0345393754541874
vt -0.0181697700172663 0.0362595170736313
vt -0.0175410062074661 0.0379162169992924
vt -0.0167433973401785 0.0395088717341423
vt -0.0157859083265066 0.04101537540555
vt -0.0146874310448766 0.042415838688612
vt -0.0134642235934734 0.0436979457736015
vt -0.012117282487452 0.0448634512722492
vt -0.0106617333367467 0.0458973273634911
vt -0.00911946035921574 0.0467894785106182
vt -0.00751098617911339 0.0475331209599972
vt -0.00583544559776783 0.0481301471590996
vt -0.00410668598487973 0.0485735200345516
vt -0.00234626000747085 0.0488600134849548
vt -0.000576027843635529 0.0489895679056644
vt 0.00119852169882506 0.0489626154303551
vt 0.00297212856821716 0.0487769469618797
vt 0.00472334679216146 0.0484335124492645
vt 0.00643151067197323 0.047937136143446
vt 0.00808130856603384 0.0472907200455666
vt 0.00967327039688826 0.0464915297925472
vt 0.0111882900819182 0.0455476976931095
vt 0.012605007737875 0.0444689132273197
vt 0.0139056695625186 0.0432656444609165
vt 0.0150900362059474 0.0419367887079716
vt 0.0161421671509743 0.0404945611953735
vt 0.0170422084629536 0.038957092911005
vt 0.0177787318825722 0.0373453386127949
vt 0.0183506663888693 0.0356600880622864
vt 0.0185714345425367 0.0347950607538223
vt 0.018746430054307 0.033919595181942
vt 0.0188754163682461 0.0330372974276543
vt 0.0189584344625473 0.0321517288684845
vt 0.0189867708832026 0.0303800143301487
vt 0.0189317893236876 0.02949208766222
vt 0.0188299603760242 0.02860620431602
vt 0.0186814274638891 0.0277260113507509
vt 0.0184876415878534 0.0268550217151642
vt 0.0179694760590792 0.0251540057361126
vt 0.0172826685011387 0.0235213916748762
vt 0.0164316706359386 0.021962720900774
vt 0.0154321808367968 0.0204989649355412
vt 0.0028284271247685 0.00744232395663857
vt 0.0028284271247685 0.00692939944565296
vt 0.0028284271247685 0.00641647493466735
vt 0.0028284271247685 0.00590377254411578
vt 0.0028284271247685 0.00539107015356421
vt 0.0028284271247685 0.00487836822867393
vt 0.0028284271247685 0.00436566583812237
vt 0.0028284271247685 0.00381483393721282
vt 0.0028284271247685 0.00372211844660342
vt 0.0028284271247685 0.00305596482940018
vt 0.0028284271247685 0.0023898109793663
vt 0.0028284271247685 0.00172365736216307
vt 0.0028284271247685 0.00105750362854451
vt 0.0028284271247685 0.00100251391995698
vt 0.0028284271247685 0.000121486285934225
vt 0.0028284271247685 5.35787366970908E-05
vt 0.0028284271247685 1.88443755178014E-06
vt 0.0028270457405597 1.44206262575608E-06
vt 0.00282566458918154 9.70890937423974E-07
vt 0.00282290182076395 2.85382402154255E-08
vt 0.0028173765167594 -1.85619683179539E-06
vt 0.00280632614158094 -5.6256271818711E-06
vt 0.00278422492556274 -1.3164509255148E-05
vt 0.00274002272635698 -2.824227885867E-05
vt 0.00265161856077611 -5.83977925998624E-05
vt 0.00247480999678373 -0.000118708820082247
vt 0.00212119263596833 -0.00023933092597872
vt 0.00141395814716816 -0.000480575079564005
vt 0 -0.000962889229413122
vt 0 3.81983941866016E-18
vt 0 5.16787731612567E-05
vt 0 0.000119603784696665
vt 0 0.00100085791200399
vt 0 0.00105586182326078
vt 0 0.00232436647638679
vt 0 0.00302276434376836
vt 0 0.00372116197831929
vt 0 0.0038139009848237
vt 0 0.00436487467959523
vt 0 0.00539054302498698
vt 0 0.00641621090471745
vt 0 0.00744232395663857
vt 0 0.00802902411669493
vt 0 0.00879641156643629
vt 0 0.0104396194219589
vt 0.000687976425979286 0.00960888713598251
vt 0.00142577127553523 0.00880251917988062
vt 0 0.0848221927881241
vt 0.000107154613942839 0.0849271640181541
vt 0.000377061776816845 0.0851916894316673
vt 0.000625020358711481 0.0849271640181541
vt 0.00175362487789243 0.0838204100728035
vt 0.0028284271247685 0.083672471344471
vt 0.0028284271247685 0.0830797106027603
vt 0.0028284271247685 0.0824265331029892
vt 0.0028284271247685 0.0812322571873665
vt 0.0028284271247685 0.081158734858036
vt 0.0028284271247685 0.0798678919672966
vt 0.0028284271247685 0.0793847963213921
vt 0.0028284271247685 0.0785527005791664
vt 0.0028284271247685 0.0775373429059982
vt 0.0028284271247685 0.0772117227315903
vt 0.0028284271247685 0.0758546888828278
vt 0.0028284271247685 0.0756898820400238
vt 0.0028284271247685 0.0745256766676903
vt 0.0028284271247685 0.07384242862463
vt 0.0028284271247685 0.0732273384928703
vt 0.0028284271247685 0.0719949752092361
vt 0.0028284271247685 0.0719576328992844
vt 0.0028284271247685 0.0707147419452667
vt 0.0028284271247685 0.0701475143432617
vt 0.0028284271247685 0.0694958493113518
vt 0.0028284271247685 0.0683000609278679
vt 0.0028284271247685 0.068266287446022
vt 0.0028284271247685 0.0670095682144165
vt 0.0028284271247685 0.0664526075124741
vt 0.0028284271247685 0.0657238140702248
vt 0.0028284271247685 0.0646051466464996
vt 0.0028284271247685 0.0644069164991379
vt 0.0028284271247685 0.0630564838647842
vt 0.0028284271247685 0.0627576932311058
vt 0.0028284271247685 0.061689980328083
vt 0.0028284271247685 0.0609102360904217
vt 0.0028284271247685 0.0603491812944412
vt 0.0028284271247685 0.0590627789497375
vt 0.0028284271247685 0.0590340718626976
vt 0.0028284271247685 0.0577432215213776
vt 0.0028284271247685 0.0572153255343437
vt 0.0028284271247685 0.0564753375947475
vt 0.0028284271247685 0.0553678683936596
vt 0.0028284271247685 0.0552211590111256
vt 0.0028284271247685 0.0539434179663658
vt 0.0028284271247685 0.0535204112529755
vt 0.0028284271247685 0.0526374094188213
vt 0.0028284271247685 0.0516729578375816
vt 0.0028284271247685 0.0513011664152145
vt 0.0028284271247685 0.0499324910342693
vt 0.0028284271247685 0.0498255006968975
vt 0.0028284271247685 0.0485313795506954
vt 0.0028284271247685 0.0479780435562134
vt 0.0028284271247685 0.0471421033143997
vt 0.0028284271247685 0.0461305864155293
vt 0.0028284271247685 0.0457790531218052
vt 0.0028284271247685 0.0444408021867275
vt 0.0028284271247685 0.0442831330001354
vt 0.0028284271247685 0.0424356758594513
vt 0.0028284271247685 0.0418335720896721
vt 0.0028284271247685 0.0405882187187672
vt 0.0028284271247685 0.0405419282615185
vt 0.0028284271247685 0.0392280071973801
vt 0.0028284271247685 0.0387407653033733
vt 0.0028284271247685 0.0378906168043613
vt 0.0028284271247685 0.0368933081626892
vt 0.0028284271247685 0.0365284532308578
vt 0.0028284271247685 0.0351400822401047
vt 0.0028284271247685 0.0350458510220051
vt 0.0028284271247685 0.0337411016225815
vt 0.0028284271247685 0.033198393881321
vt 0.0028284271247685 0.0323739275336266
vt 0.0028284271247685 0.0313509404659271
vt 0.0028284271247685 0.0310382898896933
vt 0.0028284271247685 0.0297321025282145
vt 0.0028284271247685 0.029503483325243
vt 0.0028284271247685 0.0284534990787506
vt 0.0028284271247685 0.0276560261845589
vt 0.0028284271247685 0.0271981209516525
vt 0.0028284271247685 0.0259295701980591
vt 0.0028284271247685 0.0258085709065199
vt 0.0028284271247685 0.0246386434882879
vt 0.0028284271247685 0.0239611156284809
vt 0.0028284271247685 0.0233241152018309
vt 0.0028284271247685 0.0221136584877968
vt 0.0028284271247685 0.0219846405088902
vt 0.0028284271247685 0.0206201504915953
vt 0.0028284271247685 0.0202662032097578
vt 0.0028284271247685 0.019271133467555
vt 0.0028284271247685 0.0184187460690737
vt 0.0028284271247685 0.0179549362510443
vt 0.0028284271247685 0.0166692733764648
vt 0.0028284271247685 0.0165712907910347
vt 0.0028284271247685 0.0154121154919267
vt 0.0028284271247685 0.0147238345816731
vt 0.0028284271247685 0.0141816455870867
vt 0.0028284271247685 0.0129618383944035
vt 0.0028284271247685 0.0128763783723116
vt 0.0028284271247685 0.0117184417322278
vt 0.0028284271247685 0.01102892216295
vt 0.0028284271247685 0.0104486476629972
vt 0.0028284271247685 0.00918146595358849
vt 0.0028284271247685 0.00915069971233606
vt 0.0028284271247685 0.00782263651490211
vt 0.0028284271247685 0.00733401020988822
vt 0.0028284271247685 0.0064668906852603
vt 0.0028284271247685 0.00548655400052667
vt 0.0028284271247685 0.00512627512216568
vt 0.0028284271247685 0.00381056009791791
vt 0.0028284271247685 0.00363909802399576
vt 0.0028284271247685 0.00251840706914663
vt 0.0028284271247685 0.0017916418146342
vt 0.0028284271247685 0.00124859367497265
vt 0.0028284271247685 -2.08832876181334E-16
vt 0.0027570438105613 -5.58142528461758E-05
vt 0.0017295831348747 -0.000987445586360991
vt 0.000791060330811888 -0.0019285794114694
vt 0 -0.00115313485730439
vt 0 -0.000540556677151471
vt 0 -5.58142528461758E-05
vt 0 0.0017916418146342
vt 0 0.00363909802399576
vt 0 0.00548655400052667
vt 0 0.00733401020988822
vt 0 0.008257738314569
vt 0 0.00918146595358849
vt 0 0.0101051945239305
vt 0 0.01102892216295
vt 0 0.0128763783723116
vt 0 0.0138001060113311
vt 0 0.0147238345816731
vt 0 0.0156475622206926
vt 0 0.0165712907910347
vt 0 0.0184187460690737
vt 0 0.0202662032097578
vt 0 0.0221136584877968
vt 0 0.0239611156284809
vt 0 0.0258085709065199
vt 0 0.0276560261845589
vt 0 0.029503483325243
vt 0 0.0313509404659271
vt 0 0.033198393881321
vt 0 0.0350458510220051
vt 0 0.0368933081626892
vt 0 0.0387407653033733
vt 0 0.0405882187187672
vt 0 0.0424356758594513
vt 0 0.0442831330001354
vt 0 0.0461305864155293
vt 0 0.0479780435562134
vt 0 0.0498255006968975
vt 0 0.0516729578375816
vt 0 0.0535204112529755
vt 0 0.0553678683936596
vt 0 0.0572153255343437
vt 0 0.0590627789497375
vt 0 0.0609102360904217
vt 0 0.0627576932311058
vt 0 0.0646051466464996
vt 0 0.0664526075124741
vt 0 0.0683000609278679
vt 0 0.0692237913608551
vt 0 0.0701475143432617
vt 0 0.0710712447762489
vt 0 0.0719949752092361
vt 0 0.07384242862463
vt 0 0.0747661590576172
vt 0 0.0756898820400238
vt 0 0.076613612473011
vt 0 0.0775373429059982
vt 0 0.0793847963213921
vt 0 0.0812322571873665
vt 0 0.0830797106027603
vt 0.205201894044876 0.00300000002607703
vt 0.203804045915604 0.00300000002607703
vt 0.203203320503235 0.00300000002607703
vt 0.202406212687492 0.00300000002607703
vt 0.201295495033264 0.00300000002607703
vt 0.201110392808914 0.00300000002607703
vt 0.199610531330109 0.00300000002607703
vt 0.199232250452042 0.00300000002607703
vt 0.198212683200836 0.00300000002607703
vt 0.197320893406868 0.00300000002607703
vt 0.196814849972725 0.00300000002607703
vt 0.195315152406693 0.00300000002607703
vt 0.195281431078911 0.00300000002607703
vt 0.194019168615341 0.00300000002607703
vt 0.193384096026421 0.00300000002607703
vt 0.192621320486069 0.00300000002607703
vt 0.191260829567909 0.00300000002607703
vt 0.191167995333672 0.00300000002607703
vt 0.189825639128685 0.00300000002607703
vt 0.189206078648567 0.00300000002607703
vt 0.188427805900574 0.00300000002607703
vt 0.187229856848717 0.00300000002607703
vt 0.187123045325279 0.00300000002607703
vt 0.18563212454319 0.00300000002607703
vt 0.185135707259178 0.00300000002607703
vt 0.184234276413918 0.00300000002607703
vt 0.183199778199196 0.00300000002607703
vt 0.182836443185806 0.00300000002607703
vt 0.181438595056534 0.00300000002607703
vt 0.181305125355721 0.00300000002607703
vt 0.180040761828423 0.00300000002607703
vt 0.17936660349369 0.00300000002607703
vt 0.17864291369915 0.00300000002607703
vt 0.177279964089394 0.00300000002607703
vt 0.177151471376419 0.00300000002607703
vt 0.175847232341766 0.00300000002607703
vt 0.175336763262749 0.00300000002607703
vt 0.174449399113655 0.00300000002607703
vt 0.173299342393875 0.00300000002607703
vt 0.173051550984383 0.00300000002607703
vt 0.171653717756271 0.00300000002607703
vt 0.171323642134666 0.00300000002607703
vt 0.170255869626999 0.00300000002607703
vt 0.169408917427063 0.00300000002607703
vt 0.168858036398888 0.00300000002607703
vt 0.167554080486298 0.00300000002607703
vt 0.167460188269615 0.00300000002607703
vt 0.166062355041504 0.00300000002607703
vt 0.165690496563911 0.00300000002607703
vt 0.164664506912231 0.00300000002607703
vt 0.163778856396675 0.00300000002607703
vt 0.16326667368412 0.00300000002607703
vt 0.161811992526054 0.00300000002607703
vt 0.161763802170753 0.00300000002607703
vt 0.160470992326736 0.00300000002607703
vt 0.15981687605381 0.00300000002607703
vt 0.157933846116066 0.00300000002607703
vt 0.157769843935966 0.00300000002607703
vt 0.15627746284008 0.00300000002607703
vt 0.155914455652237 0.00300000002607703
vt 0.154879629611969 0.00300000002607703
vt 0.154035285115242 0.00300000002607703
vt 0.153481781482697 0.00300000002607703
vt 0.152191773056984 0.00300000002607703
vt 0.152083948254585 0.00300000002607703
vt 0.150686100125313 0.00300000002607703
vt 0.150300472974777 0.00300000002607703
vt 0.149288266897202 0.00300000002607703
vt 0.148346602916718 0.00300000002607703
vt 0.147890418767929 0.00300000002607703
vt 0.146492585539818 0.00300000002607703
vt 0.146330162882805 0.00300000002607703
vt 0.145094737410545 0.00300000002607703
vt 0.144275918602943 0.00300000002607703
vt 0.143696904182434 0.00300000002607703
vt 0.14241524040699 0.00300000002607703
vt 0.142384678125381 0.00300000002607703
vt 0.14090122282505 0.00300000002607703
vt 0.140312939882278 0.00300000002607703
vt 0.139503389596939 0.00300000002607703
vt 0.138409957289696 0.00300000002607703
vt 0.138105541467667 0.00300000002607703
vt 0.136707708239555 0.00300000002607703
vt 0.136499479413033 0.00300000002607703
vt 0.135309860110283 0.00300000002607703
vt 0.134521543979645 0.00300000002607703
vt 0.133912026882172 0.00300000002607703
vt 0.132445991039276 0.00300000002607703
vt 0.132409140467644 0.00300000002607703
vt 0.131116345524788 0.00300000002607703
vt 0.130366146564484 0.00300000002607703
vt 0.129718497395515 0.00300000002607703
vt 0.12841708958149 0.00300000002607703
vt 0.128376513719559 0.00300000002607703
vt 0.126922816038132 0.00300000002607703
vt 0.126256614923477 0.00300000002607703
vt 0.12552498281002 0.00300000002607703
vt 0.12429866194725 0.00300000002607703
vt 0.124127134680748 0.00300000002607703
vt 0.122729294002056 0.00300000002607703
vt 0.122392408549786 0.00300000002607703
vt 0.121331453323364 0.00300000002607703
vt 0.120450161397457 0.00300000002607703
vt 0.119933612644672 0.00300000002607703
vt 0.118433348834515 0.00300000002607703
vt 0.118354476988316 0.00300000002607703
vt 0.117137931287289 0.00300000002607703
vt 0.116408102214336 0.00300000002607703
vt 0.115740090608597 0.00300000002607703
vt 0.115740090608597 0
vt 0.117137931287289 0
vt 0.118535771965981 0
vt 0.119933612644672 0
vt 0.121331453323364 0
vt 0.122729294002056 0
vt 0.124127134680748 0
vt 0.12552498281002 0
vt 0.126922816038132 0
vt 0.128320664167404 0
vt 0.129718497395515 0
vt 0.131116345524788 0
vt 0.132514178752899 0
vt 0.133912026882172 0
vt 0.135309860110283 0
vt 0.136707708239555 0
vt 0.138105541467667 0
vt 0.139503389596939 0
vt 0.14090122282505 0
vt 0.142299056053162 0
vt 0.143696904182434 0
vt 0.145094737410545 0
vt 0.146492585539818 0
vt 0.147890418767929 0
vt 0.149288266897202 0
vt 0.150686100125313 0
vt 0.152083948254585 0
vt 0.153481781482697 0
vt 0.154879629611969 0
vt 0.15627746284008 0
vt 0.157675310969353 0
vt 0.159073144197464 0
vt 0.160470992326736 0
vt 0.161868825554848 0
vt 0.16326667368412 0
vt 0.164664506912231 0
vt 0.166062355041504 0
vt 0.167460188269615 0
vt 0.168858036398888 0
vt 0.170255869626999 0
vt 0.171653717756271 0
vt 0.173051550984383 0
vt 0.174449399113655 0
vt 0.175847232341766 0
vt 0.177245080471039 0
vt 0.17864291369915 0
vt 0.180040761828423 0
vt 0.181438595056534 0
vt 0.182836443185806 0
vt 0.184234276413918 0
vt 0.18563212454319 0
vt 0.187029957771301 0
vt 0.188427805900574 0
vt 0.189825639128685 0
vt 0.191223487257957 0
vt 0.192621320486069 0
vt 0.194019168615341 0
vt 0.195417001843452 0
vt 0.196814849972725 0
vt 0.198212683200836 0
vt 0.199610531330109 0
vt 0.20100836455822 0
vt 0.202406212687492 0
vt 0.203804045915604 0
vt 0.205201894044876 0
vt -0.0189295206218958 0.0037599999923259
vt -0.0202289987355471 0.0037599999923259
vt -0.0215284787118435 0.0037599999923259
vt -0.0228279568254948 0.0037599999923259
vt -0.0241274368017912 0.0037599999923259
vt -0.0254269149154425 0.0037599999923259
vt -0.0267263948917389 0.0037599999923259
vt -0.0280258730053902 0.0037599999923259
vt 0.0304173715412617 0.0037599999923259
vt 0.0291178915649652 0.0037599999923259
vt 0.027818413451314 0.0037599999923259
vt 0.0265189334750175 0.0037599999923259
vt 0.0252194553613663 0.0037599999923259
vt 0.0239199753850698 0.0037599999923259
vt 0.0226204972714186 0.0037599999923259
vt 0.0213210172951221 0.0037599999923259
vt 0.0200215391814709 0.0037599999923259
vt 0.0187220592051744 0.0037599999923259
vt 0.0174225810915232 0.0037599999923259
vt 0.0161231011152267 0.0037599999923259
vt 0.0148236220702529 0.0037599999923259
vt 0.0153010850772262 0.00328999990597367
vt 0.0153010841459036 0
vt 0.0166031215339899 0
vt 0.0179051589220762 0
vt 0.0192071963101625 0
vt 0.0205092336982489 0
vt 0.0218112710863352 0
vt 0.0231133084744215 0
vt 0.0244153458625078 0
vt 0.0257173832505941 0
vt 0.0270194206386805 0
vt 0.0283214580267668 0
vt 0.0296234954148531 0
vt -0.0298713613301516 0
vt -0.0288171917200089 0
vt -0.0275151543319225 0
vt -0.0262131169438362 0
vt -0.0249110795557499 0
vt -0.0236090421676636 0
vt -0.0223070047795773 0
vt -0.0210049673914909 0
vt -0.0197029300034046 0
vt -0.0197029300034046 0.00300000002607703
vt -0.0293253529816866 0.0037599999923259
vt 0.0298713613301516 0
vt -0.0153010841459036 0.00300000002607703
vt -0.0166031215339899 0.00300000002607703
vt -0.0179051589220762 0.00300000002607703
vt -0.0192071963101625 0.00300000002607703
vt -0.0205092336982489 0.00300000002607703
vt -0.0218112710863352 0.00300000002607703
vt -0.0231133084744215 0.00300000002607703
vt -0.0244153458625078 0.00300000002607703
vt -0.0257173832505941 0.00300000002607703
vt -0.0270194206386805 0.00300000002607703
vt -0.0283214580267668 0.00300000002607703
vt -0.0296234954148531 0.00300000002607703
vt 0.0288171917200089 0.00300000002607703
vt 0.0275151543319225 0.00300000002607703
vt 0.0262131169438362 0.00300000002607703
vt 0.0249110795557499 0.00300000002607703
vt 0.0236090421676636 0.00300000002607703
vt 0.0223070047795773 0.00300000002607703
vt 0.0210049673914909 0.00300000002607703
vt 0.0197029300034046 0.00300000002607703
vt 0.0197029300034046 0
vt 0.0210049673914909 0
vt 0.0223070047795773 0
vt 0.0236090421676636 0
vt 0.0249110795557499 0
vt 0.0262131169438362 0
vt 0.0275151543319225 0
vt -0.0309255328029394 0
vt -0.0296234954148531 0
vt -0.0283214580267668 0
vt -0.0270194206386805 0
vt -0.0257173832505941 0
vt -0.0244153458625078 0
vt -0.0231133084744215 0
vt -0.0218112710863352 0
vt -0.0205092336982489 0
vt -0.0192071963101625 0
vt -0.0179051589220762 0
vt -0.0166031215339899 0
vt -0.0153010841459036 0
vt -0.0309255328029394 0.00300000002607703
vt 0.0288171917200089 0
vt -0.0108471568673849 0.00289682345464826
vt -0.0120407193899155 0.00274395546875894
vt -0.0132438289001584 0.00276593444868922
vt -0.0144310081377625 0.00296230753883719
vt -0.0155771123245358 0.00332891591824591
vt -0.0166578684002161 0.00385799468494952
vt -0.0176503844559193 0.00453833863139153
vt -0.0185336414724588 0.0053555378690362
vt -0.0192889310419559 0.00629228446632624
vt -0.019900256767869 0.00732873845845461
vt -0.0203546714037657 0.00844294857233763
vt -0.0206425506621599 0.00961131602525711
vt -0.0207577962428331 0.0108090955764055
vt -0.0206979680806398 0.0120109179988503
vt -0.0204643346369267 0.0131913293153048
vt -0.0200618412345648 0.0143253300338984
vt -0.0194990150630474 0.0153889004141092
vt -0.0187877751886845 0.0163595154881477
vt -0.0179431866854429 0.017216619104147
vt -0.0169831365346909 0.0179420579224825
vt -0.0159279573708773 0.0185204651206732
vt -0.0148000000044703 0.0189395919442177
vt -0.0148000000044703 0.0179342273622751
vt -0.0158250108361244 0.017503896728158
vt -0.0167728960514069 0.0169230829924345
vt -0.017621723935008 0.016205221414566
vt -0.0183518510311842 0.0153669230639935
vt -0.0189463887363672 0.0144275836646557
vt -0.0193915776908398 0.0134089374914765
vt -0.0196771174669266 0.0123345553874969
vt -0.0197964012622833 0.0112292934209108
vt -0.0197466723620892 0.0101187266409397
vt -0.0195290762931108 0.00902855023741722
vt -0.0191486515104771 0.00798398908227682
vt -0.0186141971498728 0.00700921146199107
vt -0.0179380811750889 0.00612677121534944
vt -0.0171359479427338 0.00535708712413907
vt -0.0162263568490744 0.00471796654164791
vt -0.0152303529903293 0.00422419840469956
vt -0.0141709810122848 0.00388720678165555
vt -0.0130727533251047 0.00371478917077184
vt -0.0119610801339149 0.00371093465946615
vt -0.0108616827055812 0.00387573265470564
vt -0.00980000011622906 0.00420536985620856
vt -0.00980000011622906 0.00329293217509985
vt -0.00988753605633974 0.00315243983641267
vt -0.0103646274656057 0.00220118323341012
vt -0.0106707690283656 0.00120486784726381
vt -0.0107569210231304 0.000695151451509446
vt -0.0107970163226128 0.000180898365215398
vt -0.0107899475842714 -0.000334777083480731
vt -0.010736015625298 -0.000848352094180882
vt -0.0106362188234925 -0.00135676155332476
vt -0.010491544380784 -0.0018570579122752
vt -0.0100724548101425 -0.0028254771605134
vt -0.00949052348732948 -0.00373796001076698
vt -0.00875854212790728 -0.00457910727709532
vt -0.00829765014350414 -0.00500765210017562
vt -0.00779854226857424 -0.0054102293215692
vt -0.00779854226857424 -0.0148000000044703
vt 0.00779854226857424 -0.0148000000044703
vt 0.00779854226857424 -0.0054102293215692
vt 0.00832217372953892 -0.00498634437099099
vt 0.00880345329642296 -0.00453385477885604
vt 0.00923969876021147 -0.00405428512021899
vt 0.00962748751044273 -0.00354911340400577
vt 0.0099640442058444 -0.00302105792798102
vt 0.0102469911798835 -0.00247318623587489
vt 0.0104739535599947 -0.0019085657550022
vt 0.0106425974518061 -0.00133018591441214
vt 0.0107511319220066 -0.000741187657695264
vt 0.0107980240136385 -0.000146136793773621
vt 0.0107818730175495 0.000450088205980137
vt 0.0107033476233482 0.0010420517064631
vt 0.0105641800910234 0.00162576313596219
vt 0.0103660682216287 0.00219760183244944
vt 0.0101107964292169 0.00275443564169109
vt 0.00980000011622906 0.00329293217509985
vt 0.00980000011622906 0.00420536985620856
vt 0.0108616827055812 0.00387573265470564
vt 0.0119610801339149 0.00371093465946615
vt 0.0130727533251047 0.00371478917077184
vt 0.0141709810122848 0.00388720678165555
vt 0.0152303529903293 0.00422419840469956
vt 0.0162263568490744 0.00471796654164791
vt 0.0171359479427338 0.00535708712413907
vt 0.0179380811750889 0.00612677121534944
vt 0.0186141971498728 0.00700921146199107
vt 0.0191486515104771 0.00798398908227682
vt 0.0195290762931108 0.00902855023741722
vt 0.0197466723620892 0.0101187266409397
vt 0.0197964012622833 0.0112292934209108
vt 0.0196771174669266 0.0123345553874969
vt 0.0193915776908398 0.0134089374914765
vt 0.0189463887363672 0.0144275836646557
vt 0.0183518510311842 0.0153669230639935
vt 0.017621723935008 0.016205221414566
vt 0.0167728960514069 0.0169230829924345
vt 0.0158250108361244 0.017503896728158
vt 0.0148000000044703 0.0179342273622751
vt 0.0148000000044703 0.0181447062641382
vt 0.0158801078796387 0.0177002735435963
vt 0.0168782230466604 0.0170937087386847
vt 0.0177701935172081 0.0163396894931793
vt 0.0185344349592924 0.0154564632102847
vt 0.0191524550318718 0.0144654000177979
vt 0.0196092985570431 0.0133904814720154
vt 0.0198939107358456 0.0122577184811234
vt 0.0199994053691626 0.0110945226624608
vt 0.0199232287704945 0.00992903858423233
vt 0.019667224958539 0.00878946948796511
vt 0.0192375890910625 0.00770339043810964
vt 0.0186447147279978 0.00669708196073771
vt 0.0179029516875744 0.00579489441588521
vt 0.0170302484184504 0.00501865847036242
vt 0.0160477198660374 0.00438715750351548
vt 0.0149791426956654 0.00391567219048738
vt 0.013850374147296 0.0036156119313091
vt 0.0126887271180749 0.00349423685111105
vt 0.0115223117172718 0.00355448457412422
vt 0.0103793516755104 0.00379489664919674
vt 0.0107923494651914 0.00164472905453295
vt 0.0109134307131171 0.00100844539701939
vt 0.010988530702889 0.000364665145752952
vt 0.0109927225857973 -0.000284324662061408
vt 0.0109247770160437 -0.000933569797780365
vt 0.0107872169464827 -0.00157225143630058
vt 0.0105837034061551 -0.00218948838301003
vt 0.0103190829977393 -0.00278273061849177
vt 0.00999854225665331 -0.003350691171363
vt 0.00956745352596045 -0.00396630959585309
vt 0.00908099487423897 -0.00453391158953309
vt 0.00799854192882776 -0.00556177599355578
vt 0.00799854192882776 -0.0149999996647239
vt -0.0082885418087244 -0.0149999996647239
vt -0.0082885418087244 -0.00568884005770087
vt -0.0088705038651824 -0.00514895049855113
vt -0.00963483657687902 -0.00434549897909164
vt -0.0102637214586139 -0.0034730969928205
vt -0.0107549773529172 -0.00253594294190407
vt -0.0110920332372189 -0.00155362137593329
vt -0.0112663330510259 -0.000533017388079315
vt -0.0112708108499646 0.000483733660075814
vt -0.0112072611227632 0.000995346228592098
vt -0.0110946008935571 0.00160854251589626
vt 0.0426910668611526 0.00300000002607703
vt 0.0426446422934532 0.00300000002607703
vt 0.0425694435834885 0.00300000002607703
vt 0.041599627584219 0.00300000002607703
vt 0.0415350943803787 0.00300000002607703
vt 0.0407540090382099 0.00300000002607703
vt 0.039978314191103 0.00300000002607703
vt 0.0391939394176006 0.00300000002607703
vt 0.0384017154574394 0.00300000002607703
vt 0.0382904149591923 0.00300000002607703
vt 0.0376249775290489 0.00300000002607703
vt 0.0369991809129715 0.00300000002607703
vt 0.0363712981343269 0.00300000002607703
vt 0.0357470251619816 0.00300000002607703
vt 0.035126056522131 0.00300000002607703
vt 0.0345046520233154 0.00300000002607703
vt 0.0338821224868298 0.00300000002607703
vt 0.0338821224868298 0
vt 0.0345048904418945 0
vt 0.035127654671669 0
vt 0.0357524119317532 0
vt 0.036377165466547 0
vt 0.0370019190013409 0
vt 0.037626676261425 0
vt 0.0386005043983459 0
vt 0.0395743325352669 0
vt 0.0405481606721878 0
vt 0.0415219888091087 0
vt 0.0426467433571815 0
vt 0.0427018292248249 2.60208521396521E-16
vt 0.00933123286813498 -0.0323740765452385
vt 0 -0.0323740765452385
vt 0 -0.0333115756511688
vt 0 -0.0342490784823895
vt 0 -0.0351865775883198
vt 0 -0.0361240766942501
vt 0 -0.0370615758001804
vt 0 0.0376029834151268
vt 0 0.0366654843091965
vt 0 0.0357279852032661
vt 0 0.0347904860973358
vt 0 0.0338529832661152
vt 0 0.0329154841601849
vt 0 0.0319779850542545
vt 0 0.0310404840856791
vt 0 0.0301029849797487
vt 0 0.0291654840111732
vt 0 0.0282279849052429
vt 0.00933123286813498 0.0282279849052429
vt 0.00933123286813498 0.0291654840111732
vt 0.00933123286813498 0.0301029849797487
vt 0.00933123286813498 0.0310404840856791
vt 0.00933123286813498 0.0319779850542545
vt 0.00933123286813498 0.0329154841601849
vt 0.00933123286813498 0.0338529832661152
vt 0.00933123286813498 0.0347904860973358
vt 0.00933123286813498 0.0357279852032661
vt 0.00933123286813498 0.0366654843091965
vt 0.00933123286813498 -0.0379990749061108
vt 0.00933123286813498 -0.0370615758001804
vt 0.00933123286813498 -0.0361240766942501
vt 0.00933123286813498 -0.0351865775883198
vt 0.00933123286813498 -0.0342490784823895
vt 0.00933123286813498 -0.0333115756511688
vt 0 -0.0379990749061108
vt 0.00933123286813498 0.0376029834151268
vt -0.00469488557428122 0.00499999988824129
vt 0.00469488557428122 0.00499999988824129
vt 0.00469488557428122 0.0149999996647239
vt -0.00469488557428122 0.0149999996647239
vt -0.00779854226857424 0.00499999988824129
vt 0.00779854226857424 0.00499999988824129
vt 0.00779854226857424 0.0149999996647239
vt -0.00779854226857424 0.0149999996647239
vt -0.00469488557428122 0.00499999988824129
vt 0.00469488557428122 0.00499999988824129
vt 0.00469488557428122 0.0149999996647239
vt -0.00469488557428122 0.0149999996647239
vt -0.032918568700552 0.00499999988824129
vt -0.0317405983805656 0.00499999988824129
vt -0.031680341809988 0.00499999988824129
vt -0.0310612265020609 0.00499999988824129
vt -0.0304421111941338 0.00499999988824129
vt -0.0298229977488518 0.00499999988824129
vt -0.0292038824409246 0.00499999988824129
vt -0.0285847689956427 0.00499999988824129
vt -0.0279656536877155 0.00499999988824129
vt -0.0273465402424335 0.00499999988824129
vt -0.0267274249345064 0.00499999988824129
vt -0.0261083114892244 0.00499999988824129
vt -0.0254891961812973 0.00499999988824129
vt -0.0248700808733702 0.00499999988824129
vt -0.0242509674280882 0.00499999988824129
vt -0.0231765322387218 0.00499999988824129
vt -0.0230127386748791 0.00499999988824129
vt -0.0230127386748791 0.0149999996647239
vt -0.0236318521201611 0.0149999996647239
vt -0.0242509674280882 0.0149999996647239
vt -0.0248700808733702 0.0149999996647239
vt -0.0254891961812973 0.0149999996647239
vt -0.0261083114892244 0.0149999996647239
vt -0.0267274249345064 0.0149999996647239
vt -0.0273465402424335 0.0149999996647239
vt -0.0279656536877155 0.0149999996647239
vt -0.0285847689956427 0.0149999996647239
vt -0.0292038824409246 0.0149999996647239
vt -0.0298229977488518 0.0149999996647239
vt -0.0304421111941338 0.0149999996647239
vt -0.0310612265020609 0.0149999996647239
vt -0.031680341809988 0.0149999996647239
vt -0.03229945525527 0.0149999996647239
vt -0.032918568700552 0.0149999996647239
vt -0.000456218869658187 0.00499999988824129
vt 0.000456218869658187 0.00499999988824129
vt 0.000456218869658187 0.0149999996647239
vt -0.000456218869658187 0.0149999996647239
vt 0.00872338376939297 0.00499999988824129
vt 0.00983613729476929 0.00499999988824129
vt 0.0109488917514682 0.00499999988824129
vt 0.0120616462081671 0.00499999988824129
vt 0.013174400664866 0.00499999988824129
vt 0.0142871551215649 0.00499999988824129
vt 0.0153999095782638 0.00499999988824129
vt 0.0165126640349627 0.00499999988824129
vt 0.017625417560339 0.00499999988824129
vt 0.0187381729483604 0.00499999988824129
vt 0.0198509264737368 0.00499999988824129
vt 0.0209636799991131 0.00499999988824129
vt 0.0220764353871346 0.00499999988824129
vt -0.0227305274456739 0.00499999988824129
vt -0.0216177720576525 0.00499999988824129
vt -0.0205050185322762 0.00499999988824129
vt -0.0193922650068998 0.00499999988824129
vt -0.0182795096188784 0.00499999988824129
vt -0.017166756093502 0.00499999988824129
vt -0.0160540007054806 0.00499999988824129
vt -0.0149412471801043 0.00499999988824129
vt -0.0138284927234054 0.00499999988824129
vt -0.0138284927234054 0.0149999996647239
vt -0.0149412471801043 0.0149999996647239
vt -0.0160540007054806 0.0149999996647239
vt -0.017166756093502 0.0149999996647239
vt -0.0182795096188784 0.0149999996647239
vt -0.0193922650068998 0.0149999996647239
vt -0.0205050185322762 0.0149999996647239
vt -0.0216177720576525 0.0149999996647239
vt 0.0231891889125109 0.0149999996647239
vt 0.0220764353871346 0.0149999996647239
vt 0.0209636799991131 0.0149999996647239
vt 0.0198509264737368 0.0149999996647239
vt 0.0187381729483604 0.0149999996647239
vt 0.017625417560339 0.0149999996647239
vt 0.0165126640349627 0.0149999996647239
vt 0.0153999095782638 0.0149999996647239
vt 0.0142871551215649 0.0149999996647239
vt 0.013174400664866 0.0149999996647239
vt 0.0120616462081671 0.0149999996647239
vt 0.0109488917514682 0.0149999996647239
vt 0.00983613729476929 0.0149999996647239
vt 0.00872338376939297 0.0149999996647239
vt -0.0227305274456739 0.0149999996647239
vt 0.0231891889125109 0.00499999988824129
vt 0.0230127386748791 0.00499999988824129
vt 0.0238059181720018 0.00499999988824129
vt 0.0245990976691246 0.00499999988824129
vt 0.0254896339029074 0.00499999988824129
vt 0.026380168274045 0.00499999988824129
vt 0.0273185260593891 0.00499999988824129
vt 0.0282568838447332 0.00499999988824129
vt 0.0289882086217403 0.00499999988824129
vt 0.0297195352613926 0.00499999988824129
vt 0.0304508600383997 0.00499999988824129
vt 0.0311821866780519 0.00499999988824129
vt 0.0320268534123898 0.00499999988824129
vt 0.032918568700552 0.00499999988824129
vt 0.032918568700552 0.0149999996647239
vt 0.0320268534123898 0.0149999996647239
vt 0.0311821866780519 0.0149999996647239
vt 0.0304508600383997 0.0149999996647239
vt 0.0297195352613926 0.0149999996647239
vt 0.0289882086217403 0.0149999996647239
vt 0.0282568838447332 0.0149999996647239
vt 0.0273185260593891 0.0149999996647239
vt 0.026380168274045 0.0149999996647239
vt 0.0254896339029074 0.0149999996647239
vt 0.0245990976691246 0.0149999996647239
vt 0.0238059181720018 0.0149999996647239
vt 0.0230127386748791 0.0149999996647239
vt -0.000456218869658187 0.00499999988824129
vt 0.000456218869658187 0.00499999988824129
vt 0.000456218869658187 0.0149999996647239
vt -0.000456218869658187 0.0149999996647239
vt 0.0138284927234054 0.00499999988824129
vt 0.0149412471801043 0.00499999988824129
vt 0.0160540007054806 0.00499999988824129
vt 0.017166756093502 0.00499999988824129
vt 0.0182795096188784 0.00499999988824129
vt 0.0193922650068998 0.00499999988824129
vt 0.0205050185322762 0.00499999988824129
vt 0.0216177720576525 0.00499999988824129
vt 0.0227305274456739 0.00499999988824129
vt -0.0220764353871346 0.00499999988824129
vt -0.0209636799991131 0.00499999988824129
vt -0.0198509264737368 0.00499999988824129
vt -0.0187381729483604 0.00499999988824129
vt -0.017625417560339 0.00499999988824129
vt -0.0165126640349627 0.00499999988824129
vt -0.0153999095782638 0.00499999988824129
vt -0.0142871551215649 0.00499999988824129
vt -0.013174400664866 0.00499999988824129
vt -0.0120616462081671 0.00499999988824129
vt -0.0109488917514682 0.00499999988824129
vt -0.00983613729476929 0.00499999988824129
vt -0.00872338376939297 0.00499999988824129
vt -0.00872338376939297 0.0149999996647239
vt -0.00983613729476929 0.0149999996647239
vt -0.0109488917514682 0.0149999996647239
vt -0.0120616462081671 0.0149999996647239
vt -0.013174400664866 0.0149999996647239
vt -0.0142871551215649 0.0149999996647239
vt -0.0153999095782638 0.0149999996647239
vt -0.0165126640349627 0.0149999996647239
vt -0.017625417560339 0.0149999996647239
vt -0.0187381729483604 0.0149999996647239
vt -0.0198509264737368 0.0149999996647239
vt -0.0209636799991131 0.0149999996647239
vt 0.0238432809710503 0.0149999996647239
vt 0.0227305274456739 0.0149999996647239
vt 0.0216177720576525 0.0149999996647239
vt 0.0205050185322762 0.0149999996647239
vt 0.0193922650068998 0.0149999996647239
vt 0.0182795096188784 0.0149999996647239
vt 0.017166756093502 0.0149999996647239
vt 0.0160540007054806 0.0149999996647239
vt 0.0149412471801043 0.0149999996647239
vt 0.0138284927234054 0.0149999996647239
vt -0.0220764353871346 0.0149999996647239
vt 0.0238432809710503 0.00499999988824129
vt -0.00104442937299609 0.00499999988824129
vt -0.000681293255183846 0.00499999988824129
vt 0.000248227152042091 0.00444063590839505
vt 0.00083394895773381 0.00499999988824129
vt 0.00104442937299609 0.00499999988824129
vt 0.00104442937299609 0.0149999996647239
vt -0.00104442937299609 0.0149999996647239
vt 0.102304317057133 0.00499999988824129
vt 0.103575214743614 0.00499999988824129
vt 0.104846119880676 0.00499999988824129
vt 0.106117025017738 0.00499999988824129
vt 0.1073879301548 0.00499999988824129
vt 0.108658827841282 0.00499999988824129
vt 0.109929732978344 0.00499999988824129
vt 0.111200638115406 0.00499999988824129
vt 0.112471535801888 0.00499999988824129
vt 0.11374244093895 0.00499999988824129
vt 0.115013346076012 0.00499999988824129
vt 0.116284251213074 0.00499999988824129
vt 0.117555148899555 0.00499999988824129
vt 0.118826054036617 0.00499999988824129
vt 0.120096959173679 0.00499999988824129
vt 0.121367856860161 0.00499999988824129
vt 0.122638761997223 0.00499999988824129
vt 0.123909667134285 0.00499999988824129
vt 0.125180572271347 0.00499999988824129
vt 0.126451477408409 0.00499999988824129
vt 0.127722382545471 0.00499999988824129
vt 0.128993272781372 0.00499999988824129
vt 0.130264177918434 0.00499999988824129
vt 0.131535083055496 0.00499999988824129
vt 0.132805988192558 0.00499999988824129
vt 0.13407689332962 0.00499999988824129
vt 0.135347798466682 0.00499999988824129
vt 0.136618703603745 0.00499999988824129
vt 0.137889593839645 0.00499999988824129
vt 0.139160498976707 0.00499999988824129
vt 0.14043140411377 0.00499999988824129
vt 0.141702309250832 0.00499999988824129
vt 0.142973214387894 0.00499999988824129
vt 0.144244119524956 0.00499999988824129
vt 0.145515024662018 0.00499999988824129
vt 0.146785914897919 0.00499999988824129
vt 0.148056820034981 0.00499999988824129
vt 0.149327725172043 0.00499999988824129
vt 0.150598630309105 0.00499999988824129
vt 0.151869535446167 0.00499999988824129
vt 0.153140440583229 0.00499999988824129
vt 0.154411345720291 0.00499999988824129
vt 0.155682235956192 0.00499999988824129
vt 0.156953141093254 0.00499999988824129
vt 0.158224046230316 0.00499999988824129
vt 0.159494951367378 0.00499999988824129
vt 0.16076585650444 0.00499999988824129
vt 0.162036761641502 0.00499999988824129
vt 0.163307666778564 0.00499999988824129
vt 0.164578557014465 0.00499999988824129
vt 0.165849462151527 0.00499999988824129
vt 0.167120367288589 0.00499999988824129
vt 0.168391272425652 0.00499999988824129
vt 0.169662177562714 0.00499999988824129
vt 0.170933082699776 0.00499999988824129
vt 0.172203987836838 0.00499999988824129
vt 0.173474878072739 0.00499999988824129
vt 0.174745783209801 0.00499999988824129
vt 0.176016688346863 0.00499999988824129
vt 0.177287593483925 0.00499999988824129
vt 0.178558498620987 0.00499999988824129
vt 0.179829403758049 0.00499999988824129
vt 0.181100308895111 0.00499999988824129
vt 0.182371199131012 0.00499999988824129
vt 0.183642104268074 0.00499999988824129
vt 0.183642104268074 0.0149999996647239
vt 0.182371199131012 0.0149999996647239
vt 0.181100308895111 0.0149999996647239
vt 0.179829403758049 0.0149999996647239
vt 0.178558498620987 0.0149999996647239
vt 0.177287593483925 0.0149999996647239
vt 0.176016688346863 0.0149999996647239
vt 0.174745783209801 0.0149999996647239
vt 0.173474878072739 0.0149999996647239
vt 0.172203987836838 0.0149999996647239
vt 0.170933082699776 0.0149999996647239
vt 0.169662177562714 0.0149999996647239
vt 0.168391272425652 0.0149999996647239
vt 0.167120367288589 0.0149999996647239
vt 0.165849462151527 0.0149999996647239
vt 0.164578557014465 0.0149999996647239
vt 0.163307666778564 0.0149999996647239
vt 0.162036761641502 0.0149999996647239
vt 0.16076585650444 0.0149999996647239
vt 0.159494951367378 0.0149999996647239
vt 0.158224046230316 0.0149999996647239
vt 0.156953141093254 0.0149999996647239
vt 0.155682235956192 0.0149999996647239
vt 0.154411345720291 0.0149999996647239
vt 0.153140440583229 0.0149999996647239
vt 0.151869535446167 0.0149999996647239
vt 0.150598630309105 0.0149999996647239
vt 0.149327725172043 0.0149999996647239
vt 0.148056820034981 0.0149999996647239
vt 0.146785914897919 0.0149999996647239
vt 0.145515024662018 0.0149999996647239
vt 0.144244119524956 0.0149999996647239
vt 0.142973214387894 0.0149999996647239
vt 0.141702309250832 0.0149999996647239
vt 0.14043140411377 0.0149999996647239
vt 0.139160498976707 0.0149999996647239
vt 0.137889593839645 0.0149999996647239
vt 0.136618703603745 0.0149999996647239
vt 0.135347798466682 0.0149999996647239
vt 0.13407689332962 0.0149999996647239
vt 0.132805988192558 0.0149999996647239
vt 0.131535083055496 0.0149999996647239
vt 0.130264177918434 0.0149999996647239
vt 0.128993272781372 0.0149999996647239
vt 0.127722382545471 0.0149999996647239
vt 0.126451477408409 0.0149999996647239
vt 0.125180572271347 0.0149999996647239
vt 0.123909667134285 0.0149999996647239
vt 0.122638761997223 0.0149999996647239
vt 0.121367856860161 0.0149999996647239
vt 0.120096959173679 0.0149999996647239
vt 0.118826054036617 0.0149999996647239
vt 0.117555148899555 0.0149999996647239
vt 0.116284251213074 0.0149999996647239
vt 0.115013346076012 0.0149999996647239
vt 0.11374244093895 0.0149999996647239
vt 0.112471535801888 0.0149999996647239
vt 0.111200638115406 0.0149999996647239
vt 0.109929732978344 0.0149999996647239
vt 0.108658827841282 0.0149999996647239
vt 0.1073879301548 0.0149999996647239
vt 0.106117025017738 0.0149999996647239
vt 0.104846119880676 0.0149999996647239
vt 0.103575214743614 0.0149999996647239
vt 0.102304317057133 0.0149999996647239
vt -0.00104442937299609 0.00499999988824129
vt -3.90634268114809E-05 0.00499999988824129
vt 0.000238234002608806 0.00473337713629007
vt 0.000555383274331689 0.0049242302775383
vt 0.000681293255183846 0.00499999988824129
vt 0.00104442937299609 0.00499999988824129
vt 0.00104442937299609 0.0149999996647239
vt -0.00104442937299609 0.0149999996647239
vt 0.0044999998062849 0.0149999996647239
vt -0.0044999998062849 0.0149999996647239
vt -0.0044999998062849 -8.67361737988404E-19
vt 0.0044999998062849 -8.67361737988404E-19
vt 0.00653781089931726 0.0149999996647239
vt 0.00761447148397565 0.0149999996647239
vt 0.00869113206863403 0.0149999996647239
vt 0.0097677931189537 0.0149999996647239
vt 0.0108444541692734 0.0149999996647239
vt 0.0119211142882705 0.0149999996647239
vt 0.0129977753385901 0.0149999996647239
vt 0.0140744363889098 0.0149999996647239
vt 0.0151510965079069 0.0149999996647239
vt 0.0162277575582266 0.0149999996647239
vt 0.0173044186085463 0.0149999996647239
vt 0.0183810796588659 0.0149999996647239
vt 0.0194577407091856 0.0149999996647239
vt -0.0203587673604488 0.0149999996647239
vt -0.0192821063101292 0.0149999996647239
vt -0.0182054471224546 0.0149999996647239
vt -0.017128786072135 0.0149999996647239
vt -0.0160521250218153 0.0149999996647239
vt -0.0149754639714956 0.0149999996647239
vt -0.013898802921176 0.0149999996647239
vt -0.0128221428021789 0.0149999996647239
vt -0.0117454817518592 0.0149999996647239
vt -0.0117454817518592 0
vt -0.0128221428021789 0
vt -0.013898802921176 0
vt -0.0149754639714956 0
vt -0.0160521250218153 0
vt -0.017128786072135 0
vt -0.0182054471224546 0
vt -0.0192821063101292 0
vt 0.0205343998968601 0
vt 0.0194577407091856 0
vt 0.0183810796588659 0
vt 0.0173044186085463 0
vt 0.0162277575582266 0
vt 0.0151510965079069 0
vt 0.0140744363889098 0
vt 0.0129977753385901 0
vt 0.0119211142882705 0
vt 0.0108444541692734 0
vt 0.0097677931189537 0
vt 0.00869113206863403 0
vt 0.00761447148397565 0
vt 0.00653781089931726 0
vt -0.0203587673604488 0
vt 0.0205343998968601 0.0149999996647239
vt 0.00149183894973248 0.0149999996647239
vt -0.00149183894973248 0.0149999996647239
vt -0.00149183894973248 0
vt 0.00149183894973248 0
vt 0.0782929956912994 -0.00226510618813336
vt 0.0782929956912994 -0.00193177280016243
vt 0.0782929956912994 -0.00159843941219151
vt 0.0782929956912994 -0.00126510614063591
vt 0.0782929956912994 -0.000931772752664983
vt 0.0782929956912994 -0.00059843942290172
vt 0.0782929956912994 -0.000265106093138456
vt 0.0782929956912994 6.82272366248071E-05
vt 0.0782929956912994 0.000401560566388071
vt 0.0782929956912994 0.000734893896151334
vt 0.0782929956912994 0.0010682272259146
vt 0.0782929956912994 0.00140156061388552
vt 0.0782929956912994 0.00173489388544112
vt 0.0782929956912994 0.00206822715699673
vt 0.0782929956912994 0.00240156054496765
vt 0.0782929956912994 0.00273489393293858
vt 0.0782929956912994 0.0030682273209095
vt 0.0782929956912994 0.00340156047604978
vt 0.0782929956912994 0.00373489386402071
vt 0.0782929956912994 0.00406822701916099
vt 0.0782929956912994 0.00440156040713191
vt 0.0782929956912994 0.00473489379510283
vt 0.0782929956912994 0.00506822718307376
vt 0.0782929956912994 0.00540156057104468
vt 0.0782929956912994 0.00573489395901561
vt 0.0782929956912994 0.00606822734698653
vt 0.0782929956912994 0.00640156073495746
vt 0.0782929956912994 0.00673489412292838
vt 0.0782929956912994 0.00706822704523802
vt 0.0782929956912994 0.00740156043320894
vt 0.0782929956912994 0.00773489382117987
vt 0.0782929956912994 0.00806822720915079
vt 0.0782929956912994 0.00840156059712172
vt 0.0782929956912994 0.00873489398509264
vt 0.0782929956912994 0.00906822737306356
vt 0.0782929956912994 0.00940156076103449
vt 0.0782929956912994 0.00973489414900541
vt 0.0782929956912994 0.0100682275369763
vt 0.0782929956912994 0.0104015609249473
vt 0.0782929956912994 -0.0102046821266413
vt 0.0782929956912994 -0.00987134873867035
vt 0.0782929956912994 -0.00953801535069942
vt 0.0782929956912994 -0.0092046819627285
vt 0.0782929956912994 -0.00887134857475758
vt 0.0782929956912994 -0.00853801518678665
vt 0.0782929956912994 -0.00820468179881573
vt 0 -0.00820468179881573
vt 0 -0.00853801518678665
vt 0 -0.00887134857475758
vt 0 -0.0092046819627285
vt 0 -0.00953801535069942
vt 0 -0.00987134873867035
vt 0 0.0107348943129182
vt 0 0.0104015609249473
vt 0 0.0100682275369763
vt 0 0.00973489414900541
vt 0 0.00940156076103449
vt 0 0.00906822737306356
vt 0 0.00873489398509264
vt 0 0.00840156059712172
vt 0 0.00806822720915079
vt 0 0.00773489382117987
vt 0 0.00740156043320894
vt 0 0.00706822704523802
vt 0 0.00673489412292838
vt 0 0.00640156073495746
vt 0 0.00606822734698653
vt 0 0.00573489395901561
vt 0 0.00540156057104468
vt 0 0.00506822718307376
vt 0 0.00473489379510283
vt 0 0.00440156040713191
vt 0 0.00406822701916099
vt 0 0.00373489386402071
vt 0 0.00340156047604978
vt 0 0.0030682273209095
vt 0 0.00273489393293858
vt 0 0.00240156054496765
vt 0 0.00206822715699673
vt 0 0.00173489388544112
vt 0 0.00140156061388552
vt 0 0.0010682272259146
vt 0 0.000734893896151334
vt 0 0.000401560566388071
vt 0 6.82272366248071E-05
vt 0 -0.000265106093138456
vt 0 -0.00059843942290172
vt 0 -0.000931772752664983
vt 0 -0.00126510614063591
vt 0 -0.00159843941219151
vt 0 -0.00193177280016243
vt 0 -0.00226510618813336
vt 0 -0.0102046821266413
vt 0.0782929956912994 0.0107348943129182
vt 0.00149183894973248 0.0149999996647239
vt -0.00149183894973248 0.0149999996647239
vt -0.00149183894973248 0
vt 0.00149183894973248 0
vt 0.0117454817518592 0.0149999996647239
vt 0.0128221428021789 0.0149999996647239
vt 0.013898802921176 0.0149999996647239
vt 0.0149754639714956 0.0149999996647239
vt 0.0160521250218153 0.0149999996647239
vt 0.017128786072135 0.0149999996647239
vt 0.0182054471224546 0.0149999996647239
vt 0.0192821063101292 0.0149999996647239
vt 0.0203587673604488 0.0149999996647239
vt -0.0194577407091856 0.0149999996647239
vt -0.0183810796588659 0.0149999996647239
vt -0.0173044186085463 0.0149999996647239
vt -0.0162277575582266 0.0149999996647239
vt -0.0151510965079069 0.0149999996647239
vt -0.0140744363889098 0.0149999996647239
vt -0.0129977753385901 0.0149999996647239
vt -0.0119211142882705 0.0149999996647239
vt -0.0108444541692734 0.0149999996647239
vt -0.0097677931189537 0.0149999996647239
vt -0.00869113206863403 0.0149999996647239
vt -0.00761447148397565 0.0149999996647239
vt -0.00653781089931726 0.0149999996647239
vt -0.00653781089931726 0
vt -0.00761447148397565 0
vt -0.00869113206863403 0
vt -0.0097677931189537 0
vt -0.0108444541692734 0
vt -0.0119211142882705 0
vt -0.0129977753385901 0
vt -0.0140744363889098 0
vt -0.0151510965079069 0
vt -0.0162277575582266 0
vt -0.0173044186085463 0
vt -0.0183810796588659 0
vt 0.0214354284107685 0
vt 0.0203587673604488 0
vt 0.0192821063101292 0
vt 0.0182054471224546 0
vt 0.017128786072135 0
vt 0.0160521250218153 0
vt 0.0149754639714956 0
vt 0.013898802921176 0
vt 0.0128221428021789 0
vt 0.0117454817518592 0
vt -0.0194577407091856 0
vt 0.0214354284107685 0.0149999996647239
vt 0.00122816080693156 0.0149999996647239
vt -0.00122816080693156 0.0149999996647239
vt -0.00122816080693156 0
vt 0.00122816080693156 0
vt 0.00933123286813498 0.0323740765452385
vt 0.00933123286813498 0.0333115756511688
vt 0.00933123286813498 0.0342490784823895
vt 0.00933123286813498 0.0351865775883198
vt 0.00933123286813498 0.0361240766942501
vt 0.00933123286813498 0.0370615758001804
vt 0.00933123286813498 -0.0376029834151268
vt 0.00933123286813498 -0.0366654843091965
vt 0.00933123286813498 -0.0357279852032661
vt 0.00933123286813498 -0.0347904860973358
vt 0.00933123286813498 -0.0338529832661152
vt 0.00933123286813498 -0.0329154841601849
vt 0.00933123286813498 -0.0319779850542545
vt 0.00933123286813498 -0.0310404840856791
vt 0.00933123286813498 -0.0301029849797487
vt 0.00933123286813498 -0.0291654840111732
vt 0.00933123286813498 -0.0282279849052429
vt 0 -0.0282279849052429
vt 0 -0.0291654840111732
vt 0 -0.0301029849797487
vt 0 -0.0310404840856791
vt 0 -0.0319779850542545
vt 0 -0.0329154841601849
vt 0 -0.0338529832661152
vt 0 -0.0347904860973358
vt 0 -0.0357279852032661
vt 0 -0.0366654843091965
vt 0 0.0379990749061108
vt 0 0.0370615758001804
vt 0 0.0361240766942501
vt 0 0.0351865775883198
vt 0 0.0342490784823895
vt 0 0.0333115756511688
vt 0 0.0323740765452385
vt 0 -0.0376029834151268
vt 0.00933123286813498 0.0379990749061108
vt 0.0044999998062849 0.0149999996647239
vt -0.0044999998062849 0.0149999996647239
vt -0.0044999998062849 0
vt 0.0044999998062849 0
vt 0.00699854223057628 0.0149999996647239
vt -0.00699854223057628 0.0149999996647239
vt -0.00699854223057628 8.67361737988404E-19
vt 0.00699854223057628 8.67361737988404E-19
vt -0.00699854223057628 -0.00499999988824129
vt -0.00699854223057628 -0.0140000004321337
vt 0.00699854223057628 -0.0140000004321337
vt 0.00699854223057628 -0.00499999988824129
vt 0.00753327831625938 -0.00460351631045341
vt 0.00802230555564165 -0.00417910050600767
vt 0.00846265722066164 -0.00372932734899223
vt 0.0088516604155302 -0.00325692654587328
vt 0.00918695610016584 -0.00276476400904357
vt 0.00946650933474302 -0.0022558260243386
vt 0.00968862324953079 -0.00173320062458515
vt 0.00985195115208626 -0.00120005896314979
vt 0.00995550118386745 -0.00065963581437245
vt 0.00999864563345909 -0.000115210248623043
vt 0.0099811227992177 0.000429914332926273
vt 0.00990303792059422 0.000972430396359414
vt 0.00976486597210169 0.0015090461820364
vt 0.00956744514405727 0.00203650561161339
vt 0.00931197311729193 0.00255160848610103
vt 0.00899999961256981 0.00305122928693891
vt 0.00899999961256981 0.00550755066797137
vt 0.00995213259011507 0.00500754918903112
vt 0.010973603464663 0.00467116525396705
vt 0.0120365228503942 0.00450758310034871
vt 0.0131118688732386 0.00452126981690526
vt 0.0141702815890312 0.0047118510119617
vt 0.0151828601956367 0.00507412385195494
vt 0.0161219574511051 0.0055981962941587
vt 0.0169619340449572 0.00626975949853659
vt 0.0176798552274704 0.007070476654917
vt 0.0182561166584492 0.00797848496586084
vt 0.0186749845743179 0.00896899309009314
vt 0.0189250241965055 0.0100149558857083
vt 0.0189994070678949 0.0110878134146333
vt 0.0188961029052734 0.0121582737192512
vt 0.018617931753397 0.0131971091032028
vt 0.0181724894791842 0.0141759542748332
vt 0.0175719372928143 0.0150680830702186
vt 0.0168326739221811 0.0158491376787424
vt 0.0159748829901218 0.016497790813446
vt 0.0150219853967428 0.0169963333755732
vt 0.0140000004321337 0.0173311531543732
vt 0.0140000004321337 0.0203148312866688
vt 0.0150597505271435 0.0216885283589363
vt 0.0159689653664827 0.0231553036719561
vt 0.0167185589671135 0.024700490757823
vt 0.0173010341823101 0.02630864828825
vt 0.0177105721086264 0.027963699772954
vt 0.0179430786520243 0.0296491030603647
vt 0.0179962273687124 0.0313480086624622
vt 0.0178694911301136 0.0330434329807758
vt 0.0175641309469938 0.0347184352576733
vt 0.0170832052826881 0.0363562665879726
vt 0.0164315178990364 0.0379405580461025
vt 0.0156155824661255 0.0394554734230042
vt 0.014643557369709 0.040885865688324
vt 0.0135251572355628 0.0422174446284771
vt 0.0122715616598725 0.0434368960559368
vt 0.0108953015878797 0.0445320270955563
vt 0.00941013358533382 0.0454918965697289
vt 0.00783090386539698 0.0463069044053555
vt 0.00617339694872499 0.0469689108431339
vt 0.00445418246090412 0.0474712923169136
vt 0.00269044423475862 0.0478090271353722
vt 0.000899812846910208 0.0479787439107895
vt -0.000899812846910208 0.0479787439107895
vt -0.00269044423475862 0.0478090271353722
vt -0.00445418246090412 0.0474712923169136
vt -0.00617339694872499 0.0469689108431339
vt -0.00783090386539698 0.0463069044053555
vt -0.00941013358533382 0.0454918965697289
vt -0.0108953015878797 0.0445320270955563
vt -0.0122715616598725 0.0434368960559368
vt -0.0135251572355628 0.0422174446284771
vt -0.014643557369709 0.040885865688324
vt -0.0156155824661255 0.0394554734230042
vt -0.0164315178990364 0.0379405580461025
vt -0.0170832052826881 0.0363562665879726
vt -0.0175641309469938 0.0347184352576733
vt -0.0178694911301136 0.0330434329807758
vt -0.0179962273687124 0.0313480086624622
vt -0.0179430786520243 0.0296491030603647
vt -0.0177105721086264 0.027963699772954
vt -0.0173010341823101 0.02630864828825
vt -0.0167185589671135 0.024700490757823
vt -0.0159689653664827 0.0231553036719561
vt -0.0150597505271435 0.0216885283589363
vt -0.0140000004321337 0.0203148312866688
vt -0.0140000004321337 0.0173311531543732
vt -0.0150219853967428 0.0169963333755732
vt -0.0159748829901218 0.016497790813446
vt -0.0168326739221811 0.0158491376787424
vt -0.0175719372928143 0.0150680830702186
vt -0.0181724894791842 0.0141759542748332
vt -0.018617931753397 0.0131971091032028
vt -0.0188961029052734 0.0121582737192512
vt -0.0189994070678949 0.0110878134146333
vt -0.0189250241965055 0.0100149558857083
vt -0.0186749845743179 0.00896899309009314
vt -0.0182561166584492 0.00797848496586084
vt -0.0176798552274704 0.007070476654917
vt -0.0169619340449572 0.00626975949853659
vt -0.0161219574511051 0.0055981962941587
vt -0.0151828601956367 0.00507412385195494
vt -0.0141702815890312 0.0047118510119617
vt -0.0131118688732386 0.00452126981690526
vt -0.0120365228503942 0.00450758310034871
vt -0.010973603464663 0.00467116525396705
vt -0.00995213259011507 0.00500754918903112
vt -0.00899999961256981 0.00550755066797137
vt -0.00899999961256981 0.00305122928693891
vt -0.00931197311729193 0.00255160848610103
vt -0.00956744514405727 0.00203650561161339
vt -0.00976486597210169 0.0015090461820364
vt -0.00990303792059422 0.000972430396359414
vt -0.0099811227992177 0.000429914332926273
vt -0.00999864563345909 -0.000115210248623043
vt -0.00995550118386745 -0.00065963581437245
vt -0.00985195115208626 -0.00120005896314979
vt -0.00968862324953079 -0.00173320062458515
vt -0.00946650933474302 -0.0022558260243386
vt -0.00918695610016584 -0.00276476400904357
vt -0.0088516604155302 -0.00325692654587328
vt -0.00846265722066164 -0.00372932734899223
vt -0.00802230555564165 -0.00417910050600767
vt -0.00753327831625938 -0.00460351631045341
vt -0.00980000011622906 0.00420536985620856
vt -0.0108616827055812 0.00387573265470564
vt -0.0119610801339149 0.00371093465946615
vt -0.0130727533251047 0.00371478917077184
vt -0.0141709810122848 0.00388720678165555
vt -0.0152303529903293 0.00422419840469956
vt -0.0162263568490744 0.00471796654164791
vt -0.0171359479427338 0.00535708712413907
vt -0.0179380811750889 0.00612677121534944
vt -0.0186141971498728 0.00700921146199107
vt -0.0191486515104771 0.00798398908227682
vt -0.0195290762931108 0.00902855023741722
vt -0.0197466723620892 0.0101187266409397
vt -0.0197964012622833 0.0112292934209108
vt -0.0196771174669266 0.0123345553874969
vt -0.0193915776908398 0.0134089374914765
vt -0.0189463887363672 0.0144275836646557
vt -0.0183518510311842 0.0153669230639935
vt -0.017621723935008 0.016205221414566
vt -0.0167728960514069 0.0169230829924345
vt -0.0158250108361244 0.017503896728158
vt -0.0148000000044703 0.0179342273622751
vt -0.0148000000044703 0.0200230851769447
vt -0.0158235765993595 0.0213889162987471
vt -0.0167073011398315 0.0228400304913521
vt -0.0174439251422882 0.0243632588535547
vt -0.0180261954665184 0.0259454287588596
vt -0.0184621401131153 0.0276450365781784
vt -0.0187198650091887 0.0293778013437986
vt -0.0187979955226183 0.0311266183853149
vt -0.0186951495707035 0.0328743830323219
vt -0.0184220504015684 0.0345496609807014
vt -0.0179816242307425 0.0361923351883888
vt -0.017379118129611 0.0377876050770283
vt -0.0166197810322046 0.0393206775188446
vt -0.0157093219459057 0.0407770425081253
vt -0.0146571202203631 0.0421443618834019
vt -0.0134739177301526 0.0434111021459103
vt -0.0121704582124949 0.0445657260715961
vt -0.0106785977259278 0.0456486418843269
vt -0.00908023584634066 0.0465847663581371
vt -0.00739209121093154 0.0473656766116619
vt -0.00563088292255998 0.047982931137085
vt -0.0038135782815516 0.0484290271997452
vt -0.00195843470282853 0.0487011298537254
vt -8.41075670905411E-05 0.0487978272140026
vt 0.00179074809420854 0.0487177111208439
vt 0.00324057484976947 0.0485323406755924
vt 0.00467119459062815 0.048240851610899
vt 0.00607400387525558 0.0478450730443001
vt 0.00744039891287684 0.0473468266427517
vt 0.00876193027943373 0.0467485003173351
vt 0.0100306300446391 0.0460544116795063
vt 0.0112386150285602 0.0452692806720734
vt 0.0123780034482479 0.0443978197872639
vt 0.0134422397240996 0.0434441827237606
vt 0.0144258663058281 0.0424138382077217
vt 0.0153226442635059 0.0413134954869747
vt 0.0161263346672058 0.0401498563587666
vt 0.0168310347944498 0.0389297418296337
vt 0.0174329038709402 0.0376608557999134
vt 0.0179287903010845 0.0363512337207794
vt 0.0183155369013548 0.0350089184939861
vt 0.0186224561184645 0.0334280282258987
vt 0.0187777038663626 0.0318267196416855
vt 0.018780367448926 0.0302186161279678
vt 0.0186295285820961 0.0286173485219479
vt 0.0184138435870409 0.0274177379906178
vt 0.0181126575917006 0.0262347795069218
vt 0.0177272688597441 0.0250741951167583
vt 0.0172589737921953 0.0239417143166065
vt 0.0167449675500393 0.0229077152907848
vt 0.0161620900034904 0.0219072699546814
vt 0.0155129106715322 0.0209443885833025
vt 0.0148000000044703 0.0200230851769447
vt 0.0148000000044703 0.0179342273622751
vt 0.0158250108361244 0.017503896728158
vt 0.0167728960514069 0.0169230829924345
vt 0.017621723935008 0.016205221414566
vt 0.0183518510311842 0.0153669230639935
vt 0.0189463887363672 0.0144275836646557
vt 0.0193915776908398 0.0134089374914765
vt 0.0196771174669266 0.0123345553874969
vt 0.0197964012622833 0.0112292934209108
vt 0.0197466723620892 0.0101187266409397
vt 0.0195290762931108 0.00902855023741722
vt 0.0191486515104771 0.00798398908227682
vt 0.0186141971498728 0.00700921146199107
vt 0.0179380811750889 0.00612677121534944
vt 0.0171359479427338 0.00535708712413907
vt 0.0162263568490744 0.00471796654164791
vt 0.0152303529903293 0.00422419840469956
vt 0.0141709810122848 0.00388720678165555
vt 0.0130727533251047 0.00371478917077184
vt 0.0119610801339149 0.00371093465946615
vt 0.0108616827055812 0.00387573265470564
vt 0.00980000011622906 0.00420536985620856
vt 0.00980000011622906 0.00329293217509985
vt 0.010188247077167 0.00259958789683878
vt 0.0104846134781837 0.00187770486809313
vt 0.0107034239917994 0.00104163598734885
vt 0.0107967648655176 0.000188499237992801
vt 0.0107545964419842 -0.000714358116965741
vt 0.0105706658214331 -0.00160380452871323
vt 0.0103325312957168 -0.00227824016474187
vt 0.0100151235237718 -0.00293079693801701
vt 0.00962235871702433 -0.00355641846545041
vt 0.00915815494954586 -0.0041500492952764
vt 0.00853945594280958 -0.00479052495211363
vt 0.00779854226857424 -0.0054102293215692
vt 0.00779854226857424 -0.0148000000044703
vt -0.00779854226857424 -0.0148000000044703
vt -0.00779854226857424 -0.0054102293215692
vt -0.00853945594280958 -0.00479052495211363
vt -0.00915815494954586 -0.0041500492952764
vt -0.00962235871702433 -0.00355641846545041
vt -0.0100151235237718 -0.00293079693801701
vt -0.0103325312957168 -0.00227824016474187
vt -0.0105706658214331 -0.00160380452871323
vt -0.0107545964419842 -0.000714358116965741
vt -0.0107967648655176 0.000188499237992801
vt -0.0107034239917994 0.00104163598734885
vt -0.0104846134781837 0.00187770486809313
vt -0.010188247077167 0.00259958789683878
vt -0.00980000011622906 0.00329293217509985
vt 0.0170616637915373 0.0193380862474442
vt 0.0176872499287128 0.0202167965471745
vt 0.0182633679360151 0.0211265087127686
vt 0.0187883581966162 0.0220646541565657
vt 0.0192605592310429 0.0230286661535501
vt 0.019788570702076 0.02430559694767
vt 0.0202235318720341 0.0256153419613838
vt 0.020563704892993 0.0269510429352522
vt 0.0208073630928993 0.0283058453351259
vt 0.0209776535630226 0.0301155615597963
vt 0.0209745336323977 0.031934380531311
vt 0.0207991730421782 0.0337451733648777
vt 0.0204527378082275 0.0355308167636395
vt 0.0200162641704082 0.0370454862713814
vt 0.0194568615406752 0.0385226905345917
vt 0.0187785401940346 0.039952851831913
vt 0.0179853104054928 0.0413263812661171
vt 0.0170820206403732 0.0426343195140362
vt 0.016075549647212 0.0438693463802338
vt 0.014972947537899 0.0450243428349495
vt 0.0137812634930015 0.0460921823978424
vt 0.012507226318121 0.0470666997134686
vt 0.0111585576087236 0.0479433089494705
vt 0.00974379200488329 0.0487172640860081
vt 0.00827146507799625 0.049383819103241
vt 0.00675023486837745 0.0499385148286819
vt 0.00518956547603011 0.0503788217902184
vt 0.00359919713810086 0.0507028624415398
vt 0.00198887032456696 0.0509087704122066
vt 0.000949319277424365 0.0509779006242752
vt -9.28094814298674E-05 0.0509977750480175
vt -0.00113497849088162 0.0509685650467873
vt -0.00217465031892061 0.0508904233574867
vt -0.00320928753353655 0.0507635101675987
vt -0.00423635262995958 0.0505879931151867
vt -0.00525330845266581 0.0503640249371529
vt -0.00625761784613132 0.0500917695462704
vt -0.00724678812548518 0.0497715920209885
vt -0.00821845792233944 0.0494044944643974
vt -0.00917028915137053 0.0489915981888771
vt -0.010099939070642 0.0485340282320976
vt -0.011005069129169 0.0480329096317291
vt -0.0118833398446441 0.0474893674254417
vt -0.0127324089407921 0.0469045229256153
vt -0.0135499378666282 0.04627950116992
vt -0.0142949065193534 0.045650277286768
vt -0.0150084374472499 0.0449874214828014
vt -0.0156889446079731 0.0442925281822681
vt -0.0163348391652107 0.0435671918094158
vt -0.0169445369392633 0.0428130105137825
vt -0.0175164490938187 0.0420315749943256
vt -0.0180489886552095 0.041224479675293
vt -0.018540570512414 0.0403933227062225
vt -0.0189898405224085 0.0395398400723934
vt -0.0193959660828114 0.0386661216616631
vt -0.0197581443935633 0.0377742946147919
vt -0.0200755689293146 0.0368664748966694
vt -0.0203474368900061 0.0359447821974754
vt -0.020572941750288 0.0350113436579704
vt -0.0207512825727463 0.0340682715177536
vt -0.0208816528320313 0.0331176929175854
vt -0.0209654308855534 0.0321308821439743
vt -0.0209977868944407 0.0311414375901222
vt -0.0209789704531431 0.0301518421620131
vt -0.0209092237055302 0.0291645880788565
vt -0.0207887981086969 0.0281821619719267
vt -0.0206179358065128 0.0272070523351431
vt -0.020396888256073 0.026241747662425
vt -0.0201258976012468 0.0252887345850468
vt -0.0195569600909948 0.0237138401716948
vt -0.0188528690487146 0.0221901908516884
vt -0.0180192347615957 0.020728150382638
vt -0.0170616637915373 0.0193380862474442
vt -0.0181571058928967 0.0186361856758595
vt -0.0191464759409428 0.0177913196384907
vt -0.0200112536549568 0.0168193038552999
vt -0.0207352451980114 0.0157383382320404
vt -0.021304901689291 0.0145686594769359
vt -0.0217095520347357 0.0133321676403284
vt -0.0219416227191687 0.0120520126074553
vt -0.0219967700541019 0.0107521619647741
vt -0.0218739584088326 0.00945695023983717
vt -0.0215754900127649 0.00819062907248735
vt -0.0211069528013468 0.00697690527886152
vt -0.0204771161079407 0.00583850266411901
vt -0.0196977742016315 0.00479673501104116
vt -0.0187835171818733 0.0038711060769856
vt -0.0177514627575874 0.00307894637808204
vt -0.0166209321469069 0.00243508629500866
vt -0.0154130924493074 0.00195158075075597
vt -0.0141505571082234 0.00163748196791857
vt -0.0128569630905986 0.00149867043364793
vt -0.0129502862691879 0.00088445219444111
vt -0.0129955131560564 0.000262695190031081
vt -0.012991189956665 -0.00036517740227282
vt -0.0129368817433715 -0.000990156200714409
vt -0.0128341354429722 -0.00160775450058281
vt -0.0126844989135861 -0.00221348577179015
vt -0.0123616559430957 -0.0031275455839932
vt -0.0119373137131333 -0.00399976037442684
vt -0.0114207984879613 -0.00482296850532293
vt -0.0108214393258095 -0.00559000950306654
vt -0.0100390166044235 -0.00640028202906251
vt -0.00999854225665331 -0.00643807742744684
vt -0.00999854225665331 -0.017000000923872
vt 0.00999854225665331 -0.017000000923872
vt 0.00999854225665331 -0.00643807742744684
vt 0.0100390166044235 -0.00640028202906251
vt 0.0108214393258095 -0.00559000950306654
vt 0.0114207984879613 -0.00482296850532293
vt 0.0119373137131333 -0.00399976037442684
vt 0.0123616559430957 -0.0031275455839932
vt 0.0126844989135861 -0.00221348577179015
vt 0.0128341354429722 -0.00160775450058281
vt 0.0129368817433715 -0.000990156200714409
vt 0.012991189956665 -0.00036517740227282
vt 0.0129955131560564 0.000262695190031081
vt 0.0129502862691879 0.00088445219444111
vt 0.0128569630905986 0.00149867043364793
vt 0.0141505571082234 0.00163748196791857
vt 0.0154130924493074 0.00195158075075597
vt 0.0166209321469069 0.00243508629500866
vt 0.0177514627575874 0.00307894637808204
vt 0.0187835171818733 0.0038711060769856
vt 0.0196977742016315 0.00479673501104116
vt 0.0204771161079407 0.00583850266411901
vt 0.0211069528013468 0.00697690527886152
vt 0.0215754900127649 0.00819062907248735
vt 0.0218739584088326 0.00945695023983717
vt 0.0219967700541019 0.0107521619647741
vt 0.0219416227191687 0.0120520126074553
vt 0.0217095520347357 0.0133321676403284
vt 0.021304901689291 0.0145686594769359
vt 0.0207352451980114 0.0157383382320404
vt 0.0200112536549568 0.0168193038552999
vt 0.0191464759409428 0.0177913196384907
vt 0.0181571058928967 0.0186361856758595
vt 0.00699854223057628 -0.0140000004321337
vt -0.00699854223057628 -0.0140000004321337
vt -0.00699854223057628 -0.00499999988824129
vt -0.00753327831625938 -0.00460351631045341
vt -0.00802230555564165 -0.00417910050600767
vt -0.00846265722066164 -0.00372932734899223
vt -0.0088516604155302 -0.00325692654587328
vt -0.00918695610016584 -0.00276476400904357
vt -0.00946650933474302 -0.0022558260243386
vt -0.00968862324953079 -0.00173320062458515
vt -0.00985195115208626 -0.00120005896314979
vt -0.00995550118386745 -0.00065963581437245
vt -0.00999864563345909 -0.000115210248623043
vt -0.0099811227992177 0.000429914332926273
vt -0.00990303792059422 0.000972430396359414
vt -0.00976486597210169 0.0015090461820364
vt -0.00956744514405727 0.00203650561161339
vt -0.00931197311729193 0.00255160848610103
vt -0.00899999961256981 0.00305122928693891
vt -0.00899999961256981 0.00550755066797137
vt -0.00995213259011507 0.00500754918903112
vt -0.010973603464663 0.00467116525396705
vt -0.0120365228503942 0.00450758310034871
vt -0.0131118688732386 0.00452126981690526
vt -0.0141702815890312 0.0047118510119617
vt -0.0151828601956367 0.00507412385195494
vt -0.0161219574511051 0.0055981962941587
vt -0.0169619340449572 0.00626975949853659
vt -0.0176798552274704 0.007070476654917
vt -0.0182561166584492 0.00797848496586084
vt -0.0186749845743179 0.00896899309009314
vt -0.0189250241965055 0.0100149558857083
vt -0.0189994070678949 0.0110878134146333
vt -0.0188961029052734 0.0121582737192512
vt -0.018617931753397 0.0131971091032028
vt -0.0181724894791842 0.0141759542748332
vt -0.0175719372928143 0.0150680830702186
vt -0.0168326739221811 0.0158491376787424
vt -0.0159748829901218 0.016497790813446
vt -0.0150219853967428 0.0169963333755732
vt -0.0140000004321337 0.0173311531543732
vt -0.0140000004321337 0.0203148312866688
vt -0.0150597505271435 0.0216885283589363
vt -0.0159689653664827 0.0231553036719561
vt -0.0167185589671135 0.024700490757823
vt -0.0173010341823101 0.02630864828825
vt -0.0177105721086264 0.027963699772954
vt -0.0179430786520243 0.0296491030603647
vt -0.0179962273687124 0.0313480086624622
vt -0.0178694911301136 0.0330434329807758
vt -0.0175641309469938 0.0347184352576733
vt -0.0170832052826881 0.0363562665879726
vt -0.0164315178990364 0.0379405580461025
vt -0.0156155824661255 0.0394554734230042
vt -0.014643557369709 0.040885865688324
vt -0.0135251572355628 0.0422174446284771
vt -0.0122715616598725 0.0434368960559368
vt -0.0108953015878797 0.0445320270955563
vt -0.00941013358533382 0.0454918965697289
vt -0.00783090386539698 0.0463069044053555
vt -0.00617339694872499 0.0469689108431339
vt -0.00445418246090412 0.0474712923169136
vt -0.00269044423475862 0.0478090271353722
vt -0.000899812846910208 0.0479787439107895
vt 0.000899812846910208 0.0479787439107895
vt 0.00269044423475862 0.0478090271353722
vt 0.00445418246090412 0.0474712923169136
vt 0.00617339694872499 0.0469689108431339
vt 0.00783090386539698 0.0463069044053555
vt 0.00941013358533382 0.0454918965697289
vt 0.0108953015878797 0.0445320270955563
vt 0.0122715616598725 0.0434368960559368
vt 0.0135251572355628 0.0422174446284771
vt 0.014643557369709 0.040885865688324
vt 0.0156155824661255 0.0394554734230042
vt 0.0164315178990364 0.0379405580461025
vt 0.0170832052826881 0.0363562665879726
vt 0.0175641309469938 0.0347184352576733
vt 0.0178694911301136 0.0330434329807758
vt 0.0179962273687124 0.0313480086624622
vt 0.0179430786520243 0.0296491030603647
vt 0.0177105721086264 0.027963699772954
vt 0.0173010341823101 0.02630864828825
vt 0.0167185589671135 0.024700490757823
vt 0.0159689653664827 0.0231553036719561
vt 0.0150597505271435 0.0216885283589363
vt 0.0140000004321337 0.0203148312866688
vt 0.0140000004321337 0.0173311531543732
vt 0.0150219853967428 0.0169963333755732
vt 0.0159748829901218 0.016497790813446
vt 0.0168326739221811 0.0158491376787424
vt 0.0175719372928143 0.0150680830702186
vt 0.0181724894791842 0.0141759542748332
vt 0.018617931753397 0.0131971091032028
vt 0.0188961029052734 0.0121582737192512
vt 0.0189994070678949 0.0110878134146333
vt 0.0189250241965055 0.0100149558857083
vt 0.0186749845743179 0.00896899309009314
vt 0.0182561166584492 0.00797848496586084
vt 0.0176798552274704 0.007070476654917
vt 0.0169619340449572 0.00626975949853659
vt 0.0161219574511051 0.0055981962941587
vt 0.0151828601956367 0.00507412385195494
vt 0.0141702815890312 0.0047118510119617
vt 0.0131118688732386 0.00452126981690526
vt 0.0120365228503942 0.00450758310034871
vt 0.010973603464663 0.00467116525396705
vt 0.00995213259011507 0.00500754918903112
vt 0.00899999961256981 0.00550755066797137
vt 0.00899999961256981 0.00305122928693891
vt 0.00931197311729193 0.00255160848610103
vt 0.00956744514405727 0.00203650561161339
vt 0.00976486597210169 0.0015090461820364
vt 0.00990303792059422 0.000972430396359414
vt 0.0099811227992177 0.000429914332926273
vt 0.00999864563345909 -0.000115210248623043
vt 0.00995550118386745 -0.00065963581437245
vt 0.00985195115208626 -0.00120005896314979
vt 0.00968862324953079 -0.00173320062458515
vt 0.00946650933474302 -0.0022558260243386
vt 0.00918695610016584 -0.00276476400904357
vt 0.0088516604155302 -0.00325692654587328
vt 0.00846265722066164 -0.00372932734899223
vt 0.00802230555564165 -0.00417910050600767
vt 0.00753327831625938 -0.00460351631045341
vt 0.00699854223057628 -0.00499999988824129

o Vánoční vykrajovátka\Těleso
g Vánoční vykrajovátka\Těleso
s off

usemtl c_0

# face 0
f 2/2/2 3/3/3 1/1/1
f 1/1/1 3/3/3 4/4/4

# face 1
f 7/7/7 8/8/8 6/6/6
f 6/6/6 8/8/8 9/9/9
f 6/6/6 9/9/9 5/5/5
f 5/5/5 9/9/9 10/10/10
f 5/5/5 10/10/10 30/30/30
f 30/30/30 10/10/10 29/29/29
f 10/10/10 11/11/11 29/29/29
f 29/29/29 11/11/11 28/28/28
f 28/28/28 11/11/11 27/27/27
f 27/27/27 11/11/11 12/12/12
f 27/27/27 12/12/12 26/26/26
f 26/26/26 12/12/12 25/25/25
f 12/12/12 13/13/13 25/25/25
f 25/25/25 13/13/13 24/24/24
f 24/24/24 13/13/13 23/23/23
f 23/23/23 13/13/13 14/14/14
f 23/23/23 14/14/14 22/22/22
f 22/22/22 14/14/14 21/21/21
f 14/14/14 15/15/15 21/21/21
f 21/21/21 15/15/15 20/20/20
f 20/20/20 15/15/15 19/19/19
f 19/19/19 15/15/15 16/16/16
f 19/19/19 16/16/16 18/18/18
f 18/18/18 16/16/16 17/17/17
f 30/30/30 31/31/31 5/5/5

# face 2
f 76/76/76 32/32/32 75/75/75
f 75/75/75 32/32/32 33/33/33
f 75/75/75 33/33/33 74/74/74
f 74/74/74 33/33/33 34/34/34
f 74/74/74 34/34/34 73/73/73
f 73/73/73 34/34/34 35/35/35
f 73/73/73 35/35/35 72/72/72
f 72/72/72 35/35/35 36/36/36
f 72/72/72 36/36/36 71/71/71
f 71/71/71 36/36/36 37/37/37
f 71/71/71 37/37/37 70/70/70
f 70/70/70 37/37/37 38/38/38
f 70/70/70 38/38/38 69/69/69
f 69/69/69 38/38/38 39/39/39
f 69/69/69 39/39/39 68/68/68
f 68/68/68 39/39/39 40/40/40
f 68/68/68 40/40/40 67/67/67
f 67/67/67 40/40/40 41/41/41
f 67/67/67 41/41/41 66/66/66
f 66/66/66 41/41/41 42/42/42
f 66/66/66 42/42/42 65/65/65
f 65/65/65 42/42/42 43/43/43
f 65/65/65 43/43/43 64/64/64
f 64/64/64 43/43/43 44/44/44
f 64/64/64 44/44/44 63/63/63
f 63/63/63 44/44/44 45/45/45
f 63/63/63 45/45/45 62/62/62
f 62/62/62 45/45/45 46/46/46
f 62/62/62 46/46/46 61/61/61
f 61/61/61 46/46/46 47/47/47
f 61/61/61 47/47/47 60/60/60
f 60/60/60 47/47/47 48/48/48
f 60/60/60 48/48/48 59/59/59
f 59/59/59 48/48/48 58/58/58
f 48/48/48 49/49/49 58/58/58
f 58/58/58 49/49/49 57/57/57
f 49/49/49 50/50/50 57/57/57
f 57/57/57 50/50/50 56/56/56
f 50/50/50 51/51/51 56/56/56
f 56/56/56 51/51/51 55/55/55
f 51/51/51 52/52/52 55/55/55
f 55/55/55 52/52/52 54/54/54
f 52/52/52 53/53/53 54/54/54

# face 3
f 102/102/102 77/77/77 101/101/101
f 101/101/101 77/77/77 78/78/78
f 101/101/101 78/78/78 100/100/100
f 100/100/100 78/78/78 79/79/79
f 100/100/100 79/79/79 99/99/99
f 99/99/99 79/79/79 80/80/80
f 99/99/99 80/80/80 98/98/98
f 98/98/98 80/80/80 81/81/81
f 98/98/98 81/81/81 97/97/97
f 97/97/97 81/81/81 82/82/82
f 97/97/97 82/82/82 96/96/96
f 96/96/96 82/82/82 83/83/83
f 96/96/96 83/83/83 95/95/95
f 95/95/95 83/83/83 84/84/84
f 95/95/95 84/84/84 94/94/94
f 94/94/94 84/84/84 85/85/85
f 94/94/94 85/85/85 86/86/86
f 94/94/94 86/86/86 93/93/93
f 93/93/93 86/86/86 87/87/87
f 93/93/93 87/87/87 88/88/88
f 93/93/93 88/88/88 92/92/92
f 92/92/92 88/88/88 89/89/89
f 92/92/92 89/89/89 90/90/90
f 90/90/90 91/91/91 92/92/92

# face 4
f 103/103/103 104/104/104 107/107/107
f 107/107/107 104/104/104 106/106/106
f 104/104/104 105/105/105 106/106/106

# face 5
f 108/108/108 109/109/109 112/112/112
f 112/112/112 109/109/109 110/110/110
f 112/112/112 110/110/110 111/111/111

# face 6
f 114/114/114 115/115/115 113/113/113
f 113/113/113 115/115/115 116/116/116

# face 7
f 117/117/117 118/118/118 120/120/120
f 120/120/120 118/118/118 119/119/119

# face 8
f 121/121/121 122/122/122 135/135/135
f 135/135/135 122/122/122 134/134/134
f 123/123/123 124/124/124 122/122/122
f 122/122/122 124/124/124 125/125/125
f 122/122/122 125/125/125 126/126/126
f 126/126/126 127/127/127 122/122/122
f 122/122/122 127/127/127 128/128/128
f 122/122/122 128/128/128 129/129/129
f 129/129/129 130/130/130 122/122/122
f 122/122/122 130/130/130 131/131/131
f 122/122/122 131/131/131 132/132/132
f 132/132/132 133/133/133 122/122/122
f 122/122/122 133/133/133 134/134/134

# face 9
f 136/136/136 137/137/137 139/139/139
f 139/139/139 137/137/137 138/138/138

# face 10
f 141/141/141 143/143/143 140/140/140
f 140/140/140 143/143/143 144/144/144
f 140/140/140 144/144/144 186/186/186
f 186/186/186 144/144/144 145/145/145
f 186/186/186 145/145/145 185/185/185
f 185/185/185 145/145/145 146/146/146
f 185/185/185 146/146/146 184/184/184
f 184/184/184 146/146/146 147/147/147
f 184/184/184 147/147/147 148/148/148
f 141/141/141 142/142/142 143/143/143
f 184/184/184 148/148/148 183/183/183
f 183/183/183 148/148/148 149/149/149
f 183/183/183 149/149/149 182/182/182
f 182/182/182 149/149/149 150/150/150
f 182/182/182 150/150/150 181/181/181
f 181/181/181 150/150/150 151/151/151
f 181/181/181 151/151/151 180/180/180
f 180/180/180 151/151/151 152/152/152
f 180/180/180 152/152/152 179/179/179
f 179/179/179 152/152/152 153/153/153
f 179/179/179 153/153/153 178/178/178
f 178/178/178 153/153/153 154/154/154
f 178/178/178 154/154/154 177/177/177
f 177/177/177 154/154/154 155/155/155
f 177/177/177 155/155/155 156/156/156
f 177/177/177 156/156/156 176/176/176
f 176/176/176 156/156/156 157/157/157
f 176/176/176 157/157/157 175/175/175
f 175/175/175 157/157/157 158/158/158
f 175/175/175 158/158/158 174/174/174
f 174/174/174 158/158/158 159/159/159
f 174/174/174 159/159/159 173/173/173
f 173/173/173 159/159/159 160/160/160
f 173/173/173 160/160/160 172/172/172
f 172/172/172 160/160/160 161/161/161
f 172/172/172 161/161/161 171/171/171
f 171/171/171 161/161/161 162/162/162
f 171/171/171 162/162/162 170/170/170
f 170/170/170 162/162/162 163/163/163
f 170/170/170 163/163/163 164/164/164
f 170/170/170 164/164/164 169/169/169
f 169/169/169 164/164/164 165/165/165
f 169/169/169 165/165/165 168/168/168
f 168/168/168 165/165/165 166/166/166
f 168/168/168 166/166/166 167/167/167

# face 11
f 188/188/188 189/189/189 187/187/187
f 187/187/187 189/189/189 308/308/308
f 189/189/189 190/190/190 308/308/308
f 308/308/308 190/190/190 307/307/307
f 190/190/190 191/191/191 307/307/307
f 307/307/307 191/191/191 192/192/192
f 307/307/307 192/192/192 306/306/306
f 306/306/306 192/192/192 193/193/193
f 306/306/306 193/193/193 305/305/305
f 305/305/305 193/193/193 194/194/194
f 305/305/305 194/194/194 304/304/304
f 304/304/304 194/194/194 195/195/195
f 304/304/304 195/195/195 196/196/196
f 297/297/297 298/298/298 200/200/200
f 200/200/200 298/298/298 299/299/299
f 200/200/200 299/299/299 199/199/199
f 199/199/199 299/299/299 300/300/300
f 199/199/199 300/300/300 198/198/198
f 198/198/198 300/300/300 301/301/301
f 198/198/198 301/301/301 197/197/197
f 197/197/197 301/301/301 302/302/302
f 197/197/197 302/302/302 196/196/196
f 196/196/196 302/302/302 303/303/303
f 196/196/196 303/303/303 304/304/304
f 200/200/200 201/201/201 297/297/297
f 297/297/297 201/201/201 296/296/296
f 201/201/201 202/202/202 296/296/296
f 296/296/296 202/202/202 295/295/295
f 202/202/202 203/203/203 295/295/295
f 295/295/295 203/203/203 294/294/294
f 203/203/203 204/204/204 294/294/294
f 294/294/294 204/204/204 293/293/293
f 204/204/204 205/205/205 293/293/293
f 293/293/293 205/205/205 206/206/206
f 293/293/293 206/206/206 292/292/292
f 292/292/292 206/206/206 207/207/207
f 292/292/292 207/207/207 291/291/291
f 291/291/291 207/207/207 208/208/208
f 291/291/291 208/208/208 209/209/209
f 291/291/291 209/209/209 290/290/290
f 290/290/290 209/209/209 210/210/210
f 290/290/290 210/210/210 289/289/289
f 289/289/289 210/210/210 211/211/211
f 289/289/289 211/211/211 288/288/288
f 288/288/288 211/211/211 212/212/212
f 288/288/288 212/212/212 213/213/213
f 288/288/288 213/213/213 287/287/287
f 287/287/287 213/213/213 214/214/214
f 287/287/287 214/214/214 286/286/286
f 286/286/286 214/214/214 215/215/215
f 286/286/286 215/215/215 285/285/285
f 285/285/285 215/215/215 216/216/216
f 285/285/285 216/216/216 217/217/217
f 285/285/285 217/217/217 284/284/284
f 284/284/284 217/217/217 218/218/218
f 284/284/284 218/218/218 283/283/283
f 283/283/283 218/218/218 219/219/219
f 283/283/283 219/219/219 282/282/282
f 282/282/282 219/219/219 220/220/220
f 282/282/282 220/220/220 221/221/221
f 282/282/282 221/221/221 281/281/281
f 281/281/281 221/221/221 222/222/222
f 281/281/281 222/222/222 280/280/280
f 280/280/280 222/222/222 223/223/223
f 280/280/280 223/223/223 279/279/279
f 279/279/279 223/223/223 224/224/224
f 279/279/279 224/224/224 225/225/225
f 279/279/279 225/225/225 278/278/278
f 278/278/278 225/225/225 226/226/226
f 278/278/278 226/226/226 277/277/277
f 277/277/277 226/226/226 227/227/227
f 277/277/277 227/227/227 228/228/228
f 277/277/277 228/228/228 276/276/276
f 276/276/276 228/228/228 229/229/229
f 276/276/276 229/229/229 275/275/275
f 275/275/275 229/229/229 230/230/230
f 275/275/275 230/230/230 274/274/274
f 274/274/274 230/230/230 231/231/231
f 274/274/274 231/231/231 232/232/232
f 274/274/274 232/232/232 273/273/273
f 273/273/273 232/232/232 233/233/233
f 273/273/273 233/233/233 272/272/272
f 272/272/272 233/233/233 234/234/234
f 272/272/272 234/234/234 271/271/271
f 271/271/271 234/234/234 235/235/235
f 271/271/271 235/235/235 236/236/236
f 271/271/271 236/236/236 270/270/270
f 270/270/270 236/236/236 237/237/237
f 270/270/270 237/237/237 269/269/269
f 269/269/269 237/237/237 238/238/238
f 269/269/269 238/238/238 239/239/239
f 269/269/269 239/239/239 268/268/268
f 268/268/268 239/239/239 240/240/240
f 268/268/268 240/240/240 267/267/267
f 267/267/267 240/240/240 241/241/241
f 267/267/267 241/241/241 266/266/266
f 266/266/266 241/241/241 242/242/242
f 266/266/266 242/242/242 265/265/265
f 265/265/265 242/242/242 264/264/264
f 242/242/242 243/243/243 264/264/264
f 264/264/264 243/243/243 263/263/263
f 243/243/243 244/244/244 263/263/263
f 263/263/263 244/244/244 262/262/262
f 244/244/244 245/245/245 262/262/262
f 262/262/262 245/245/245 261/261/261
f 245/245/245 246/246/246 261/261/261
f 261/261/261 246/246/246 260/260/260
f 246/246/246 247/247/247 260/260/260
f 260/260/260 247/247/247 259/259/259
f 259/259/259 247/247/247 258/258/258
f 258/258/258 247/247/247 248/248/248
f 258/258/258 248/248/248 257/257/257
f 257/257/257 248/248/248 249/249/249
f 257/257/257 249/249/249 250/250/250
f 257/257/257 250/250/250 256/256/256
f 256/256/256 250/250/250 251/251/251
f 256/256/256 251/251/251 255/255/255
f 255/255/255 251/251/251 252/252/252
f 255/255/255 252/252/252 253/253/253
f 253/253/253 254/254/254 255/255/255

# face 12
f 355/355/355 309/309/309 350/350/350
f 350/350/350 309/309/309 310/310/310
f 350/350/350 310/310/310 349/349/349
f 349/349/349 310/310/310 311/311/311
f 349/349/349 311/311/311 312/312/312
f 349/349/349 312/312/312 348/348/348
f 348/348/348 312/312/312 313/313/313
f 348/348/348 313/313/313 314/314/314
f 348/348/348 314/314/314 347/347/347
f 347/347/347 314/314/314 315/315/315
f 347/347/347 315/315/315 316/316/316
f 347/347/347 316/316/316 346/346/346
f 346/346/346 316/316/316 317/317/317
f 346/346/346 317/317/317 345/345/345
f 345/345/345 317/317/317 318/318/318
f 345/345/345 318/318/318 344/344/344
f 344/344/344 318/318/318 319/319/319
f 344/344/344 319/319/319 343/343/343
f 343/343/343 319/319/319 320/320/320
f 343/343/343 320/320/320 342/342/342
f 342/342/342 320/320/320 321/321/321
f 342/342/342 321/321/321 322/322/322
f 342/342/342 322/322/322 341/341/341
f 341/341/341 322/322/322 323/323/323
f 341/341/341 323/323/323 340/340/340
f 340/340/340 323/323/323 335/335/335
f 340/340/340 335/335/335 336/336/336
f 330/330/330 331/331/331 324/324/324
f 324/324/324 331/331/331 332/332/332
f 324/324/324 332/332/332 323/323/323
f 323/323/323 332/332/332 333/333/333
f 323/323/323 333/333/333 334/334/334
f 325/325/325 326/326/326 324/324/324
f 324/324/324 326/326/326 327/327/327
f 324/324/324 327/327/327 328/328/328
f 328/328/328 329/329/329 324/324/324
f 324/324/324 329/329/329 330/330/330
f 334/334/334 335/335/335 323/323/323
f 337/337/337 338/338/338 336/336/336
f 336/336/336 338/338/338 339/339/339
f 336/336/336 339/339/339 340/340/340
f 350/350/350 351/351/351 355/355/355
f 355/355/355 351/351/351 352/352/352
f 355/355/355 352/352/352 354/354/354
f 354/354/354 352/352/352 353/353/353

# face 13
f 528/528/528 356/356/356 359/359/359
f 359/359/359 356/356/356 357/357/357
f 359/359/359 357/357/357 358/358/358
f 359/359/359 360/360/360 528/528/528
f 528/528/528 360/360/360 362/362/362
f 528/528/528 362/362/362 363/363/363
f 360/360/360 361/361/361 362/362/362
f 528/528/528 363/363/363 527/527/527
f 527/527/527 363/363/363 364/364/364
f 527/527/527 364/364/364 365/365/365
f 365/365/365 366/366/366 527/527/527
f 527/527/527 366/366/366 526/526/526
f 366/366/366 367/367/367 526/526/526
f 526/526/526 367/367/367 368/368/368
f 526/526/526 368/368/368 525/525/525
f 525/525/525 368/368/368 369/369/369
f 525/525/525 369/369/369 370/370/370
f 525/525/525 370/370/370 524/524/524
f 524/524/524 370/370/370 371/371/371
f 524/524/524 371/371/371 523/523/523
f 523/523/523 371/371/371 372/372/372
f 523/523/523 372/372/372 522/522/522
f 522/522/522 372/372/372 373/373/373
f 522/522/522 373/373/373 521/521/521
f 521/521/521 373/373/373 374/374/374
f 521/521/521 374/374/374 375/375/375
f 521/521/521 375/375/375 520/520/520
f 520/520/520 375/375/375 376/376/376
f 520/520/520 376/376/376 377/377/377
f 520/520/520 377/377/377 519/519/519
f 519/519/519 377/377/377 378/378/378
f 519/519/519 378/378/378 518/518/518
f 518/518/518 378/378/378 379/379/379
f 518/518/518 379/379/379 380/380/380
f 518/518/518 380/380/380 517/517/517
f 517/517/517 380/380/380 381/381/381
f 517/517/517 381/381/381 516/516/516
f 516/516/516 381/381/381 382/382/382
f 516/516/516 382/382/382 383/383/383
f 516/516/516 383/383/383 515/515/515
f 515/515/515 383/383/383 384/384/384
f 515/515/515 384/384/384 385/385/385
f 515/515/515 385/385/385 514/514/514
f 514/514/514 385/385/385 386/386/386
f 514/514/514 386/386/386 387/387/387
f 387/387/387 388/388/388 514/514/514
f 514/514/514 388/388/388 513/513/513
f 388/388/388 389/389/389 513/513/513
f 513/513/513 389/389/389 390/390/390
f 513/513/513 390/390/390 512/512/512
f 512/512/512 390/390/390 391/391/391
f 512/512/512 391/391/391 392/392/392
f 512/512/512 392/392/392 511/511/511
f 511/511/511 392/392/392 393/393/393
f 511/511/511 393/393/393 394/394/394
f 394/394/394 395/395/395 511/511/511
f 511/511/511 395/395/395 510/510/510
f 395/395/395 396/396/396 510/510/510
f 510/510/510 396/396/396 397/397/397
f 510/510/510 397/397/397 509/509/509
f 509/509/509 397/397/397 398/398/398
f 509/509/509 398/398/398 399/399/399
f 399/399/399 400/400/400 509/509/509
f 509/509/509 400/400/400 508/508/508
f 400/400/400 401/401/401 508/508/508
f 508/508/508 401/401/401 402/402/402
f 508/508/508 402/402/402 507/507/507
f 507/507/507 402/402/402 403/403/403
f 507/507/507 403/403/403 404/404/404
f 507/507/507 404/404/404 506/506/506
f 506/506/506 404/404/404 405/405/405
f 506/506/506 405/405/405 406/406/406
f 406/406/406 407/407/407 506/506/506
f 506/506/506 407/407/407 505/505/505
f 407/407/407 408/408/408 505/505/505
f 505/505/505 408/408/408 409/409/409
f 505/505/505 409/409/409 504/504/504
f 504/504/504 409/409/409 410/410/410
f 504/504/504 410/410/410 411/411/411
f 504/504/504 411/411/411 503/503/503
f 503/503/503 411/411/411 412/412/412
f 503/503/503 412/412/412 413/413/413
f 503/503/503 413/413/413 502/502/502
f 502/502/502 413/413/413 414/414/414
f 502/502/502 414/414/414 415/415/415
f 502/502/502 415/415/415 501/501/501
f 501/501/501 415/415/415 416/416/416
f 501/501/501 416/416/416 417/417/417
f 417/417/417 418/418/418 501/501/501
f 501/501/501 418/418/418 500/500/500
f 418/418/418 419/419/419 500/500/500
f 500/500/500 419/419/419 420/420/420
f 500/500/500 420/420/420 499/499/499
f 499/499/499 420/420/420 421/421/421
f 499/499/499 421/421/421 422/422/422
f 499/499/499 422/422/422 498/498/498
f 498/498/498 422/422/422 423/423/423
f 498/498/498 423/423/423 424/424/424
f 424/424/424 425/425/425 498/498/498
f 498/498/498 425/425/425 497/497/497
f 425/425/425 426/426/426 497/497/497
f 497/497/497 426/426/426 427/427/427
f 497/497/497 427/427/427 496/496/496
f 496/496/496 427/427/427 428/428/428
f 496/496/496 428/428/428 429/429/429
f 496/496/496 429/429/429 495/495/495
f 495/495/495 429/429/429 430/430/430
f 495/495/495 430/430/430 431/431/431
f 431/431/431 432/432/432 495/495/495
f 495/495/495 432/432/432 494/494/494
f 432/432/432 433/433/433 494/494/494
f 494/494/494 433/433/433 434/434/434
f 494/494/494 434/434/434 493/493/493
f 493/493/493 434/434/434 435/435/435
f 493/493/493 435/435/435 436/436/436
f 436/436/436 437/437/437 493/493/493
f 493/493/493 437/437/437 492/492/492
f 437/437/437 438/438/438 492/492/492
f 492/492/492 438/438/438 439/439/439
f 492/492/492 439/439/439 491/491/491
f 491/491/491 439/439/439 440/440/440
f 491/491/491 440/440/440 441/441/441
f 441/441/441 442/442/442 491/491/491
f 491/491/491 442/442/442 490/490/490
f 442/442/442 443/443/443 490/490/490
f 490/490/490 443/443/443 444/444/444
f 490/490/490 444/444/444 489/489/489
f 489/489/489 444/444/444 445/445/445
f 489/489/489 445/445/445 446/446/446
f 489/489/489 446/446/446 488/488/488
f 488/488/488 446/446/446 447/447/447
f 488/488/488 447/447/447 448/448/448
f 488/488/488 448/448/448 487/487/487
f 487/487/487 448/448/448 449/449/449
f 487/487/487 449/449/449 486/486/486
f 486/486/486 449/449/449 450/450/450
f 486/486/486 450/450/450 451/451/451
f 486/486/486 451/451/451 485/485/485
f 485/485/485 451/451/451 452/452/452
f 485/485/485 452/452/452 484/484/484
f 484/484/484 452/452/452 453/453/453
f 484/484/484 453/453/453 454/454/454
f 484/484/484 454/454/454 483/483/483
f 483/483/483 454/454/454 455/455/455
f 483/483/483 455/455/455 456/456/456
f 483/483/483 456/456/456 482/482/482
f 482/482/482 456/456/456 457/457/457
f 482/482/482 457/457/457 481/481/481
f 481/481/481 457/457/457 458/458/458
f 481/481/481 458/458/458 480/480/480
f 480/480/480 458/458/458 459/459/459
f 480/480/480 459/459/459 479/479/479
f 479/479/479 459/459/459 460/460/460
f 479/479/479 460/460/460 461/461/461
f 479/479/479 461/461/461 478/478/478
f 478/478/478 461/461/461 462/462/462
f 478/478/478 462/462/462 463/463/463
f 478/478/478 463/463/463 477/477/477
f 477/477/477 463/463/463 464/464/464
f 477/477/477 464/464/464 465/465/465
f 465/465/465 466/466/466 477/477/477
f 477/477/477 466/466/466 476/476/476
f 466/466/466 467/467/467 476/476/476
f 476/476/476 467/467/467 468/468/468
f 476/476/476 468/468/468 475/475/475
f 475/475/475 468/468/468 470/470/470
f 475/475/475 470/470/470 471/471/471
f 468/468/468 469/469/469 470/470/470
f 472/472/472 473/473/473 471/471/471
f 471/471/471 473/473/473 474/474/474
f 471/471/471 474/474/474 475/475/475

# face 14
f 529/529/529 530/530/530 702/702/702
f 702/702/702 530/530/530 701/701/701
f 530/530/530 531/531/531 701/701/701
f 701/701/701 531/531/531 700/700/700
f 531/531/531 532/532/532 700/700/700
f 700/700/700 532/532/532 533/533/533
f 700/700/700 533/533/533 699/699/699
f 699/699/699 533/533/533 534/534/534
f 699/699/699 534/534/534 535/535/535
f 699/699/699 535/535/535 698/698/698
f 698/698/698 535/535/535 536/536/536
f 698/698/698 536/536/536 697/697/697
f 697/697/697 536/536/536 537/537/537
f 697/697/697 537/537/537 538/538/538
f 697/697/697 538/538/538 696/696/696
f 696/696/696 538/538/538 539/539/539
f 696/696/696 539/539/539 695/695/695
f 695/695/695 539/539/539 540/540/540
f 695/695/695 540/540/540 541/541/541
f 695/695/695 541/541/541 694/694/694
f 694/694/694 541/541/541 542/542/542
f 694/694/694 542/542/542 543/543/543
f 694/694/694 543/543/543 693/693/693
f 693/693/693 543/543/543 544/544/544
f 693/693/693 544/544/544 692/692/692
f 692/692/692 544/544/544 545/545/545
f 692/692/692 545/545/545 546/546/546
f 692/692/692 546/546/546 691/691/691
f 691/691/691 546/546/546 547/547/547
f 691/691/691 547/547/547 548/548/548
f 691/691/691 548/548/548 690/690/690
f 690/690/690 548/548/548 549/549/549
f 690/690/690 549/549/549 550/550/550
f 690/690/690 550/550/550 689/689/689
f 689/689/689 550/550/550 551/551/551
f 689/689/689 551/551/551 552/552/552
f 689/689/689 552/552/552 688/688/688
f 688/688/688 552/552/552 553/553/553
f 688/688/688 553/553/553 687/687/687
f 687/687/687 553/553/553 554/554/554
f 687/687/687 554/554/554 555/555/555
f 687/687/687 555/555/555 686/686/686
f 686/686/686 555/555/555 556/556/556
f 686/686/686 556/556/556 685/685/685
f 685/685/685 556/556/556 557/557/557
f 685/685/685 557/557/557 558/558/558
f 685/685/685 558/558/558 684/684/684
f 684/684/684 558/558/558 559/559/559
f 684/684/684 559/559/559 560/560/560
f 684/684/684 560/560/560 683/683/683
f 683/683/683 560/560/560 561/561/561
f 683/683/683 561/561/561 682/682/682
f 682/682/682 561/561/561 562/562/562
f 682/682/682 562/562/562 563/563/563
f 682/682/682 563/563/563 681/681/681
f 681/681/681 563/563/563 564/564/564
f 681/681/681 564/564/564 565/565/565
f 681/681/681 565/565/565 680/680/680
f 680/680/680 565/565/565 566/566/566
f 680/680/680 566/566/566 567/567/567
f 680/680/680 567/567/567 679/679/679
f 679/679/679 567/567/567 568/568/568
f 679/679/679 568/568/568 569/569/569
f 679/679/679 569/569/569 678/678/678
f 678/678/678 569/569/569 570/570/570
f 678/678/678 570/570/570 677/677/677
f 677/677/677 570/570/570 571/571/571
f 677/677/677 571/571/571 572/572/572
f 677/677/677 572/572/572 676/676/676
f 676/676/676 572/572/572 573/573/573
f 676/676/676 573/573/573 574/574/574
f 676/676/676 574/574/574 675/675/675
f 675/675/675 574/574/574 575/575/575
f 675/675/675 575/575/575 674/674/674
f 674/674/674 575/575/575 576/576/576
f 674/674/674 576/576/576 577/577/577
f 674/674/674 577/577/577 673/673/673
f 673/673/673 577/577/577 578/578/578
f 673/673/673 578/578/578 579/579/579
f 673/673/673 579/579/579 672/672/672
f 672/672/672 579/579/579 580/580/580
f 672/672/672 580/580/580 671/671/671
f 671/671/671 580/580/580 581/581/581
f 671/671/671 581/581/581 582/582/582
f 671/671/671 582/582/582 670/670/670
f 670/670/670 582/582/582 583/583/583
f 670/670/670 583/583/583 584/584/584
f 670/670/670 584/584/584 669/669/669
f 669/669/669 584/584/584 585/585/585
f 669/669/669 585/585/585 668/668/668
f 668/668/668 585/585/585 586/586/586
f 668/668/668 586/586/586 587/587/587
f 668/668/668 587/587/587 667/667/667
f 667/667/667 587/587/587 588/588/588
f 667/667/667 588/588/588 666/666/666
f 666/666/666 588/588/588 589/589/589
f 666/666/666 589/589/589 590/590/590
f 666/666/666 590/590/590 665/665/665
f 665/665/665 590/590/590 591/591/591
f 665/665/665 591/591/591 592/592/592
f 665/665/665 592/592/592 664/664/664
f 664/664/664 592/592/592 593/593/593
f 664/664/664 593/593/593 663/663/663
f 663/663/663 593/593/593 594/594/594
f 663/663/663 594/594/594 595/595/595
f 663/663/663 595/595/595 662/662/662
f 662/662/662 595/595/595 596/596/596
f 662/662/662 596/596/596 597/597/597
f 662/662/662 597/597/597 661/661/661
f 661/661/661 597/597/597 598/598/598
f 661/661/661 598/598/598 660/660/660
f 660/660/660 598/598/598 599/599/599
f 660/660/660 599/599/599 600/600/600
f 660/660/660 600/600/600 659/659/659
f 659/659/659 600/600/600 601/601/601
f 659/659/659 601/601/601 602/602/602
f 659/659/659 602/602/602 658/658/658
f 658/658/658 602/602/602 603/603/603
f 658/658/658 603/603/603 604/604/604
f 658/658/658 604/604/604 657/657/657
f 657/657/657 604/604/604 605/605/605
f 657/657/657 605/605/605 606/606/606
f 657/657/657 606/606/606 656/656/656
f 656/656/656 606/606/606 607/607/607
f 656/656/656 607/607/607 655/655/655
f 655/655/655 607/607/607 608/608/608
f 655/655/655 608/608/608 609/609/609
f 655/655/655 609/609/609 654/654/654
f 654/654/654 609/609/609 610/610/610
f 654/654/654 610/610/610 653/653/653
f 653/653/653 610/610/610 611/611/611
f 653/653/653 611/611/611 612/612/612
f 653/653/653 612/612/612 652/652/652
f 652/652/652 612/612/612 613/613/613
f 652/652/652 613/613/613 614/614/614
f 652/652/652 614/614/614 651/651/651
f 651/651/651 614/614/614 615/615/615
f 651/651/651 615/615/615 650/650/650
f 650/650/650 615/615/615 616/616/616
f 650/650/650 616/616/616 617/617/617
f 650/650/650 617/617/617 649/649/649
f 649/649/649 617/617/617 618/618/618
f 649/649/649 618/618/618 619/619/619
f 649/649/649 619/619/619 648/648/648
f 648/648/648 619/619/619 620/620/620
f 648/648/648 620/620/620 621/621/621
f 648/648/648 621/621/621 647/647/647
f 647/647/647 621/621/621 622/622/622
f 647/647/647 622/622/622 623/623/623
f 647/647/647 623/623/623 646/646/646
f 646/646/646 623/623/623 624/624/624
f 646/646/646 624/624/624 645/645/645
f 645/645/645 624/624/624 625/625/625
f 645/645/645 625/625/625 626/626/626
f 645/645/645 626/626/626 644/644/644
f 644/644/644 626/626/626 627/627/627
f 644/644/644 627/627/627 628/628/628
f 644/644/644 628/628/628 643/643/643
f 643/643/643 628/628/628 629/629/629
f 643/643/643 629/629/629 642/642/642
f 642/642/642 629/629/629 630/630/630
f 642/642/642 630/630/630 631/631/631
f 642/642/642 631/631/631 641/641/641
f 641/641/641 631/631/631 632/632/632
f 641/641/641 632/632/632 640/640/640
f 640/640/640 632/632/632 633/633/633
f 640/640/640 633/633/633 634/634/634
f 640/640/640 634/634/634 639/639/639
f 639/639/639 634/634/634 635/635/635
f 639/639/639 635/635/635 636/636/636
f 637/637/637 638/638/638 636/636/636
f 636/636/636 638/638/638 639/639/639

# face 15
f 703/703/703 704/704/704 746/746/746
f 746/746/746 704/704/704 745/745/745
f 745/745/745 704/704/704 744/744/744
f 744/744/744 704/704/704 705/705/705
f 744/744/744 705/705/705 743/743/743
f 743/743/743 705/705/705 706/706/706
f 743/743/743 706/706/706 742/742/742
f 742/742/742 706/706/706 707/707/707
f 742/742/742 707/707/707 741/741/741
f 741/741/741 707/707/707 708/708/708
f 741/741/741 708/708/708 740/740/740
f 740/740/740 708/708/708 709/709/709
f 740/740/740 709/709/709 739/739/739
f 739/739/739 709/709/709 710/710/710
f 739/739/739 710/710/710 738/738/738
f 738/738/738 710/710/710 747/747/747
f 738/738/738 747/747/747 737/737/737
f 748/748/748 711/711/711 712/712/712
f 748/748/748 712/712/712 736/736/736
f 736/736/736 712/712/712 735/735/735
f 712/712/712 713/713/713 735/735/735
f 735/735/735 713/713/713 734/734/734
f 713/713/713 714/714/714 734/734/734
f 734/734/734 714/714/714 733/733/733
f 714/714/714 715/715/715 733/733/733
f 733/733/733 715/715/715 732/732/732
f 715/715/715 716/716/716 732/732/732
f 732/732/732 716/716/716 731/731/731
f 716/716/716 717/717/717 731/731/731
f 731/731/731 717/717/717 730/730/730
f 717/717/717 718/718/718 730/730/730
f 730/730/730 718/718/718 729/729/729
f 718/718/718 719/719/719 729/729/729
f 729/729/729 719/719/719 728/728/728
f 719/719/719 720/720/720 728/728/728
f 728/728/728 720/720/720 727/727/727
f 720/720/720 721/721/721 727/727/727
f 727/727/727 721/721/721 726/726/726
f 721/721/721 722/722/722 726/726/726
f 726/726/726 722/722/722 724/724/724
f 726/726/726 724/724/724 725/725/725
f 722/722/722 723/723/723 724/724/724

# face 16
f 749/749/749 750/750/750 788/788/788
f 788/788/788 750/750/750 787/787/787
f 750/750/750 751/751/751 787/787/787
f 787/787/787 751/751/751 786/786/786
f 751/751/751 752/752/752 786/786/786
f 786/786/786 752/752/752 785/785/785
f 752/752/752 753/753/753 785/785/785
f 785/785/785 753/753/753 784/784/784
f 753/753/753 754/754/754 784/784/784
f 784/784/784 754/754/754 783/783/783
f 754/754/754 755/755/755 783/783/783
f 783/783/783 755/755/755 782/782/782
f 755/755/755 756/756/756 782/782/782
f 782/782/782 756/756/756 781/781/781
f 756/756/756 757/757/757 781/781/781
f 781/781/781 757/757/757 780/780/780
f 757/757/757 758/758/758 780/780/780
f 780/780/780 758/758/758 779/779/779
f 758/758/758 759/759/759 779/779/779
f 779/779/779 759/759/759 778/778/778
f 759/759/759 760/760/760 778/778/778
f 778/778/778 760/760/760 777/777/777
f 777/777/777 760/760/760 776/776/776
f 776/776/776 760/760/760 789/789/789
f 790/790/790 761/761/761 762/762/762
f 790/790/790 762/762/762 775/775/775
f 775/775/775 762/762/762 763/763/763
f 775/775/775 763/763/763 774/774/774
f 774/774/774 763/763/763 764/764/764
f 774/774/774 764/764/764 773/773/773
f 773/773/773 764/764/764 765/765/765
f 773/773/773 765/765/765 772/772/772
f 772/772/772 765/765/765 766/766/766
f 772/772/772 766/766/766 771/771/771
f 771/771/771 766/766/766 767/767/767
f 771/771/771 767/767/767 770/770/770
f 770/770/770 767/767/767 768/768/768
f 770/770/770 768/768/768 769/769/769

# face 17
f 795/795/795 829/829/829 794/794/794
f 794/794/794 829/829/829 830/830/830
f 794/794/794 830/830/830 793/793/793
f 793/793/793 830/830/830 831/831/831
f 793/793/793 831/831/831 792/792/792
f 792/792/792 831/831/831 832/832/832
f 792/792/792 832/832/832 791/791/791
f 791/791/791 832/832/832 833/833/833
f 791/791/791 833/833/833 836/836/836
f 836/836/836 833/833/833 835/835/835
f 795/795/795 796/796/796 829/829/829
f 829/829/829 796/796/796 828/828/828
f 796/796/796 797/797/797 828/828/828
f 828/828/828 797/797/797 827/827/827
f 797/797/797 798/798/798 827/827/827
f 827/827/827 798/798/798 826/826/826
f 798/798/798 799/799/799 826/826/826
f 826/826/826 799/799/799 825/825/825
f 799/799/799 800/800/800 825/825/825
f 825/825/825 800/800/800 824/824/824
f 800/800/800 801/801/801 824/824/824
f 824/824/824 801/801/801 823/823/823
f 801/801/801 802/802/802 823/823/823
f 823/823/823 802/802/802 822/822/822
f 802/802/802 803/803/803 822/822/822
f 822/822/822 803/803/803 821/821/821
f 803/803/803 804/804/804 821/821/821
f 821/821/821 804/804/804 820/820/820
f 804/804/804 805/805/805 820/820/820
f 820/820/820 805/805/805 819/819/819
f 805/805/805 806/806/806 819/819/819
f 819/819/819 806/806/806 818/818/818
f 806/806/806 807/807/807 818/818/818
f 818/818/818 807/807/807 817/817/817
f 807/807/807 808/808/808 817/817/817
f 817/817/817 808/808/808 816/816/816
f 808/808/808 809/809/809 816/816/816
f 816/816/816 809/809/809 815/815/815
f 809/809/809 810/810/810 815/815/815
f 815/815/815 810/810/810 814/814/814
f 810/810/810 811/811/811 814/814/814
f 814/814/814 811/811/811 813/813/813
f 811/811/811 812/812/812 813/813/813
f 833/833/833 834/834/834 835/835/835
f 836/836/836 837/837/837 791/791/791
f 791/791/791 837/837/837 935/935/935
f 837/837/837 838/838/838 935/935/935
f 935/935/935 838/838/838 934/934/934
f 838/838/838 839/839/839 934/934/934
f 934/934/934 839/839/839 933/933/933
f 839/839/839 840/840/840 933/933/933
f 933/933/933 840/840/840 932/932/932
f 840/840/840 841/841/841 932/932/932
f 932/932/932 841/841/841 842/842/842
f 932/932/932 842/842/842 931/931/931
f 931/931/931 842/842/842 843/843/843
f 931/931/931 843/843/843 844/844/844
f 931/931/931 844/844/844 930/930/930
f 930/930/930 844/844/844 845/845/845
f 930/930/930 845/845/845 929/929/929
f 929/929/929 845/845/845 846/846/846
f 929/929/929 846/846/846 928/928/928
f 928/928/928 846/846/846 847/847/847
f 928/928/928 847/847/847 927/927/927
f 927/927/927 847/847/847 848/848/848
f 927/927/927 848/848/848 926/926/926
f 926/926/926 848/848/848 849/849/849
f 926/926/926 849/849/849 850/850/850
f 852/852/852 923/923/923 851/851/851
f 851/851/851 923/923/923 924/924/924
f 851/851/851 924/924/924 850/850/850
f 850/850/850 924/924/924 925/925/925
f 850/850/850 925/925/925 926/926/926
f 852/852/852 853/853/853 923/923/923
f 923/923/923 853/853/853 922/922/922
f 853/853/853 854/854/854 922/922/922
f 922/922/922 854/854/854 855/855/855
f 922/922/922 855/855/855 921/921/921
f 921/921/921 855/855/855 856/856/856
f 921/921/921 856/856/856 920/920/920
f 920/920/920 856/856/856 857/857/857
f 920/920/920 857/857/857 919/919/919
f 919/919/919 857/857/857 858/858/858
f 919/919/919 858/858/858 918/918/918
f 918/918/918 858/858/858 859/859/859
f 918/918/918 859/859/859 917/917/917
f 917/917/917 859/859/859 860/860/860
f 917/917/917 860/860/860 916/916/916
f 916/916/916 860/860/860 861/861/861
f 916/916/916 861/861/861 915/915/915
f 915/915/915 861/861/861 862/862/862
f 915/915/915 862/862/862 914/914/914
f 914/914/914 862/862/862 863/863/863
f 914/914/914 863/863/863 913/913/913
f 913/913/913 863/863/863 864/864/864
f 913/913/913 864/864/864 912/912/912
f 912/912/912 864/864/864 865/865/865
f 912/912/912 865/865/865 866/866/866
f 912/912/912 866/866/866 911/911/911
f 911/911/911 866/866/866 867/867/867
f 911/911/911 867/867/867 868/868/868
f 868/868/868 869/869/869 911/911/911
f 911/911/911 869/869/869 870/870/870
f 911/911/911 870/870/870 910/910/910
f 910/910/910 870/870/870 871/871/871
f 910/910/910 871/871/871 909/909/909
f 909/909/909 871/871/871 872/872/872
f 909/909/909 872/872/872 908/908/908
f 908/908/908 872/872/872 873/873/873
f 908/908/908 873/873/873 907/907/907
f 907/907/907 873/873/873 874/874/874
f 907/907/907 874/874/874 906/906/906
f 906/906/906 874/874/874 875/875/875
f 906/906/906 875/875/875 905/905/905
f 905/905/905 875/875/875 876/876/876
f 905/905/905 876/876/876 904/904/904
f 904/904/904 876/876/876 877/877/877
f 904/904/904 877/877/877 903/903/903
f 903/903/903 877/877/877 878/878/878
f 903/903/903 878/878/878 902/902/902
f 902/902/902 878/878/878 879/879/879
f 902/902/902 879/879/879 901/901/901
f 901/901/901 879/879/879 880/880/880
f 901/901/901 880/880/880 900/900/900
f 900/900/900 880/880/880 881/881/881
f 900/900/900 881/881/881 899/899/899
f 899/899/899 881/881/881 882/882/882
f 899/899/899 882/882/882 898/898/898
f 898/898/898 882/882/882 883/883/883
f 898/898/898 883/883/883 897/897/897
f 897/897/897 883/883/883 884/884/884
f 897/897/897 884/884/884 896/896/896
f 896/896/896 884/884/884 885/885/885
f 896/896/896 885/885/885 895/895/895
f 895/895/895 885/885/885 886/886/886
f 895/895/895 886/886/886 894/894/894
f 894/894/894 886/886/886 887/887/887
f 894/894/894 887/887/887 888/888/888
f 894/894/894 888/888/888 893/893/893
f 893/893/893 888/888/888 889/889/889
f 893/893/893 889/889/889 892/892/892
f 892/892/892 889/889/889 890/890/890
f 892/892/892 890/890/890 891/891/891

# face 18
f 965/965/965 936/936/936 964/964/964
f 964/964/964 936/936/936 937/937/937
f 964/964/964 937/937/937 938/938/938
f 964/964/964 938/938/938 963/963/963
f 963/963/963 938/938/938 939/939/939
f 963/963/963 939/939/939 940/940/940
f 940/940/940 941/941/941 963/963/963
f 963/963/963 941/941/941 962/962/962
f 941/941/941 942/942/942 962/962/962
f 962/962/962 942/942/942 961/961/961
f 942/942/942 943/943/943 961/961/961
f 961/961/961 943/943/943 960/960/960
f 943/943/943 944/944/944 960/960/960
f 960/960/960 944/944/944 945/945/945
f 960/960/960 945/945/945 959/959/959
f 959/959/959 945/945/945 946/946/946
f 959/959/959 946/946/946 958/958/958
f 958/958/958 946/946/946 947/947/947
f 958/958/958 947/947/947 957/957/957
f 957/957/957 947/947/947 948/948/948
f 957/957/957 948/948/948 956/956/956
f 956/956/956 948/948/948 949/949/949
f 956/956/956 949/949/949 955/955/955
f 955/955/955 949/949/949 950/950/950
f 955/955/955 950/950/950 951/951/951
f 955/955/955 951/951/951 954/954/954
f 954/954/954 951/951/951 952/952/952
f 954/954/954 952/952/952 953/953/953

# face 19
f 967/967/967 968/968/968 966/966/966
f 966/966/966 968/968/968 999/999/999
f 968/968/968 969/969/969 999/999/999
f 999/999/999 969/969/969 998/998/998
f 969/969/969 970/970/970 998/998/998
f 998/998/998 970/970/970 997/997/997
f 997/997/997 970/970/970 996/996/996
f 996/996/996 970/970/970 971/971/971
f 996/996/996 971/971/971 972/972/972
f 974/974/974 993/993/993 973/973/973
f 973/973/973 993/993/993 1001/1001/1001
f 1000/1000/1000 994/994/994 972/972/972
f 972/972/972 994/994/994 995/995/995
f 972/972/972 995/995/995 996/996/996
f 974/974/974 975/975/975 993/993/993
f 993/993/993 975/975/975 992/992/992
f 975/975/975 976/976/976 992/992/992
f 992/992/992 976/976/976 991/991/991
f 991/991/991 976/976/976 990/990/990
f 990/990/990 976/976/976 977/977/977
f 990/990/990 977/977/977 978/978/978
f 990/990/990 978/978/978 989/989/989
f 989/989/989 978/978/978 979/979/979
f 989/989/989 979/979/979 988/988/988
f 988/988/988 979/979/979 980/980/980
f 988/988/988 980/980/980 987/987/987
f 987/987/987 980/980/980 986/986/986
f 980/980/980 981/981/981 986/986/986
f 986/986/986 981/981/981 982/982/982
f 986/986/986 982/982/982 985/985/985
f 985/985/985 982/982/982 983/983/983
f 985/985/985 983/983/983 984/984/984

# face 20
f 1002/1002/1002 1003/1003/1003 1005/1005/1005
f 1005/1005/1005 1003/1003/1003 1004/1004/1004

# face 21
f 1006/1006/1006 1007/1007/1007 1009/1009/1009
f 1009/1009/1009 1007/1007/1007 1008/1008/1008

# face 22
f 1010/1010/1010 1011/1011/1011 1013/1013/1013
f 1013/1013/1013 1011/1011/1011 1012/1012/1012

# face 23
f 1047/1047/1047 1014/1014/1014 1046/1046/1046
f 1046/1046/1046 1014/1014/1014 1015/1015/1015
f 1046/1046/1046 1015/1015/1015 1045/1045/1045
f 1045/1045/1045 1015/1015/1015 1016/1016/1016
f 1045/1045/1045 1016/1016/1016 1017/1017/1017
f 1045/1045/1045 1017/1017/1017 1044/1044/1044
f 1044/1044/1044 1017/1017/1017 1018/1018/1018
f 1044/1044/1044 1018/1018/1018 1043/1043/1043
f 1043/1043/1043 1018/1018/1018 1019/1019/1019
f 1043/1043/1043 1019/1019/1019 1042/1042/1042
f 1042/1042/1042 1019/1019/1019 1020/1020/1020
f 1042/1042/1042 1020/1020/1020 1041/1041/1041
f 1041/1041/1041 1020/1020/1020 1021/1021/1021
f 1041/1041/1041 1021/1021/1021 1040/1040/1040
f 1040/1040/1040 1021/1021/1021 1022/1022/1022
f 1040/1040/1040 1022/1022/1022 1039/1039/1039
f 1039/1039/1039 1022/1022/1022 1023/1023/1023
f 1039/1039/1039 1023/1023/1023 1038/1038/1038
f 1038/1038/1038 1023/1023/1023 1024/1024/1024
f 1038/1038/1038 1024/1024/1024 1037/1037/1037
f 1037/1037/1037 1024/1024/1024 1025/1025/1025
f 1037/1037/1037 1025/1025/1025 1036/1036/1036
f 1036/1036/1036 1025/1025/1025 1026/1026/1026
f 1036/1036/1036 1026/1026/1026 1035/1035/1035
f 1035/1035/1035 1026/1026/1026 1027/1027/1027
f 1035/1035/1035 1027/1027/1027 1034/1034/1034
f 1034/1034/1034 1027/1027/1027 1028/1028/1028
f 1034/1034/1034 1028/1028/1028 1033/1033/1033
f 1033/1033/1033 1028/1028/1028 1032/1032/1032
f 1028/1028/1028 1029/1029/1029 1032/1032/1032
f 1032/1032/1032 1029/1029/1029 1031/1031/1031
f 1029/1029/1029 1030/1030/1030 1031/1031/1031

# face 24
f 1048/1048/1048 1049/1049/1049 1051/1051/1051
f 1051/1051/1051 1049/1049/1049 1050/1050/1050

# face 25
f 1052/1052/1052 1053/1053/1053 1095/1095/1095
f 1095/1095/1095 1053/1053/1053 1094/1094/1094
f 1053/1053/1053 1054/1054/1054 1094/1094/1094
f 1094/1094/1094 1054/1054/1054 1093/1093/1093
f 1054/1054/1054 1055/1055/1055 1093/1093/1093
f 1093/1093/1093 1055/1055/1055 1092/1092/1092
f 1055/1055/1055 1056/1056/1056 1092/1092/1092
f 1092/1092/1092 1056/1056/1056 1091/1091/1091
f 1056/1056/1056 1057/1057/1057 1091/1091/1091
f 1091/1091/1091 1057/1057/1057 1090/1090/1090
f 1057/1057/1057 1058/1058/1058 1090/1090/1090
f 1090/1090/1090 1058/1058/1058 1089/1089/1089
f 1058/1058/1058 1059/1059/1059 1089/1089/1089
f 1089/1089/1089 1059/1059/1059 1088/1088/1088
f 1059/1059/1059 1060/1060/1060 1088/1088/1088
f 1088/1088/1088 1060/1060/1060 1087/1087/1087
f 1060/1060/1060 1061/1061/1061 1087/1087/1087
f 1087/1087/1087 1061/1061/1061 1086/1086/1086
f 1061/1061/1061 1062/1062/1062 1086/1086/1086
f 1086/1086/1086 1062/1062/1062 1085/1085/1085
f 1062/1062/1062 1063/1063/1063 1085/1085/1085
f 1085/1085/1085 1063/1063/1063 1084/1084/1084
f 1063/1063/1063 1064/1064/1064 1084/1084/1084
f 1084/1084/1084 1064/1064/1064 1083/1083/1083
f 1083/1083/1083 1064/1064/1064 1082/1082/1082
f 1082/1082/1082 1064/1064/1064 1097/1097/1097
f 1096/1096/1096 1065/1065/1065 1066/1066/1066
f 1096/1096/1096 1066/1066/1066 1081/1081/1081
f 1081/1081/1081 1066/1066/1066 1067/1067/1067
f 1081/1081/1081 1067/1067/1067 1080/1080/1080
f 1080/1080/1080 1067/1067/1067 1068/1068/1068
f 1080/1080/1080 1068/1068/1068 1079/1079/1079
f 1079/1079/1079 1068/1068/1068 1069/1069/1069
f 1079/1079/1079 1069/1069/1069 1078/1078/1078
f 1078/1078/1078 1069/1069/1069 1070/1070/1070
f 1078/1078/1078 1070/1070/1070 1077/1077/1077
f 1077/1077/1077 1070/1070/1070 1071/1071/1071
f 1077/1077/1077 1071/1071/1071 1076/1076/1076
f 1076/1076/1076 1071/1071/1071 1075/1075/1075
f 1071/1071/1071 1072/1072/1072 1075/1075/1075
f 1075/1075/1075 1072/1072/1072 1073/1073/1073
f 1075/1075/1075 1073/1073/1073 1074/1074/1074

# face 26
f 1098/1098/1098 1099/1099/1099 1123/1123/1123
f 1123/1123/1123 1099/1099/1099 1122/1122/1122
f 1099/1099/1099 1100/1100/1100 1122/1122/1122
f 1122/1122/1122 1100/1100/1100 1121/1121/1121
f 1100/1100/1100 1101/1101/1101 1121/1121/1121
f 1121/1121/1121 1101/1101/1101 1120/1120/1120
f 1101/1101/1101 1102/1102/1102 1120/1120/1120
f 1120/1120/1120 1102/1102/1102 1119/1119/1119
f 1102/1102/1102 1103/1103/1103 1119/1119/1119
f 1119/1119/1119 1103/1103/1103 1118/1118/1118
f 1103/1103/1103 1104/1104/1104 1118/1118/1118
f 1118/1118/1118 1104/1104/1104 1117/1117/1117
f 1104/1104/1104 1105/1105/1105 1117/1117/1117
f 1117/1117/1117 1105/1105/1105 1116/1116/1116
f 1105/1105/1105 1106/1106/1106 1116/1116/1116
f 1116/1116/1116 1106/1106/1106 1115/1115/1115
f 1106/1106/1106 1107/1107/1107 1115/1115/1115
f 1115/1115/1115 1107/1107/1107 1114/1114/1114
f 1107/1107/1107 1108/1108/1108 1114/1114/1114
f 1114/1114/1114 1108/1108/1108 1113/1113/1113
f 1108/1108/1108 1109/1109/1109 1113/1113/1113
f 1113/1113/1113 1109/1109/1109 1112/1112/1112
f 1109/1109/1109 1110/1110/1110 1112/1112/1112
f 1112/1112/1112 1110/1110/1110 1111/1111/1111

# face 27
f 1124/1124/1124 1125/1125/1125 1127/1127/1127
f 1127/1127/1127 1125/1125/1125 1126/1126/1126

# face 28
f 1128/1128/1128 1129/1129/1129 1171/1171/1171
f 1171/1171/1171 1129/1129/1129 1170/1170/1170
f 1170/1170/1170 1129/1129/1129 1169/1169/1169
f 1169/1169/1169 1129/1129/1129 1130/1130/1130
f 1169/1169/1169 1130/1130/1130 1131/1131/1131
f 1169/1169/1169 1131/1131/1131 1168/1168/1168
f 1168/1168/1168 1131/1131/1131 1132/1132/1132
f 1168/1168/1168 1132/1132/1132 1167/1167/1167
f 1167/1167/1167 1132/1132/1132 1133/1133/1133
f 1167/1167/1167 1133/1133/1133 1166/1166/1166
f 1166/1166/1166 1133/1133/1133 1134/1134/1134
f 1166/1166/1166 1134/1134/1134 1165/1165/1165
f 1165/1165/1165 1134/1134/1134 1135/1135/1135
f 1165/1165/1165 1135/1135/1135 1164/1164/1164
f 1164/1164/1164 1135/1135/1135 1136/1136/1136
f 1164/1164/1164 1136/1136/1136 1163/1163/1163
f 1163/1163/1163 1136/1136/1136 1162/1162/1162
f 1136/1136/1136 1173/1173/1173 1162/1162/1162
f 1172/1172/1172 1137/1137/1137 1138/1138/1138
f 1172/1172/1172 1138/1138/1138 1161/1161/1161
f 1161/1161/1161 1138/1138/1138 1139/1139/1139
f 1161/1161/1161 1139/1139/1139 1160/1160/1160
f 1160/1160/1160 1139/1139/1139 1140/1140/1140
f 1160/1160/1160 1140/1140/1140 1159/1159/1159
f 1159/1159/1159 1140/1140/1140 1141/1141/1141
f 1159/1159/1159 1141/1141/1141 1158/1158/1158
f 1158/1158/1158 1141/1141/1141 1142/1142/1142
f 1158/1158/1158 1142/1142/1142 1157/1157/1157
f 1157/1157/1157 1142/1142/1142 1143/1143/1143
f 1157/1157/1157 1143/1143/1143 1156/1156/1156
f 1156/1156/1156 1143/1143/1143 1144/1144/1144
f 1156/1156/1156 1144/1144/1144 1155/1155/1155
f 1155/1155/1155 1144/1144/1144 1145/1145/1145
f 1155/1155/1155 1145/1145/1145 1154/1154/1154
f 1154/1154/1154 1145/1145/1145 1146/1146/1146
f 1154/1154/1154 1146/1146/1146 1153/1153/1153
f 1153/1153/1153 1146/1146/1146 1147/1147/1147
f 1153/1153/1153 1147/1147/1147 1152/1152/1152
f 1152/1152/1152 1147/1147/1147 1148/1148/1148
f 1152/1152/1152 1148/1148/1148 1151/1151/1151
f 1151/1151/1151 1148/1148/1148 1149/1149/1149
f 1151/1151/1151 1149/1149/1149 1150/1150/1150

# face 29
f 1174/1174/1174 1175/1175/1175 1180/1180/1180
f 1180/1180/1180 1175/1175/1175 1179/1179/1179
f 1176/1176/1176 1177/1177/1177 1175/1175/1175
f 1175/1175/1175 1177/1177/1177 1179/1179/1179
f 1177/1177/1177 1178/1178/1178 1179/1179/1179

# face 30
f 1181/1181/1181 1182/1182/1182 1310/1310/1310
f 1310/1310/1310 1182/1182/1182 1309/1309/1309
f 1182/1182/1182 1183/1183/1183 1309/1309/1309
f 1309/1309/1309 1183/1183/1183 1308/1308/1308
f 1183/1183/1183 1184/1184/1184 1308/1308/1308
f 1308/1308/1308 1184/1184/1184 1307/1307/1307
f 1184/1184/1184 1185/1185/1185 1307/1307/1307
f 1307/1307/1307 1185/1185/1185 1306/1306/1306
f 1185/1185/1185 1186/1186/1186 1306/1306/1306
f 1306/1306/1306 1186/1186/1186 1305/1305/1305
f 1186/1186/1186 1187/1187/1187 1305/1305/1305
f 1305/1305/1305 1187/1187/1187 1304/1304/1304
f 1187/1187/1187 1188/1188/1188 1304/1304/1304
f 1304/1304/1304 1188/1188/1188 1303/1303/1303
f 1188/1188/1188 1189/1189/1189 1303/1303/1303
f 1303/1303/1303 1189/1189/1189 1302/1302/1302
f 1189/1189/1189 1190/1190/1190 1302/1302/1302
f 1302/1302/1302 1190/1190/1190 1301/1301/1301
f 1190/1190/1190 1191/1191/1191 1301/1301/1301
f 1301/1301/1301 1191/1191/1191 1300/1300/1300
f 1191/1191/1191 1192/1192/1192 1300/1300/1300
f 1300/1300/1300 1192/1192/1192 1299/1299/1299
f 1192/1192/1192 1193/1193/1193 1299/1299/1299
f 1299/1299/1299 1193/1193/1193 1298/1298/1298
f 1193/1193/1193 1194/1194/1194 1298/1298/1298
f 1298/1298/1298 1194/1194/1194 1297/1297/1297
f 1194/1194/1194 1195/1195/1195 1297/1297/1297
f 1297/1297/1297 1195/1195/1195 1296/1296/1296
f 1195/1195/1195 1196/1196/1196 1296/1296/1296
f 1296/1296/1296 1196/1196/1196 1295/1295/1295
f 1196/1196/1196 1197/1197/1197 1295/1295/1295
f 1295/1295/1295 1197/1197/1197 1294/1294/1294
f 1197/1197/1197 1198/1198/1198 1294/1294/1294
f 1294/1294/1294 1198/1198/1198 1293/1293/1293
f 1198/1198/1198 1199/1199/1199 1293/1293/1293
f 1293/1293/1293 1199/1199/1199 1292/1292/1292
f 1199/1199/1199 1200/1200/1200 1292/1292/1292
f 1292/1292/1292 1200/1200/1200 1291/1291/1291
f 1200/1200/1200 1201/1201/1201 1291/1291/1291
f 1291/1291/1291 1201/1201/1201 1290/1290/1290
f 1201/1201/1201 1202/1202/1202 1290/1290/1290
f 1290/1290/1290 1202/1202/1202 1289/1289/1289
f 1202/1202/1202 1203/1203/1203 1289/1289/1289
f 1289/1289/1289 1203/1203/1203 1288/1288/1288
f 1203/1203/1203 1204/1204/1204 1288/1288/1288
f 1288/1288/1288 1204/1204/1204 1287/1287/1287
f 1204/1204/1204 1205/1205/1205 1287/1287/1287
f 1287/1287/1287 1205/1205/1205 1286/1286/1286
f 1205/1205/1205 1206/1206/1206 1286/1286/1286
f 1286/1286/1286 1206/1206/1206 1285/1285/1285
f 1206/1206/1206 1207/1207/1207 1285/1285/1285
f 1285/1285/1285 1207/1207/1207 1284/1284/1284
f 1207/1207/1207 1208/1208/1208 1284/1284/1284
f 1284/1284/1284 1208/1208/1208 1283/1283/1283
f 1208/1208/1208 1209/1209/1209 1283/1283/1283
f 1283/1283/1283 1209/1209/1209 1282/1282/1282
f 1209/1209/1209 1210/1210/1210 1282/1282/1282
f 1282/1282/1282 1210/1210/1210 1281/1281/1281
f 1210/1210/1210 1211/1211/1211 1281/1281/1281
f 1281/1281/1281 1211/1211/1211 1280/1280/1280
f 1211/1211/1211 1212/1212/1212 1280/1280/1280
f 1280/1280/1280 1212/1212/1212 1279/1279/1279
f 1212/1212/1212 1213/1213/1213 1279/1279/1279
f 1279/1279/1279 1213/1213/1213 1278/1278/1278
f 1213/1213/1213 1214/1214/1214 1278/1278/1278
f 1278/1278/1278 1214/1214/1214 1277/1277/1277
f 1214/1214/1214 1215/1215/1215 1277/1277/1277
f 1277/1277/1277 1215/1215/1215 1276/1276/1276
f 1215/1215/1215 1216/1216/1216 1276/1276/1276
f 1276/1276/1276 1216/1216/1216 1275/1275/1275
f 1216/1216/1216 1217/1217/1217 1275/1275/1275
f 1275/1275/1275 1217/1217/1217 1274/1274/1274
f 1217/1217/1217 1218/1218/1218 1274/1274/1274
f 1274/1274/1274 1218/1218/1218 1273/1273/1273
f 1218/1218/1218 1219/1219/1219 1273/1273/1273
f 1273/1273/1273 1219/1219/1219 1272/1272/1272
f 1219/1219/1219 1220/1220/1220 1272/1272/1272
f 1272/1272/1272 1220/1220/1220 1271/1271/1271
f 1220/1220/1220 1221/1221/1221 1271/1271/1271
f 1271/1271/1271 1221/1221/1221 1270/1270/1270
f 1221/1221/1221 1222/1222/1222 1270/1270/1270
f 1270/1270/1270 1222/1222/1222 1269/1269/1269
f 1222/1222/1222 1223/1223/1223 1269/1269/1269
f 1269/1269/1269 1223/1223/1223 1268/1268/1268
f 1223/1223/1223 1224/1224/1224 1268/1268/1268
f 1268/1268/1268 1224/1224/1224 1267/1267/1267
f 1224/1224/1224 1225/1225/1225 1267/1267/1267
f 1267/1267/1267 1225/1225/1225 1266/1266/1266
f 1225/1225/1225 1226/1226/1226 1266/1266/1266
f 1266/1266/1266 1226/1226/1226 1265/1265/1265
f 1226/1226/1226 1227/1227/1227 1265/1265/1265
f 1265/1265/1265 1227/1227/1227 1264/1264/1264
f 1227/1227/1227 1228/1228/1228 1264/1264/1264
f 1264/1264/1264 1228/1228/1228 1263/1263/1263
f 1228/1228/1228 1229/1229/1229 1263/1263/1263
f 1263/1263/1263 1229/1229/1229 1262/1262/1262
f 1229/1229/1229 1230/1230/1230 1262/1262/1262
f 1262/1262/1262 1230/1230/1230 1261/1261/1261
f 1230/1230/1230 1231/1231/1231 1261/1261/1261
f 1261/1261/1261 1231/1231/1231 1260/1260/1260
f 1231/1231/1231 1232/1232/1232 1260/1260/1260
f 1260/1260/1260 1232/1232/1232 1259/1259/1259
f 1232/1232/1232 1233/1233/1233 1259/1259/1259
f 1259/1259/1259 1233/1233/1233 1258/1258/1258
f 1233/1233/1233 1234/1234/1234 1258/1258/1258
f 1258/1258/1258 1234/1234/1234 1257/1257/1257
f 1234/1234/1234 1235/1235/1235 1257/1257/1257
f 1257/1257/1257 1235/1235/1235 1256/1256/1256
f 1235/1235/1235 1236/1236/1236 1256/1256/1256
f 1256/1256/1256 1236/1236/1236 1255/1255/1255
f 1236/1236/1236 1237/1237/1237 1255/1255/1255
f 1255/1255/1255 1237/1237/1237 1254/1254/1254
f 1237/1237/1237 1238/1238/1238 1254/1254/1254
f 1254/1254/1254 1238/1238/1238 1253/1253/1253
f 1238/1238/1238 1239/1239/1239 1253/1253/1253
f 1253/1253/1253 1239/1239/1239 1252/1252/1252
f 1239/1239/1239 1240/1240/1240 1252/1252/1252
f 1252/1252/1252 1240/1240/1240 1251/1251/1251
f 1240/1240/1240 1241/1241/1241 1251/1251/1251
f 1251/1251/1251 1241/1241/1241 1250/1250/1250
f 1241/1241/1241 1242/1242/1242 1250/1250/1250
f 1250/1250/1250 1242/1242/1242 1249/1249/1249
f 1242/1242/1242 1243/1243/1243 1249/1249/1249
f 1249/1249/1249 1243/1243/1243 1248/1248/1248
f 1243/1243/1243 1244/1244/1244 1248/1248/1248
f 1248/1248/1248 1244/1244/1244 1247/1247/1247
f 1244/1244/1244 1245/1245/1245 1247/1247/1247
f 1247/1247/1247 1245/1245/1245 1246/1246/1246

# face 31
f 1311/1311/1311 1312/1312/1312 1318/1318/1318
f 1318/1318/1318 1312/1312/1312 1317/1317/1317
f 1313/1313/1313 1314/1314/1314 1312/1312/1312
f 1312/1312/1312 1314/1314/1314 1315/1315/1315
f 1312/1312/1312 1315/1315/1315 1317/1317/1317
f 1317/1317/1317 1315/1315/1315 1316/1316/1316

# face 32
f 1319/1319/1319 1320/1320/1320 1322/1322/1322
f 1322/1322/1322 1320/1320/1320 1321/1321/1321

# face 33
f 1323/1323/1323 1324/1324/1324 1366/1366/1366
f 1366/1366/1366 1324/1324/1324 1365/1365/1365
f 1324/1324/1324 1325/1325/1325 1365/1365/1365
f 1365/1365/1365 1325/1325/1325 1364/1364/1364
f 1325/1325/1325 1326/1326/1326 1364/1364/1364
f 1364/1364/1364 1326/1326/1326 1363/1363/1363
f 1326/1326/1326 1327/1327/1327 1363/1363/1363
f 1363/1363/1363 1327/1327/1327 1362/1362/1362
f 1327/1327/1327 1328/1328/1328 1362/1362/1362
f 1362/1362/1362 1328/1328/1328 1361/1361/1361
f 1328/1328/1328 1329/1329/1329 1361/1361/1361
f 1361/1361/1361 1329/1329/1329 1360/1360/1360
f 1329/1329/1329 1330/1330/1330 1360/1360/1360
f 1360/1360/1360 1330/1330/1330 1359/1359/1359
f 1330/1330/1330 1331/1331/1331 1359/1359/1359
f 1359/1359/1359 1331/1331/1331 1358/1358/1358
f 1331/1331/1331 1332/1332/1332 1358/1358/1358
f 1358/1358/1358 1332/1332/1332 1357/1357/1357
f 1332/1332/1332 1333/1333/1333 1357/1357/1357
f 1357/1357/1357 1333/1333/1333 1356/1356/1356
f 1333/1333/1333 1334/1334/1334 1356/1356/1356
f 1356/1356/1356 1334/1334/1334 1355/1355/1355
f 1334/1334/1334 1335/1335/1335 1355/1355/1355
f 1355/1355/1355 1335/1335/1335 1354/1354/1354
f 1354/1354/1354 1335/1335/1335 1353/1353/1353
f 1353/1353/1353 1335/1335/1335 1368/1368/1368
f 1367/1367/1367 1336/1336/1336 1337/1337/1337
f 1367/1367/1367 1337/1337/1337 1352/1352/1352
f 1352/1352/1352 1337/1337/1337 1338/1338/1338
f 1352/1352/1352 1338/1338/1338 1351/1351/1351
f 1351/1351/1351 1338/1338/1338 1339/1339/1339
f 1351/1351/1351 1339/1339/1339 1350/1350/1350
f 1350/1350/1350 1339/1339/1339 1340/1340/1340
f 1350/1350/1350 1340/1340/1340 1349/1349/1349
f 1349/1349/1349 1340/1340/1340 1341/1341/1341
f 1349/1349/1349 1341/1341/1341 1348/1348/1348
f 1348/1348/1348 1341/1341/1341 1342/1342/1342
f 1348/1348/1348 1342/1342/1342 1347/1347/1347
f 1347/1347/1347 1342/1342/1342 1343/1343/1343
f 1347/1347/1347 1343/1343/1343 1346/1346/1346
f 1346/1346/1346 1343/1343/1343 1344/1344/1344
f 1346/1346/1346 1344/1344/1344 1345/1345/1345

# face 34
f 1369/1369/1369 1370/1370/1370 1372/1372/1372
f 1372/1372/1372 1370/1370/1370 1371/1371/1371

# face 35
f 1373/1373/1373 1374/1374/1374 1464/1464/1464
f 1464/1464/1464 1374/1374/1374 1463/1463/1463
f 1374/1374/1374 1375/1375/1375 1463/1463/1463
f 1463/1463/1463 1375/1375/1375 1462/1462/1462
f 1375/1375/1375 1376/1376/1376 1462/1462/1462
f 1462/1462/1462 1376/1376/1376 1461/1461/1461
f 1376/1376/1376 1377/1377/1377 1461/1461/1461
f 1461/1461/1461 1377/1377/1377 1460/1460/1460
f 1377/1377/1377 1378/1378/1378 1460/1460/1460
f 1460/1460/1460 1378/1378/1378 1459/1459/1459
f 1378/1378/1378 1379/1379/1379 1459/1459/1459
f 1459/1459/1459 1379/1379/1379 1458/1458/1458
f 1379/1379/1379 1380/1380/1380 1458/1458/1458
f 1458/1458/1458 1380/1380/1380 1457/1457/1457
f 1380/1380/1380 1381/1381/1381 1457/1457/1457
f 1457/1457/1457 1381/1381/1381 1456/1456/1456
f 1381/1381/1381 1382/1382/1382 1456/1456/1456
f 1456/1456/1456 1382/1382/1382 1455/1455/1455
f 1382/1382/1382 1383/1383/1383 1455/1455/1455
f 1455/1455/1455 1383/1383/1383 1454/1454/1454
f 1383/1383/1383 1384/1384/1384 1454/1454/1454
f 1454/1454/1454 1384/1384/1384 1453/1453/1453
f 1384/1384/1384 1385/1385/1385 1453/1453/1453
f 1453/1453/1453 1385/1385/1385 1452/1452/1452
f 1385/1385/1385 1386/1386/1386 1452/1452/1452
f 1452/1452/1452 1386/1386/1386 1451/1451/1451
f 1386/1386/1386 1387/1387/1387 1451/1451/1451
f 1451/1451/1451 1387/1387/1387 1450/1450/1450
f 1387/1387/1387 1388/1388/1388 1450/1450/1450
f 1450/1450/1450 1388/1388/1388 1449/1449/1449
f 1388/1388/1388 1389/1389/1389 1449/1449/1449
f 1449/1449/1449 1389/1389/1389 1448/1448/1448
f 1389/1389/1389 1390/1390/1390 1448/1448/1448
f 1448/1448/1448 1390/1390/1390 1447/1447/1447
f 1390/1390/1390 1391/1391/1391 1447/1447/1447
f 1447/1447/1447 1391/1391/1391 1446/1446/1446
f 1391/1391/1391 1392/1392/1392 1446/1446/1446
f 1446/1446/1446 1392/1392/1392 1445/1445/1445
f 1392/1392/1392 1393/1393/1393 1445/1445/1445
f 1445/1445/1445 1393/1393/1393 1444/1444/1444
f 1393/1393/1393 1394/1394/1394 1444/1444/1444
f 1444/1444/1444 1394/1394/1394 1443/1443/1443
f 1394/1394/1394 1395/1395/1395 1443/1443/1443
f 1443/1443/1443 1395/1395/1395 1442/1442/1442
f 1395/1395/1395 1396/1396/1396 1442/1442/1442
f 1442/1442/1442 1396/1396/1396 1441/1441/1441
f 1396/1396/1396 1397/1397/1397 1441/1441/1441
f 1441/1441/1441 1397/1397/1397 1440/1440/1440
f 1397/1397/1397 1398/1398/1398 1440/1440/1440
f 1440/1440/1440 1398/1398/1398 1439/1439/1439
f 1398/1398/1398 1399/1399/1399 1439/1439/1439
f 1439/1439/1439 1399/1399/1399 1438/1438/1438
f 1399/1399/1399 1400/1400/1400 1438/1438/1438
f 1438/1438/1438 1400/1400/1400 1437/1437/1437
f 1400/1400/1400 1401/1401/1401 1437/1437/1437
f 1437/1437/1437 1401/1401/1401 1436/1436/1436
f 1401/1401/1401 1402/1402/1402 1436/1436/1436
f 1436/1436/1436 1402/1402/1402 1435/1435/1435
f 1402/1402/1402 1403/1403/1403 1435/1435/1435
f 1435/1435/1435 1403/1403/1403 1434/1434/1434
f 1403/1403/1403 1404/1404/1404 1434/1434/1434
f 1434/1434/1434 1404/1404/1404 1433/1433/1433
f 1404/1404/1404 1405/1405/1405 1433/1433/1433
f 1433/1433/1433 1405/1405/1405 1432/1432/1432
f 1405/1405/1405 1406/1406/1406 1432/1432/1432
f 1432/1432/1432 1406/1406/1406 1431/1431/1431
f 1406/1406/1406 1407/1407/1407 1431/1431/1431
f 1431/1431/1431 1407/1407/1407 1430/1430/1430
f 1407/1407/1407 1408/1408/1408 1430/1430/1430
f 1430/1430/1430 1408/1408/1408 1429/1429/1429
f 1408/1408/1408 1409/1409/1409 1429/1429/1429
f 1429/1429/1429 1409/1409/1409 1428/1428/1428
f 1409/1409/1409 1410/1410/1410 1428/1428/1428
f 1428/1428/1428 1410/1410/1410 1427/1427/1427
f 1410/1410/1410 1411/1411/1411 1427/1427/1427
f 1427/1427/1427 1411/1411/1411 1426/1426/1426
f 1426/1426/1426 1411/1411/1411 1425/1425/1425
f 1425/1425/1425 1411/1411/1411 1466/1466/1466
f 1465/1465/1465 1412/1412/1412 1413/1413/1413
f 1465/1465/1465 1413/1413/1413 1424/1424/1424
f 1424/1424/1424 1413/1413/1413 1414/1414/1414
f 1424/1424/1424 1414/1414/1414 1423/1423/1423
f 1423/1423/1423 1414/1414/1414 1415/1415/1415
f 1423/1423/1423 1415/1415/1415 1422/1422/1422
f 1422/1422/1422 1415/1415/1415 1416/1416/1416
f 1422/1422/1422 1416/1416/1416 1421/1421/1421
f 1421/1421/1421 1416/1416/1416 1417/1417/1417
f 1421/1421/1421 1417/1417/1417 1420/1420/1420
f 1420/1420/1420 1417/1417/1417 1418/1418/1418
f 1420/1420/1420 1418/1418/1418 1419/1419/1419

# face 36
f 1467/1467/1467 1468/1468/1468 1470/1470/1470
f 1470/1470/1470 1468/1468/1468 1469/1469/1469

# face 37
f 1471/1471/1471 1472/1472/1472 1514/1514/1514
f 1514/1514/1514 1472/1472/1472 1513/1513/1513
f 1472/1472/1472 1473/1473/1473 1513/1513/1513
f 1513/1513/1513 1473/1473/1473 1512/1512/1512
f 1473/1473/1473 1474/1474/1474 1512/1512/1512
f 1512/1512/1512 1474/1474/1474 1511/1511/1511
f 1474/1474/1474 1475/1475/1475 1511/1511/1511
f 1511/1511/1511 1475/1475/1475 1510/1510/1510
f 1475/1475/1475 1476/1476/1476 1510/1510/1510
f 1510/1510/1510 1476/1476/1476 1509/1509/1509
f 1476/1476/1476 1477/1477/1477 1509/1509/1509
f 1509/1509/1509 1477/1477/1477 1508/1508/1508
f 1477/1477/1477 1478/1478/1478 1508/1508/1508
f 1508/1508/1508 1478/1478/1478 1507/1507/1507
f 1478/1478/1478 1479/1479/1479 1507/1507/1507
f 1507/1507/1507 1479/1479/1479 1506/1506/1506
f 1506/1506/1506 1479/1479/1479 1505/1505/1505
f 1505/1505/1505 1479/1479/1479 1516/1516/1516
f 1515/1515/1515 1480/1480/1480 1481/1481/1481
f 1515/1515/1515 1481/1481/1481 1504/1504/1504
f 1504/1504/1504 1481/1481/1481 1482/1482/1482
f 1504/1504/1504 1482/1482/1482 1503/1503/1503
f 1503/1503/1503 1482/1482/1482 1483/1483/1483
f 1503/1503/1503 1483/1483/1483 1502/1502/1502
f 1502/1502/1502 1483/1483/1483 1484/1484/1484
f 1502/1502/1502 1484/1484/1484 1501/1501/1501
f 1501/1501/1501 1484/1484/1484 1485/1485/1485
f 1501/1501/1501 1485/1485/1485 1500/1500/1500
f 1500/1500/1500 1485/1485/1485 1486/1486/1486
f 1500/1500/1500 1486/1486/1486 1499/1499/1499
f 1499/1499/1499 1486/1486/1486 1487/1487/1487
f 1499/1499/1499 1487/1487/1487 1498/1498/1498
f 1498/1498/1498 1487/1487/1487 1488/1488/1488
f 1498/1498/1498 1488/1488/1488 1497/1497/1497
f 1497/1497/1497 1488/1488/1488 1489/1489/1489
f 1497/1497/1497 1489/1489/1489 1496/1496/1496
f 1496/1496/1496 1489/1489/1489 1490/1490/1490
f 1496/1496/1496 1490/1490/1490 1495/1495/1495
f 1495/1495/1495 1490/1490/1490 1491/1491/1491
f 1495/1495/1495 1491/1491/1491 1494/1494/1494
f 1494/1494/1494 1491/1491/1491 1492/1492/1492
f 1494/1494/1494 1492/1492/1492 1493/1493/1493

# face 38
f 1517/1517/1517 1518/1518/1518 1520/1520/1520
f 1520/1520/1520 1518/1518/1518 1519/1519/1519

# face 39
f 1521/1521/1521 1522/1522/1522 1554/1554/1554
f 1554/1554/1554 1522/1522/1522 1553/1553/1553
f 1522/1522/1522 1523/1523/1523 1553/1553/1553
f 1553/1553/1553 1523/1523/1523 1552/1552/1552
f 1523/1523/1523 1524/1524/1524 1552/1552/1552
f 1552/1552/1552 1524/1524/1524 1551/1551/1551
f 1551/1551/1551 1524/1524/1524 1550/1550/1550
f 1550/1550/1550 1524/1524/1524 1525/1525/1525
f 1550/1550/1550 1525/1525/1525 1526/1526/1526
f 1528/1528/1528 1547/1547/1547 1527/1527/1527
f 1527/1527/1527 1547/1547/1547 1555/1555/1555
f 1556/1556/1556 1548/1548/1548 1526/1526/1526
f 1526/1526/1526 1548/1548/1548 1549/1549/1549
f 1526/1526/1526 1549/1549/1549 1550/1550/1550
f 1528/1528/1528 1529/1529/1529 1547/1547/1547
f 1547/1547/1547 1529/1529/1529 1546/1546/1546
f 1529/1529/1529 1530/1530/1530 1546/1546/1546
f 1546/1546/1546 1530/1530/1530 1545/1545/1545
f 1545/1545/1545 1530/1530/1530 1544/1544/1544
f 1544/1544/1544 1530/1530/1530 1531/1531/1531
f 1544/1544/1544 1531/1531/1531 1532/1532/1532
f 1544/1544/1544 1532/1532/1532 1543/1543/1543
f 1543/1543/1543 1532/1532/1532 1533/1533/1533
f 1543/1543/1543 1533/1533/1533 1542/1542/1542
f 1542/1542/1542 1533/1533/1533 1534/1534/1534
f 1542/1542/1542 1534/1534/1534 1541/1541/1541
f 1541/1541/1541 1534/1534/1534 1540/1540/1540
f 1534/1534/1534 1535/1535/1535 1540/1540/1540
f 1540/1540/1540 1535/1535/1535 1536/1536/1536
f 1540/1540/1540 1536/1536/1536 1539/1539/1539
f 1539/1539/1539 1536/1536/1536 1537/1537/1537
f 1539/1539/1539 1537/1537/1537 1538/1538/1538

# face 40
f 1557/1557/1557 1558/1558/1558 1560/1560/1560
f 1560/1560/1560 1558/1558/1558 1559/1559/1559

# face 41
f 1561/1561/1561 1562/1562/1562 1564/1564/1564
f 1564/1564/1564 1562/1562/1562 1563/1563/1563

# face 42
f 1690/1690/1690 1565/1565/1565 1803/1803/1803
f 1803/1803/1803 1565/1565/1565 1566/1566/1566
f 1803/1803/1803 1566/1566/1566 1802/1802/1802
f 1802/1802/1802 1566/1566/1566 1567/1567/1567
f 1802/1802/1802 1567/1567/1567 1801/1801/1801
f 1801/1801/1801 1567/1567/1567 1800/1800/1800
f 1567/1567/1567 1568/1568/1568 1800/1800/1800
f 1800/1800/1800 1568/1568/1568 1569/1569/1569
f 1800/1800/1800 1569/1569/1569 1799/1799/1799
f 1799/1799/1799 1569/1569/1569 1570/1570/1570
f 1799/1799/1799 1570/1570/1570 1571/1571/1571
f 1799/1799/1799 1571/1571/1571 1798/1798/1798
f 1798/1798/1798 1571/1571/1571 1572/1572/1572
f 1798/1798/1798 1572/1572/1572 1797/1797/1797
f 1797/1797/1797 1572/1572/1572 1573/1573/1573
f 1797/1797/1797 1573/1573/1573 1796/1796/1796
f 1796/1796/1796 1573/1573/1573 1574/1574/1574
f 1796/1796/1796 1574/1574/1574 1795/1795/1795
f 1795/1795/1795 1574/1574/1574 1575/1575/1575
f 1795/1795/1795 1575/1575/1575 1794/1794/1794
f 1794/1794/1794 1575/1575/1575 1576/1576/1576
f 1794/1794/1794 1576/1576/1576 1793/1793/1793
f 1793/1793/1793 1576/1576/1576 1577/1577/1577
f 1793/1793/1793 1577/1577/1577 1578/1578/1578
f 1793/1793/1793 1578/1578/1578 1792/1792/1792
f 1792/1792/1792 1578/1578/1578 1579/1579/1579
f 1792/1792/1792 1579/1579/1579 1791/1791/1791
f 1791/1791/1791 1579/1579/1579 1580/1580/1580
f 1791/1791/1791 1580/1580/1580 1581/1581/1581
f 1791/1791/1791 1581/1581/1581 1790/1790/1790
f 1790/1790/1790 1581/1581/1581 1582/1582/1582
f 1790/1790/1790 1582/1582/1582 1789/1789/1789
f 1789/1789/1789 1582/1582/1582 1583/1583/1583
f 1789/1789/1789 1583/1583/1583 1788/1788/1788
f 1788/1788/1788 1583/1583/1583 1584/1584/1584
f 1788/1788/1788 1584/1584/1584 1787/1787/1787
f 1787/1787/1787 1584/1584/1584 1585/1585/1585
f 1787/1787/1787 1585/1585/1585 1586/1586/1586
f 1586/1586/1586 1587/1587/1587 1787/1787/1787
f 1787/1787/1787 1587/1587/1587 1786/1786/1786
f 1587/1587/1587 1588/1588/1588 1786/1786/1786
f 1786/1786/1786 1588/1588/1588 1785/1785/1785
f 1785/1785/1785 1588/1588/1588 1784/1784/1784
f 1784/1784/1784 1588/1588/1588 1589/1589/1589
f 1784/1784/1784 1589/1589/1589 1783/1783/1783
f 1783/1783/1783 1589/1589/1589 1590/1590/1590
f 1783/1783/1783 1590/1590/1590 1782/1782/1782
f 1782/1782/1782 1590/1590/1590 1591/1591/1591
f 1782/1782/1782 1591/1591/1591 1781/1781/1781
f 1781/1781/1781 1591/1591/1591 1592/1592/1592
f 1781/1781/1781 1592/1592/1592 1780/1780/1780
f 1780/1780/1780 1592/1592/1592 1593/1593/1593
f 1780/1780/1780 1593/1593/1593 1779/1779/1779
f 1779/1779/1779 1593/1593/1593 1594/1594/1594
f 1779/1779/1779 1594/1594/1594 1778/1778/1778
f 1778/1778/1778 1594/1594/1594 1595/1595/1595
f 1778/1778/1778 1595/1595/1595 1777/1777/1777
f 1777/1777/1777 1595/1595/1595 1596/1596/1596
f 1777/1777/1777 1596/1596/1596 1776/1776/1776
f 1776/1776/1776 1596/1596/1596 1597/1597/1597
f 1776/1776/1776 1597/1597/1597 1775/1775/1775
f 1775/1775/1775 1597/1597/1597 1598/1598/1598
f 1775/1775/1775 1598/1598/1598 1774/1774/1774
f 1774/1774/1774 1598/1598/1598 1599/1599/1599
f 1774/1774/1774 1599/1599/1599 1773/1773/1773
f 1773/1773/1773 1599/1599/1599 1772/1772/1772
f 1599/1599/1599 1600/1600/1600 1772/1772/1772
f 1772/1772/1772 1600/1600/1600 1771/1771/1771
f 1600/1600/1600 1601/1601/1601 1771/1771/1771
f 1771/1771/1771 1601/1601/1601 1770/1770/1770
f 1601/1601/1601 1602/1602/1602 1770/1770/1770
f 1770/1770/1770 1602/1602/1602 1769/1769/1769
f 1602/1602/1602 1603/1603/1603 1769/1769/1769
f 1769/1769/1769 1603/1603/1603 1768/1768/1768
f 1603/1603/1603 1604/1604/1604 1768/1768/1768
f 1768/1768/1768 1604/1604/1604 1767/1767/1767
f 1604/1604/1604 1605/1605/1605 1767/1767/1767
f 1767/1767/1767 1605/1605/1605 1766/1766/1766
f 1605/1605/1605 1606/1606/1606 1766/1766/1766
f 1766/1766/1766 1606/1606/1606 1607/1607/1607
f 1766/1766/1766 1607/1607/1607 1765/1765/1765
f 1765/1765/1765 1607/1607/1607 1764/1764/1764
f 1607/1607/1607 1608/1608/1608 1764/1764/1764
f 1764/1764/1764 1608/1608/1608 1763/1763/1763
f 1608/1608/1608 1609/1609/1609 1763/1763/1763
f 1763/1763/1763 1609/1609/1609 1762/1762/1762
f 1762/1762/1762 1609/1609/1609 1761/1761/1761
f 1761/1761/1761 1609/1609/1609 1610/1610/1610
f 1761/1761/1761 1610/1610/1610 1760/1760/1760
f 1760/1760/1760 1610/1610/1610 1611/1611/1611
f 1760/1760/1760 1611/1611/1611 1759/1759/1759
f 1759/1759/1759 1611/1611/1611 1758/1758/1758
f 1611/1611/1611 1612/1612/1612 1758/1758/1758
f 1758/1758/1758 1612/1612/1612 1757/1757/1757
f 1612/1612/1612 1613/1613/1613 1757/1757/1757
f 1757/1757/1757 1613/1613/1613 1756/1756/1756
f 1613/1613/1613 1614/1614/1614 1756/1756/1756
f 1756/1756/1756 1614/1614/1614 1755/1755/1755
f 1614/1614/1614 1615/1615/1615 1755/1755/1755
f 1755/1755/1755 1615/1615/1615 1754/1754/1754
f 1615/1615/1615 1616/1616/1616 1754/1754/1754
f 1754/1754/1754 1616/1616/1616 1753/1753/1753
f 1753/1753/1753 1616/1616/1616 1752/1752/1752
f 1752/1752/1752 1616/1616/1616 1617/1617/1617
f 1752/1752/1752 1617/1617/1617 1751/1751/1751
f 1751/1751/1751 1617/1617/1617 1618/1618/1618
f 1751/1751/1751 1618/1618/1618 1750/1750/1750
f 1750/1750/1750 1618/1618/1618 1619/1619/1619
f 1750/1750/1750 1619/1619/1619 1749/1749/1749
f 1749/1749/1749 1619/1619/1619 1620/1620/1620
f 1749/1749/1749 1620/1620/1620 1748/1748/1748
f 1748/1748/1748 1620/1620/1620 1747/1747/1747
f 1620/1620/1620 1621/1621/1621 1747/1747/1747
f 1747/1747/1747 1621/1621/1621 1746/1746/1746
f 1621/1621/1621 1622/1622/1622 1746/1746/1746
f 1746/1746/1746 1622/1622/1622 1745/1745/1745
f 1622/1622/1622 1623/1623/1623 1745/1745/1745
f 1745/1745/1745 1623/1623/1623 1744/1744/1744
f 1744/1744/1744 1623/1623/1623 1743/1743/1743
f 1743/1743/1743 1623/1623/1623 1624/1624/1624
f 1743/1743/1743 1624/1624/1624 1742/1742/1742
f 1742/1742/1742 1624/1624/1624 1625/1625/1625
f 1742/1742/1742 1625/1625/1625 1741/1741/1741
f 1741/1741/1741 1625/1625/1625 1626/1626/1626
f 1741/1741/1741 1626/1626/1626 1740/1740/1740
f 1740/1740/1740 1626/1626/1626 1627/1627/1627
f 1740/1740/1740 1627/1627/1627 1739/1739/1739
f 1739/1739/1739 1627/1627/1627 1738/1738/1738
f 1627/1627/1627 1628/1628/1628 1738/1738/1738
f 1738/1738/1738 1628/1628/1628 1737/1737/1737
f 1628/1628/1628 1629/1629/1629 1737/1737/1737
f 1737/1737/1737 1629/1629/1629 1736/1736/1736
f 1629/1629/1629 1630/1630/1630 1736/1736/1736
f 1736/1736/1736 1630/1630/1630 1735/1735/1735
f 1630/1630/1630 1631/1631/1631 1735/1735/1735
f 1735/1735/1735 1631/1631/1631 1734/1734/1734
f 1631/1631/1631 1632/1632/1632 1734/1734/1734
f 1734/1734/1734 1632/1632/1632 1733/1733/1733
f 1632/1632/1632 1633/1633/1633 1733/1733/1733
f 1733/1733/1733 1633/1633/1633 1732/1732/1732
f 1633/1633/1633 1634/1634/1634 1732/1732/1732
f 1732/1732/1732 1634/1634/1634 1731/1731/1731
f 1634/1634/1634 1635/1635/1635 1731/1731/1731
f 1731/1731/1731 1635/1635/1635 1730/1730/1730
f 1635/1635/1635 1636/1636/1636 1730/1730/1730
f 1730/1730/1730 1636/1636/1636 1729/1729/1729
f 1636/1636/1636 1637/1637/1637 1729/1729/1729
f 1729/1729/1729 1637/1637/1637 1728/1728/1728
f 1637/1637/1637 1638/1638/1638 1728/1728/1728
f 1728/1728/1728 1638/1638/1638 1727/1727/1727
f 1638/1638/1638 1639/1639/1639 1727/1727/1727
f 1727/1727/1727 1639/1639/1639 1726/1726/1726
f 1639/1639/1639 1640/1640/1640 1726/1726/1726
f 1726/1726/1726 1640/1640/1640 1725/1725/1725
f 1640/1640/1640 1641/1641/1641 1725/1725/1725
f 1725/1725/1725 1641/1641/1641 1724/1724/1724
f 1641/1641/1641 1642/1642/1642 1724/1724/1724
f 1724/1724/1724 1642/1642/1642 1723/1723/1723
f 1642/1642/1642 1643/1643/1643 1723/1723/1723
f 1723/1723/1723 1643/1643/1643 1722/1722/1722
f 1643/1643/1643 1644/1644/1644 1722/1722/1722
f 1722/1722/1722 1644/1644/1644 1721/1721/1721
f 1644/1644/1644 1645/1645/1645 1721/1721/1721
f 1721/1721/1721 1645/1645/1645 1720/1720/1720
f 1645/1645/1645 1646/1646/1646 1720/1720/1720
f 1720/1720/1720 1646/1646/1646 1719/1719/1719
f 1646/1646/1646 1647/1647/1647 1719/1719/1719
f 1719/1719/1719 1647/1647/1647 1718/1718/1718
f 1647/1647/1647 1648/1648/1648 1718/1718/1718
f 1718/1718/1718 1648/1648/1648 1717/1717/1717
f 1648/1648/1648 1649/1649/1649 1717/1717/1717
f 1717/1717/1717 1649/1649/1649 1716/1716/1716
f 1716/1716/1716 1649/1649/1649 1715/1715/1715
f 1715/1715/1715 1649/1649/1649 1650/1650/1650
f 1715/1715/1715 1650/1650/1650 1714/1714/1714
f 1714/1714/1714 1650/1650/1650 1651/1651/1651
f 1714/1714/1714 1651/1651/1651 1713/1713/1713
f 1713/1713/1713 1651/1651/1651 1652/1652/1652
f 1713/1713/1713 1652/1652/1652 1712/1712/1712
f 1712/1712/1712 1652/1652/1652 1653/1653/1653
f 1712/1712/1712 1653/1653/1653 1654/1654/1654
f 1712/1712/1712 1654/1654/1654 1711/1711/1711
f 1711/1711/1711 1654/1654/1654 1655/1655/1655
f 1711/1711/1711 1655/1655/1655 1710/1710/1710
f 1710/1710/1710 1655/1655/1655 1656/1656/1656
f 1710/1710/1710 1656/1656/1656 1709/1709/1709
f 1709/1709/1709 1656/1656/1656 1657/1657/1657
f 1709/1709/1709 1657/1657/1657 1708/1708/1708
f 1708/1708/1708 1657/1657/1657 1658/1658/1658
f 1708/1708/1708 1658/1658/1658 1707/1707/1707
f 1707/1707/1707 1658/1658/1658 1659/1659/1659
f 1707/1707/1707 1659/1659/1659 1706/1706/1706
f 1706/1706/1706 1659/1659/1659 1660/1660/1660
f 1706/1706/1706 1660/1660/1660 1705/1705/1705
f 1705/1705/1705 1660/1660/1660 1704/1704/1704
f 1660/1660/1660 1661/1661/1661 1704/1704/1704
f 1704/1704/1704 1661/1661/1661 1703/1703/1703
f 1661/1661/1661 1662/1662/1662 1703/1703/1703
f 1703/1703/1703 1662/1662/1662 1702/1702/1702
f 1662/1662/1662 1663/1663/1663 1702/1702/1702
f 1702/1702/1702 1663/1663/1663 1701/1701/1701
f 1663/1663/1663 1664/1664/1664 1701/1701/1701
f 1701/1701/1701 1664/1664/1664 1700/1700/1700
f 1664/1664/1664 1665/1665/1665 1700/1700/1700
f 1700/1700/1700 1665/1665/1665 1699/1699/1699
f 1665/1665/1665 1666/1666/1666 1699/1699/1699
f 1699/1699/1699 1666/1666/1666 1698/1698/1698
f 1666/1666/1666 1667/1667/1667 1698/1698/1698
f 1698/1698/1698 1667/1667/1667 1697/1697/1697
f 1667/1667/1667 1668/1668/1668 1697/1697/1697
f 1697/1697/1697 1668/1668/1668 1696/1696/1696
f 1668/1668/1668 1669/1669/1669 1696/1696/1696
f 1696/1696/1696 1669/1669/1669 1695/1695/1695
f 1669/1669/1669 1670/1670/1670 1695/1695/1695
f 1695/1695/1695 1670/1670/1670 1694/1694/1694
f 1670/1670/1670 1671/1671/1671 1694/1694/1694
f 1694/1694/1694 1671/1671/1671 1693/1693/1693
f 1693/1693/1693 1671/1671/1671 1692/1692/1692
f 1692/1692/1692 1671/1671/1671 1672/1672/1672
f 1692/1692/1692 1672/1672/1672 1691/1691/1691
f 1691/1691/1691 1672/1672/1672 1673/1673/1673
f 1691/1691/1691 1673/1673/1673 1674/1674/1674
f 1674/1674/1674 1675/1675/1675 1691/1691/1691
f 1691/1691/1691 1675/1675/1675 1815/1815/1815
f 1675/1675/1675 1676/1676/1676 1815/1815/1815
f 1815/1815/1815 1676/1676/1676 1814/1814/1814
f 1676/1676/1676 1677/1677/1677 1814/1814/1814
f 1814/1814/1814 1677/1677/1677 1813/1813/1813
f 1677/1677/1677 1678/1678/1678 1813/1813/1813
f 1813/1813/1813 1678/1678/1678 1812/1812/1812
f 1678/1678/1678 1679/1679/1679 1812/1812/1812
f 1812/1812/1812 1679/1679/1679 1680/1680/1680
f 1812/1812/1812 1680/1680/1680 1811/1811/1811
f 1811/1811/1811 1680/1680/1680 1681/1681/1681
f 1811/1811/1811 1681/1681/1681 1810/1810/1810
f 1810/1810/1810 1681/1681/1681 1682/1682/1682
f 1810/1810/1810 1682/1682/1682 1683/1683/1683
f 1810/1810/1810 1683/1683/1683 1809/1809/1809
f 1809/1809/1809 1683/1683/1683 1684/1684/1684
f 1809/1809/1809 1684/1684/1684 1808/1808/1808
f 1808/1808/1808 1684/1684/1684 1685/1685/1685
f 1808/1808/1808 1685/1685/1685 1807/1807/1807
f 1807/1807/1807 1685/1685/1685 1686/1686/1686
f 1807/1807/1807 1686/1686/1686 1806/1806/1806
f 1806/1806/1806 1686/1686/1686 1687/1687/1687
f 1806/1806/1806 1687/1687/1687 1805/1805/1805
f 1805/1805/1805 1687/1687/1687 1688/1688/1688
f 1805/1805/1805 1688/1688/1688 1804/1804/1804
f 1804/1804/1804 1688/1688/1688 1689/1689/1689
f 1804/1804/1804 1689/1689/1689 1690/1690/1690
f 1803/1803/1803 1804/1804/1804 1690/1690/1690

# face 43
f 1817/1817/1817 2038/2038/2038 1816/1816/1816
f 1816/1816/1816 2038/2038/2038 2039/2039/2039
f 1816/1816/1816 2039/2039/2039 2041/2041/2041
f 2041/2041/2041 2039/2039/2039 2040/2040/2040
f 1817/1817/1817 1818/1818/1818 2038/2038/2038
f 2038/2038/2038 1818/1818/1818 2037/2037/2037
f 1818/1818/1818 1819/1819/1819 2037/2037/2037
f 2037/2037/2037 1819/1819/1819 1820/1820/1820
f 2037/2037/2037 1820/1820/1820 2036/2036/2036
f 2036/2036/2036 1820/1820/1820 1821/1821/1821
f 2036/2036/2036 1821/1821/1821 2035/2035/2035
f 2035/2035/2035 1821/1821/1821 1822/1822/1822
f 2035/2035/2035 1822/1822/1822 1823/1823/1823
f 2035/2035/2035 1823/1823/1823 2034/2034/2034
f 2034/2034/2034 1823/1823/1823 1824/1824/1824
f 2034/2034/2034 1824/1824/1824 2033/2033/2033
f 2033/2033/2033 1824/1824/1824 1825/1825/1825
f 2033/2033/2033 1825/1825/1825 2032/2032/2032
f 2032/2032/2032 1825/1825/1825 1826/1826/1826
f 2032/2032/2032 1826/1826/1826 2031/2031/2031
f 2031/2031/2031 1826/1826/1826 1827/1827/1827
f 2031/2031/2031 1827/1827/1827 2030/2030/2030
f 2030/2030/2030 1827/1827/1827 1828/1828/1828
f 2030/2030/2030 1828/1828/1828 1829/1829/1829
f 2030/2030/2030 1829/1829/1829 2029/2029/2029
f 2029/2029/2029 1829/1829/1829 1830/1830/1830
f 2029/2029/2029 1830/1830/1830 2028/2028/2028
f 2028/2028/2028 1830/1830/1830 1831/1831/1831
f 2028/2028/2028 1831/1831/1831 2027/2027/2027
f 2027/2027/2027 1831/1831/1831 1832/1832/1832
f 2027/2027/2027 1832/1832/1832 2026/2026/2026
f 2026/2026/2026 1832/1832/1832 1833/1833/1833
f 2026/2026/2026 1833/1833/1833 1834/1834/1834
f 2026/2026/2026 1834/1834/1834 2025/2025/2025
f 2025/2025/2025 1834/1834/1834 1835/1835/1835
f 2025/2025/2025 1835/1835/1835 2024/2024/2024
f 2024/2024/2024 1835/1835/1835 1836/1836/1836
f 2024/2024/2024 1836/1836/1836 2023/2023/2023
f 2023/2023/2023 1836/1836/1836 1837/1837/1837
f 2023/2023/2023 1837/1837/1837 1838/1838/1838
f 2023/2023/2023 1838/1838/1838 2022/2022/2022
f 2022/2022/2022 1838/1838/1838 1839/1839/1839
f 2022/2022/2022 1839/1839/1839 2021/2021/2021
f 2021/2021/2021 1839/1839/1839 1840/1840/1840
f 2021/2021/2021 1840/1840/1840 2020/2020/2020
f 2020/2020/2020 1840/1840/1840 1841/1841/1841
f 2020/2020/2020 1841/1841/1841 2019/2019/2019
f 2019/2019/2019 1841/1841/1841 1842/1842/1842
f 2019/2019/2019 1842/1842/1842 1843/1843/1843
f 2019/2019/2019 1843/1843/1843 2018/2018/2018
f 2018/2018/2018 1843/1843/1843 1844/1844/1844
f 2018/2018/2018 1844/1844/1844 2017/2017/2017
f 2017/2017/2017 1844/1844/1844 1845/1845/1845
f 2017/2017/2017 1845/1845/1845 1846/1846/1846
f 2017/2017/2017 1846/1846/1846 2016/2016/2016
f 2016/2016/2016 1846/1846/1846 1847/1847/1847
f 2016/2016/2016 1847/1847/1847 1848/1848/1848
f 2016/2016/2016 1848/1848/1848 2015/2015/2015
f 2015/2015/2015 1848/1848/1848 1849/1849/1849
f 2015/2015/2015 1849/1849/1849 1850/1850/1850
f 2015/2015/2015 1850/1850/1850 2014/2014/2014
f 2014/2014/2014 1850/1850/1850 1851/1851/1851
f 2014/2014/2014 1851/1851/1851 1852/1852/1852
f 2014/2014/2014 1852/1852/1852 2013/2013/2013
f 2013/2013/2013 1852/1852/1852 1853/1853/1853
f 2013/2013/2013 1853/1853/1853 1854/1854/1854
f 2013/2013/2013 1854/1854/1854 2012/2012/2012
f 2012/2012/2012 1854/1854/1854 1855/1855/1855
f 2012/2012/2012 1855/1855/1855 1856/1856/1856
f 2012/2012/2012 1856/1856/1856 2011/2011/2011
f 2011/2011/2011 1856/1856/1856 1857/1857/1857
f 2011/2011/2011 1857/1857/1857 1858/1858/1858
f 2011/2011/2011 1858/1858/1858 2010/2010/2010
f 2010/2010/2010 1858/1858/1858 1859/1859/1859
f 2010/2010/2010 1859/1859/1859 1860/1860/1860
f 2010/2010/2010 1860/1860/1860 2009/2009/2009
f 2009/2009/2009 1860/1860/1860 1861/1861/1861
f 2009/2009/2009 1861/1861/1861 1862/1862/1862
f 2009/2009/2009 1862/1862/1862 2008/2008/2008
f 2008/2008/2008 1862/1862/1862 1863/1863/1863
f 2008/2008/2008 1863/1863/1863 1864/1864/1864
f 2008/2008/2008 1864/1864/1864 2007/2007/2007
f 2007/2007/2007 1864/1864/1864 1865/1865/1865
f 2007/2007/2007 1865/1865/1865 1866/1866/1866
f 2007/2007/2007 1866/1866/1866 2006/2006/2006
f 2006/2006/2006 1866/1866/1866 1867/1867/1867
f 2006/2006/2006 1867/1867/1867 1868/1868/1868
f 2006/2006/2006 1868/1868/1868 2005/2005/2005
f 2005/2005/2005 1868/1868/1868 1869/1869/1869
f 2005/2005/2005 1869/1869/1869 1870/1870/1870
f 2005/2005/2005 1870/1870/1870 2004/2004/2004
f 2004/2004/2004 1870/1870/1870 1871/1871/1871
f 2004/2004/2004 1871/1871/1871 1872/1872/1872
f 1872/1872/1872 1873/1873/1873 2004/2004/2004
f 2004/2004/2004 1873/1873/1873 2003/2003/2003
f 1873/1873/1873 1874/1874/1874 2003/2003/2003
f 2003/2003/2003 1874/1874/1874 1875/1875/1875
f 2003/2003/2003 1875/1875/1875 2002/2002/2002
f 2002/2002/2002 1875/1875/1875 1876/1876/1876
f 2002/2002/2002 1876/1876/1876 1877/1877/1877
f 2002/2002/2002 1877/1877/1877 2001/2001/2001
f 2001/2001/2001 1877/1877/1877 1878/1878/1878
f 2001/2001/2001 1878/1878/1878 1879/1879/1879
f 2001/2001/2001 1879/1879/1879 2000/2000/2000
f 2000/2000/2000 1879/1879/1879 1880/1880/1880
f 2000/2000/2000 1880/1880/1880 1881/1881/1881
f 2000/2000/2000 1881/1881/1881 1999/1999/1999
f 1999/1999/1999 1881/1881/1881 1882/1882/1882
f 1999/1999/1999 1882/1882/1882 1883/1883/1883
f 1999/1999/1999 1883/1883/1883 1998/1998/1998
f 1998/1998/1998 1883/1883/1883 1884/1884/1884
f 1998/1998/1998 1884/1884/1884 1885/1885/1885
f 1998/1998/1998 1885/1885/1885 1997/1997/1997
f 1997/1997/1997 1885/1885/1885 1886/1886/1886
f 1997/1997/1997 1886/1886/1886 1996/1996/1996
f 1996/1996/1996 1886/1886/1886 1887/1887/1887
f 1996/1996/1996 1887/1887/1887 1995/1995/1995
f 1995/1995/1995 1887/1887/1887 1888/1888/1888
f 1995/1995/1995 1888/1888/1888 1994/1994/1994
f 1994/1994/1994 1888/1888/1888 1992/1992/1992
f 1994/1994/1994 1992/1992/1992 1993/1993/1993
f 1992/1992/1992 1888/1888/1888 1991/1991/1991
f 1991/1991/1991 1888/1888/1888 1889/1889/1889
f 1991/1991/1991 1889/1889/1889 1990/1990/1990
f 1990/1990/1990 1889/1889/1889 1890/1890/1890
f 1990/1990/1990 1890/1890/1890 1989/1989/1989
f 1989/1989/1989 1890/1890/1890 1891/1891/1891
f 1989/1989/1989 1891/1891/1891 1988/1988/1988
f 1988/1988/1988 1891/1891/1891 1892/1892/1892
f 1988/1988/1988 1892/1892/1892 1893/1893/1893
f 1988/1988/1988 1893/1893/1893 1987/1987/1987
f 1987/1987/1987 1893/1893/1893 1894/1894/1894
f 1987/1987/1987 1894/1894/1894 1986/1986/1986
f 1986/1986/1986 1894/1894/1894 1895/1895/1895
f 1986/1986/1986 1895/1895/1895 1985/1985/1985
f 1985/1985/1985 1895/1895/1895 1896/1896/1896
f 1985/1985/1985 1896/1896/1896 1984/1984/1984
f 1984/1984/1984 1896/1896/1896 1897/1897/1897
f 1984/1984/1984 1897/1897/1897 1898/1898/1898
f 1984/1984/1984 1898/1898/1898 1983/1983/1983
f 1983/1983/1983 1898/1898/1898 1899/1899/1899
f 1983/1983/1983 1899/1899/1899 1982/1982/1982
f 1982/1982/1982 1899/1899/1899 1900/1900/1900
f 1982/1982/1982 1900/1900/1900 1981/1981/1981
f 1981/1981/1981 1900/1900/1900 1901/1901/1901
f 1981/1981/1981 1901/1901/1901 1980/1980/1980
f 1980/1980/1980 1901/1901/1901 1902/1902/1902
f 1980/1980/1980 1902/1902/1902 1979/1979/1979
f 1979/1979/1979 1902/1902/1902 1903/1903/1903
f 1979/1979/1979 1903/1903/1903 1904/1904/1904
f 1979/1979/1979 1904/1904/1904 1978/1978/1978
f 1978/1978/1978 1904/1904/1904 1905/1905/1905
f 1978/1978/1978 1905/1905/1905 1977/1977/1977
f 1977/1977/1977 1905/1905/1905 1906/1906/1906
f 1977/1977/1977 1906/1906/1906 1976/1976/1976
f 1976/1976/1976 1906/1906/1906 1907/1907/1907
f 1976/1976/1976 1907/1907/1907 1975/1975/1975
f 1975/1975/1975 1907/1907/1907 1969/1969/1969
f 1975/1975/1975 1969/1969/1969 1974/1974/1974
f 1974/1974/1974 1969/1969/1969 1970/1970/1970
f 1974/1974/1974 1970/1970/1970 1971/1971/1971
f 1911/1911/1911 1964/1964/1964 1910/1910/1910
f 1910/1910/1910 1964/1964/1964 1965/1965/1965
f 1910/1910/1910 1965/1965/1965 1909/1909/1909
f 1909/1909/1909 1965/1965/1965 1966/1966/1966
f 1909/1909/1909 1966/1966/1966 1908/1908/1908
f 1908/1908/1908 1966/1966/1966 1967/1967/1967
f 1908/1908/1908 1967/1967/1967 1907/1907/1907
f 1907/1907/1907 1967/1967/1967 1968/1968/1968
f 1907/1907/1907 1968/1968/1968 1969/1969/1969
f 1911/1911/1911 1912/1912/1912 1964/1964/1964
f 1964/1964/1964 1912/1912/1912 1963/1963/1963
f 1912/1912/1912 1913/1913/1913 1963/1963/1963
f 1963/1963/1963 1913/1913/1913 1962/1962/1962
f 1913/1913/1913 1914/1914/1914 1962/1962/1962
f 1962/1962/1962 1914/1914/1914 1961/1961/1961
f 1914/1914/1914 1915/1915/1915 1961/1961/1961
f 1961/1961/1961 1915/1915/1915 1960/1960/1960
f 1915/1915/1915 1916/1916/1916 1960/1960/1960
f 1960/1960/1960 1916/1916/1916 1959/1959/1959
f 1916/1916/1916 1917/1917/1917 1959/1959/1959
f 1959/1959/1959 1917/1917/1917 1958/1958/1958
f 1917/1917/1917 1918/1918/1918 1958/1958/1958
f 1958/1958/1958 1918/1918/1918 1957/1957/1957
f 1918/1918/1918 1919/1919/1919 1957/1957/1957
f 1957/1957/1957 1919/1919/1919 1956/1956/1956
f 1920/1920/1920 1954/1954/1954 1919/1919/1919
f 1919/1919/1919 1954/1954/1954 1955/1955/1955
f 1919/1919/1919 1955/1955/1955 1956/1956/1956
f 1920/1920/1920 1921/1921/1921 1954/1954/1954
f 1954/1954/1954 1921/1921/1921 1953/1953/1953
f 1921/1921/1921 1922/1922/1922 1953/1953/1953
f 1953/1953/1953 1922/1922/1922 2078/2078/2078
f 1930/1930/1930 2069/2069/2069 1929/1929/1929
f 1929/1929/1929 2069/2069/2069 2070/2070/2070
f 1929/1929/1929 2070/2070/2070 1928/1928/1928
f 1928/1928/1928 2070/2070/2070 2071/2071/2071
f 1928/1928/1928 2071/2071/2071 1927/1927/1927
f 1927/1927/1927 2071/2071/2071 2072/2072/2072
f 1927/1927/1927 2072/2072/2072 1926/1926/1926
f 1926/1926/1926 2072/2072/2072 2073/2073/2073
f 1926/1926/1926 2073/2073/2073 1925/1925/1925
f 1925/1925/1925 2073/2073/2073 2074/2074/2074
f 1925/1925/1925 2074/2074/2074 1924/1924/1924
f 1924/1924/1924 2074/2074/2074 2075/2075/2075
f 1924/1924/1924 2075/2075/2075 1923/1923/1923
f 1923/1923/1923 2075/2075/2075 2076/2076/2076
f 1923/1923/1923 2076/2076/2076 1922/1922/1922
f 1922/1922/1922 2076/2076/2076 2077/2077/2077
f 1922/1922/1922 2077/2077/2077 2078/2078/2078
f 1930/1930/1930 1931/1931/1931 2069/2069/2069
f 2069/2069/2069 1931/1931/1931 2068/2068/2068
f 1931/1931/1931 1932/1932/1932 2068/2068/2068
f 2068/2068/2068 1932/1932/1932 2067/2067/2067
f 1932/1932/1932 1933/1933/1933 2067/2067/2067
f 2067/2067/2067 1933/1933/1933 2066/2066/2066
f 1933/1933/1933 1934/1934/1934 2066/2066/2066
f 2066/2066/2066 1934/1934/1934 2065/2065/2065
f 1938/1938/1938 2054/2054/2054 1937/1937/1937
f 1937/1937/1937 2054/2054/2054 2055/2055/2055
f 1937/1937/1937 2055/2055/2055 1936/1936/1936
f 1936/1936/1936 2055/2055/2055 2056/2056/2056
f 1936/1936/1936 2056/2056/2056 1935/1935/1935
f 1935/1935/1935 2056/2056/2056 2057/2057/2057
f 1935/1935/1935 2057/2057/2057 1934/1934/1934
f 1934/1934/1934 2057/2057/2057 2058/2058/2058
f 1934/1934/1934 2058/2058/2058 2064/2064/2064
f 2064/2064/2064 2058/2058/2058 2059/2059/2059
f 2064/2064/2064 2059/2059/2059 2063/2063/2063
f 2063/2063/2063 2059/2059/2059 2062/2062/2062
f 1938/1938/1938 1939/1939/1939 2054/2054/2054
f 2054/2054/2054 1939/1939/1939 2053/2053/2053
f 1939/1939/1939 1940/1940/1940 2053/2053/2053
f 2053/2053/2053 1940/1940/1940 2052/2052/2052
f 1940/1940/1940 1941/1941/1941 2052/2052/2052
f 2052/2052/2052 1941/1941/1941 2051/2051/2051
f 1941/1941/1941 1942/1942/1942 2051/2051/2051
f 2051/2051/2051 1942/1942/1942 2050/2050/2050
f 1942/1942/1942 1943/1943/1943 2050/2050/2050
f 2050/2050/2050 1943/1943/1943 2049/2049/2049
f 1943/1943/1943 1944/1944/1944 2049/2049/2049
f 2049/2049/2049 1944/1944/1944 1945/1945/1945
f 2049/2049/2049 1945/1945/1945 2048/2048/2048
f 2048/2048/2048 1945/1945/1945 1946/1946/1946
f 2048/2048/2048 1946/1946/1946 2047/2047/2047
f 2047/2047/2047 1946/1946/1946 1947/1947/1947
f 2047/2047/2047 1947/1947/1947 2046/2046/2046
f 2046/2046/2046 1947/1947/1947 1948/1948/1948
f 2046/2046/2046 1948/1948/1948 2045/2045/2045
f 2045/2045/2045 1948/1948/1948 1949/1949/1949
f 2045/2045/2045 1949/1949/1949 1950/1950/1950
f 2045/2045/2045 1950/1950/1950 2044/2044/2044
f 2044/2044/2044 1950/1950/1950 1951/1951/1951
f 2044/2044/2044 1951/1951/1951 2043/2043/2043
f 2043/2043/2043 1951/1951/1951 1952/1952/1952
f 2043/2043/2043 1952/1952/1952 2042/2042/2042
f 2042/2042/2042 1952/1952/1952 1816/1816/1816
f 2042/2042/2042 1816/1816/1816 2041/2041/2041
f 1972/1972/1972 1973/1973/1973 1971/1971/1971
f 1971/1971/1971 1973/1973/1973 1974/1974/1974
f 2059/2059/2059 2060/2060/2060 2062/2062/2062
f 2062/2062/2062 2060/2060/2060 2061/2061/2061
f 2064/2064/2064 2065/2065/2065 1934/1934/1934
